[2025-08-29 01:55:44] [SUCCESS] [regenerate_start] User: admin | Pré-matrícula ID: 139 | Details: Iniciando regeneração de credenciais
[2025-08-29 01:55:45] [SUCCESS] [update_password] User: admin | Details: Senha atualizada para usuário ID 99
[2025-08-29 01:55:47] [SUCCESS] [regenerate_success] User: admin | Pré-matrícula ID: 139 | Details: Credenciais regeneradas para usuário existente: maurocarlosti
[2025-08-29 01:57:25] [SUCCESS] [credentials_resent] User: admin | Pré-matrícula ID: 139 | Details: Credenciais reenviadas para maurocarlos.ti@gmail.com
[2025-08-29 01:58:38] [SUCCESS] [credentials_resent] User: admin | Pré-matrícula ID: 139 | Details: Credenciais reenviadas para maurocarlos.ti@gmail.com
[2025-08-29 02:01:00] [SUCCESS] [export_credentials] User: admin | Details: Exportados 1 registros de credenciais
[2025-08-29 02:03:59] [SUCCESS] [create_user_start] User: admin | Pré-matrícula ID: 140 | Details: Iniciando criação para diego2008tuc@gmail.com no polo ava
[2025-08-29 02:03:59] [SUCCESS] [creating_user] User: admin | Pré-matrícula ID: 140 | Details: Criando usuário: diego2008tuc
[2025-08-29 02:03:59] [ERROR] [user_creation_error] User: admin | Pré-matrícula ID: 140 | Details: Erro ao criar usuário no Moodle: Erro da API Moodle: Valor inválido de parâmetro detectado
[2025-08-29 02:03:59] [ERROR] [approval_partial] User: admin | Pré-matrícula ID: 140 | Details: Aprovação com erro no Moodle: Erro ao criar usuário no Moodle: Erro da API Moodle: Valor inválido de parâmetro detectado
[2025-08-29 13:27:01] [SUCCESS] [create_user_start] User: admin | Pré-matrícula ID: 142 | Details: Iniciando criação para luizhribeirop@gmail.com no polo ava
[2025-08-29 13:27:02] [SUCCESS] [creating_user] User: admin | Pré-matrícula ID: 142 | Details: Criando usuário: luizhribeirop
[2025-08-29 13:27:02] [ERROR] [user_creation_error] User: admin | Pré-matrícula ID: 142 | Details: Erro ao criar usuário no Moodle: Erro da API Moodle: Valor inválido de parâmetro detectado
[2025-08-29 13:27:02] [ERROR] [approval_partial] User: admin | Pré-matrícula ID: 142 | Details: Aprovação com erro no Moodle: Erro ao criar usuário no Moodle: Erro da API Moodle: Valor inválido de parâmetro detectado
[2025-08-29 13:31:02] [SUCCESS] [regenerate_start] User: admin | Pré-matrícula ID: 142 | Details: Iniciando regeneração de credenciais
[2025-08-29 13:31:02] [SUCCESS] [create_user_start] User: admin | Pré-matrícula ID: 142 | Details: Iniciando criação para luizhribeirop@gmail.com no polo ava
[2025-08-29 13:31:02] [SUCCESS] [creating_user] User: admin | Pré-matrícula ID: 142 | Details: Criando usuário: luizhribeirop
[2025-08-29 13:31:02] [ERROR] [user_creation_error] User: admin | Pré-matrícula ID: 142 | Details: Erro ao criar usuário no Moodle: Erro da API Moodle: Valor inválido de parâmetro detectado
[2025-08-29 14:45:08] [SUCCESS] [create_user_start] User: admin | Pré-matrícula ID: 143 | Details: Iniciando criação para suellybandeira99@gmail.com no polo ava
[2025-08-29 14:45:08] [SUCCESS] [creating_user] User: admin | Pré-matrícula ID: 143 | Details: Criando usuário: suellybandeira99
[2025-08-29 14:45:08] [ERROR] [user_creation_error] User: admin | Pré-matrícula ID: 143 | Details: Erro ao criar usuário no Moodle: Erro da API Moodle: Valor inválido de parâmetro detectado
[2025-08-29 14:45:08] [ERROR] [approval_partial] User: admin | Pré-matrícula ID: 143 | Details: Aprovação com erro no Moodle: Erro ao criar usuário no Moodle: Erro da API Moodle: Valor inválido de parâmetro detectado
[2025-08-29 15:48:49] [SUCCESS] [create_user_start] User: admin | Pré-matrícula ID: 144 | Details: Iniciando criação para maurocarlos.ti@gmail.com no polo ava
[2025-08-29 15:48:49] [SUCCESS] [creating_user] User: admin | Pré-matrícula ID: 144 | Details: Criando usuário: maurocarlosti
[2025-08-29 15:48:49] [ERROR] [user_creation_error] User: admin | Pré-matrícula ID: 144 | Details: Erro ao criar usuário no Moodle: Erro da API Moodle: Valor inválido de parâmetro detectado
[2025-08-29 15:48:49] [ERROR] [approval_partial] User: admin | Pré-matrícula ID: 144 | Details: Aprovação com erro no Moodle: Erro ao criar usuário no Moodle: Erro da API Moodle: Valor inválido de parâmetro detectado
[2025-08-29 15:49:03] [SUCCESS] [regenerate_start] User: admin | Pré-matrícula ID: 144 | Details: Iniciando regeneração de credenciais
[2025-08-29 15:49:03] [SUCCESS] [create_user_start] User: admin | Pré-matrícula ID: 144 | Details: Iniciando criação para maurocarlos.ti@gmail.com no polo ava
[2025-08-29 15:49:03] [SUCCESS] [creating_user] User: admin | Pré-matrícula ID: 144 | Details: Criando usuário: maurocarlosti
[2025-08-29 15:49:03] [ERROR] [user_creation_error] User: admin | Pré-matrícula ID: 144 | Details: Erro ao criar usuário no Moodle: Erro da API Moodle: Valor inválido de parâmetro detectado
[2025-08-29 15:49:11] [SUCCESS] [regenerate_start] User: admin | Pré-matrícula ID: 144 | Details: Iniciando regeneração de credenciais
[2025-08-29 15:49:11] [SUCCESS] [create_user_start] User: admin | Pré-matrícula ID: 144 | Details: Iniciando criação para maurocarlos.ti@gmail.com no polo ava
[2025-08-29 15:49:11] [SUCCESS] [creating_user] User: admin | Pré-matrícula ID: 144 | Details: Criando usuário: maurocarlosti
[2025-08-29 15:49:11] [ERROR] [user_creation_error] User: admin | Pré-matrícula ID: 144 | Details: Erro ao criar usuário no Moodle: Erro da API Moodle: Valor inválido de parâmetro detectado
[2025-08-29 16:11:18] [SUCCESS] [create_user_start] User: admin | Pré-matrícula ID: 144 | Details: Iniciando para maurocarlos.ti@gmail.com no polo ava
[2025-08-29 16:11:18] [SUCCESS] [creating_new_user] User: admin | Pré-matrícula ID: 144 | Details: Criando usuário: maurocarlosti
[2025-08-29 16:11:18] [SUCCESS] [moodle_create_minimal] User: admin | Details: Tentando criar usuário mínimo: maurocarlosti | maurocarlos.ti@gmail.com
[2025-08-29 16:11:18] [SUCCESS] [moodle_create_success] User: admin | Details: Usuário criado: maurocarlosti (ID: 106)
[2025-08-29 16:11:20] [SUCCESS] [credentials_saved] User: admin | Pré-matrícula ID: 144 | Details: Credenciais salvas: maurocarlosti
[2025-08-29 16:11:23] [SUCCESS] [approval_complete] User: admin | Pré-matrícula ID: 144 | Details: Pré-matrícula aprovada e usuário criado: maurocarlosti
[2025-08-29 16:12:46] [SUCCESS] [create_user_start] User: admin | Pré-matrícula ID: 144 | Details: Iniciando para maurocarlos.ti@gmail.com no polo ava
[2025-08-29 16:12:46] [SUCCESS] [update_password] User: admin | Details: Senha atualizada para usuário ID 106
[2025-08-29 16:12:46] [SUCCESS] [user_exists] User: admin | Pré-matrícula ID: 144 | Details: Reutilizando usuário: maurocarlosti (ID: 106)
[2025-08-29 16:12:48] [SUCCESS] [credentials_saved] User: admin | Pré-matrícula ID: 144 | Details: Credenciais salvas: maurocarlosti
[2025-08-29 16:12:51] [SUCCESS] [approval_complete] User: admin | Pré-matrícula ID: 144 | Details: Pré-matrícula aprovada e usuário criado: maurocarlosti
[2025-08-29 16:12:56] [SUCCESS] [create_user_start] User: admin | Pré-matrícula ID: 143 | Details: Iniciando para suellybandeira99@gmail.com no polo ava
[2025-08-29 16:12:56] [SUCCESS] [creating_new_user] User: admin | Pré-matrícula ID: 143 | Details: Criando usuário: suellybandeira99
[2025-08-29 16:12:56] [SUCCESS] [moodle_create_minimal] User: admin | Details: Tentando criar usuário mínimo: suellybandeira99 | suellybandeira99@gmail.com
[2025-08-29 16:12:56] [SUCCESS] [moodle_create_success] User: admin | Details: Usuário criado: suellybandeira99 (ID: 107)
[2025-08-29 16:12:57] [SUCCESS] [credentials_saved] User: admin | Pré-matrícula ID: 143 | Details: Credenciais salvas: suellybandeira99
[2025-08-29 16:13:00] [SUCCESS] [approval_complete] User: admin | Pré-matrícula ID: 143 | Details: Pré-matrícula aprovada e usuário criado: suellybandeira99
[2025-08-29 16:13:10] [SUCCESS] [regenerate_start] User: admin | Pré-matrícula ID: 142 | Details: Iniciando regeneração de credenciais
[2025-08-29 16:13:11] [SUCCESS] [create_user_start] User: admin | Pré-matrícula ID: 142 | Details: Iniciando para luizhribeirop@gmail.com no polo ava
[2025-08-29 16:13:11] [SUCCESS] [creating_new_user] User: admin | Pré-matrícula ID: 142 | Details: Criando usuário: luizhribeirop
[2025-08-29 16:13:11] [SUCCESS] [moodle_create_minimal] User: admin | Details: Tentando criar usuário mínimo: luizhribeirop | luizhribeirop@gmail.com
[2025-08-29 16:13:11] [SUCCESS] [moodle_create_success] User: admin | Details: Usuário criado: luizhribeirop (ID: 108)
[2025-08-29 16:13:12] [SUCCESS] [credentials_saved] User: admin | Pré-matrícula ID: 142 | Details: Credenciais salvas: luizhribeirop
[2025-08-29 16:13:12] [SUCCESS] [regenerate_created] User: admin | Pré-matrícula ID: 142 | Details: Novo usuário criado durante regeneração: luizhribeirop
[2025-08-29 16:14:30] [SUCCESS] [regenerate_start] User: admin | Pré-matrícula ID: 140 | Details: Iniciando regeneração de credenciais
[2025-08-29 16:14:31] [SUCCESS] [create_user_start] User: admin | Pré-matrícula ID: 140 | Details: Iniciando para diego2008tuc@gmail.com no polo ava
[2025-08-29 16:14:31] [SUCCESS] [creating_new_user] User: admin | Pré-matrícula ID: 140 | Details: Criando usuário: diego2008tuc
[2025-08-29 16:14:31] [SUCCESS] [moodle_create_minimal] User: admin | Details: Tentando criar usuário mínimo: diego2008tuc | diego2008tuc@gmail.com
[2025-08-29 16:14:31] [SUCCESS] [moodle_create_success] User: admin | Details: Usuário criado: diego2008tuc (ID: 109)
[2025-08-29 16:14:32] [SUCCESS] [credentials_saved] User: admin | Pré-matrícula ID: 140 | Details: Credenciais salvas: diego2008tuc
[2025-08-29 16:14:32] [SUCCESS] [regenerate_created] User: admin | Pré-matrícula ID: 140 | Details: Novo usuário criado durante regeneração: diego2008tuc
[2025-08-29 17:40:21] [SUCCESS] [credentials_resent] User: admin | Pré-matrícula ID: 142 | Details: Credenciais reenviadas para luizhribeirop@gmail.com
[2025-08-29 21:28:00] [SUCCESS] [create_user_start] User: admin | Pré-matrícula ID: 145 | Details: Iniciando para maurocarlos.ti@gmail.com no polo ava
[2025-08-29 21:28:00] [SUCCESS] [creating_new_user] User: admin | Pré-matrícula ID: 145 | Details: Criando usuário: maurocarlosti
[2025-08-29 21:28:00] [SUCCESS] [moodle_create_user_attempt] User: admin | Details: Criando usuário: maurocarlosti para email: maurocarlos.ti@gmail.com
[2025-08-29 21:28:00] [SUCCESS] [moodle_create_user_success] User: admin | Details: Usuário criado com sucesso: maurocarlosti (ID: 110)
[2025-08-29 21:28:01] [SUCCESS] [enrollment_success] User: admin | Details: Usuário 110 matriculado no curso 223
[2025-08-29 21:28:01] [SUCCESS] [enrollment_success] User: admin | Details: Usuário 110 matriculado no curso 224
[2025-08-29 21:28:01] [SUCCESS] [enrollment_success] User: admin | Details: Usuário 110 matriculado no curso 225
[2025-08-29 21:28:01] [SUCCESS] [enrollment_success] User: admin | Details: Usuário 110 matriculado no curso 226
[2025-08-29 21:28:01] [SUCCESS] [enrollment_success] User: admin | Details: Usuário 110 matriculado no curso 227
[2025-08-29 21:28:01] [SUCCESS] [enrollment_success] User: admin | Details: Usuário 110 matriculado no curso 228
[2025-08-29 21:28:01] [SUCCESS] [enrollment_success] User: admin | Details: Usuário 110 matriculado no curso 229
[2025-08-29 21:28:02] [SUCCESS] [enrollment_success] User: admin | Details: Usuário 110 matriculado no curso 230
[2025-08-29 21:28:02] [SUCCESS] [enrollment_success] User: admin | Details: Usuário 110 matriculado no curso 231
[2025-08-29 21:28:02] [SUCCESS] [enrollment_success] User: admin | Details: Usuário 110 matriculado no curso 232
[2025-08-29 21:28:02] [SUCCESS] [enrollment_success] User: admin | Details: Usuário 110 matriculado no curso 233
[2025-08-29 21:28:02] [SUCCESS] [enrollment_success] User: admin | Details: Usuário 110 matriculado no curso 234
[2025-08-29 21:28:02] [SUCCESS] [enrollment_success] User: admin | Details: Usuário 110 matriculado no curso 235
[2025-08-29 21:28:02] [SUCCESS] [enrollment_success] User: admin | Details: Usuário 110 matriculado no curso 236
[2025-08-29 21:28:02] [SUCCESS] [enrollment_success] User: admin | Details: Usuário 110 matriculado no curso 237
[2025-08-29 21:28:02] [SUCCESS] [enrollment_success] User: admin | Details: Usuário 110 matriculado no curso 238
[2025-08-29 21:28:03] [SUCCESS] [enrollment_success] User: admin | Details: Usuário 110 matriculado no curso 239
[2025-08-29 21:28:03] [SUCCESS] [enrollment_success] User: admin | Details: Usuário 110 matriculado no curso 240
[2025-08-29 21:28:03] [SUCCESS] [enrollment_success] User: admin | Details: Usuário 110 matriculado no curso 241
[2025-08-29 21:28:03] [SUCCESS] [enrollment_success] User: admin | Details: Usuário 110 matriculado no curso 242
[2025-08-29 21:28:03] [SUCCESS] [enrollment_success] User: admin | Details: Usuário 110 matriculado no curso 243
[2025-08-29 21:28:03] [SUCCESS] [enrollment_success] User: admin | Details: Usuário 110 matriculado no curso 244
[2025-08-29 21:28:03] [SUCCESS] [enrollment_success] User: admin | Details: Usuário 110 matriculado no curso 245
[2025-08-29 21:28:03] [SUCCESS] [enrollment_success] User: admin | Details: Usuário 110 matriculado no curso 246
[2025-08-29 21:28:03] [SUCCESS] [enrollment_success] User: admin | Details: Usuário 110 matriculado no curso 247
[2025-08-29 21:28:03] [SUCCESS] [enrollment_success] User: admin | Details: Usuário 110 matriculado no curso 248
[2025-08-29 21:28:03] [SUCCESS] [enrollment_success] User: admin | Details: Usuário 110 matriculado no curso 249
[2025-08-29 21:28:03] [SUCCESS] [credentials_saved] User: admin | Pré-matrícula ID: 145 | Details: Credenciais salvas: maurocarlosti
[2025-08-29 21:28:09] [SUCCESS] [approval_complete] User: admin | Pré-matrícula ID: 145 | Details: Pré-matrícula aprovada e usuário criado: maurocarlosti
[2025-08-30 13:15:59] [SUCCESS] [create_user_start] User: admin | Pré-matrícula ID: 146 | Details: Iniciando para rodrigueswillian88@gmail.com no polo ava
[2025-08-30 13:15:59] [SUCCESS] [creating_new_user] User: admin | Pré-matrícula ID: 146 | Details: Criando usuário: rodrigueswillian88
[2025-08-30 13:15:59] [SUCCESS] [moodle_create_user_attempt] User: admin | Details: Criando usuário: rodrigueswillian88 para email: rodrigueswillian88@gmail.com
[2025-08-30 13:15:59] [SUCCESS] [moodle_create_user_success] User: admin | Details: Usuário criado com sucesso: rodrigueswillian88 (ID: 111)
[2025-08-30 13:16:00] [SUCCESS] [enrollment_success] User: admin | Details: Usuário 111 matriculado no curso 112
[2025-08-30 13:16:01] [SUCCESS] [enrollment_success] User: admin | Details: Usuário 111 matriculado no curso 113
[2025-08-30 13:16:01] [SUCCESS] [enrollment_success] User: admin | Details: Usuário 111 matriculado no curso 114
[2025-08-30 13:16:01] [SUCCESS] [enrollment_success] User: admin | Details: Usuário 111 matriculado no curso 116
[2025-08-30 13:16:02] [SUCCESS] [enrollment_success] User: admin | Details: Usuário 111 matriculado no curso 117
[2025-08-30 13:16:02] [SUCCESS] [enrollment_success] User: admin | Details: Usuário 111 matriculado no curso 207
[2025-08-30 13:16:02] [SUCCESS] [enrollment_success] User: admin | Details: Usuário 111 matriculado no curso 218
[2025-08-30 13:16:02] [SUCCESS] [enrollment_success] User: admin | Details: Usuário 111 matriculado no curso 219
[2025-08-30 13:16:02] [SUCCESS] [enrollment_success] User: admin | Details: Usuário 111 matriculado no curso 221
[2025-08-30 13:16:02] [SUCCESS] [enrollment_success] User: admin | Details: Usuário 111 matriculado no curso 222
[2025-08-30 13:16:02] [SUCCESS] [enrollment_success] User: admin | Details: Usuário 111 matriculado no curso 278
[2025-08-30 13:16:03] [SUCCESS] [enrollment_success] User: admin | Details: Usuário 111 matriculado no curso 208
[2025-08-30 13:16:03] [SUCCESS] [enrollment_success] User: admin | Details: Usuário 111 matriculado no curso 210
[2025-08-30 13:16:03] [SUCCESS] [enrollment_success] User: admin | Details: Usuário 111 matriculado no curso 211
[2025-08-30 13:16:03] [SUCCESS] [enrollment_success] User: admin | Details: Usuário 111 matriculado no curso 212
[2025-08-30 13:16:03] [SUCCESS] [enrollment_success] User: admin | Details: Usuário 111 matriculado no curso 214
[2025-08-30 13:16:03] [SUCCESS] [enrollment_success] User: admin | Details: Usuário 111 matriculado no curso 216
[2025-08-30 13:16:03] [SUCCESS] [enrollment_success] User: admin | Details: Usuário 111 matriculado no curso 217
[2025-08-30 13:16:03] [SUCCESS] [enrollment_success] User: admin | Details: Usuário 111 matriculado no curso 279
[2025-08-30 13:16:03] [SUCCESS] [credentials_saved] User: admin | Pré-matrícula ID: 146 | Details: Credenciais salvas: rodrigueswillian88
[2025-08-30 13:16:07] [SUCCESS] [approval_complete] User: admin | Pré-matrícula ID: 146 | Details: Pré-matrícula aprovada e usuário criado: rodrigueswillian88
[2025-09-05 13:37:05] [SUCCESS] [create_user_start] User: admin | Pré-matrícula ID: 148 | Details: Iniciando para leidinara.ausleanny07@gmail.com no polo ava
[2025-09-05 13:37:06] [SUCCESS] [creating_new_user] User: admin | Pré-matrícula ID: 148 | Details: Criando usuário: leidinaraausleanny07
[2025-09-05 13:37:06] [SUCCESS] [moodle_create_user_attempt] User: admin | Details: Criando usuário: leidinaraausleanny07 para email: leidinara.ausleanny07@gmail.com
[2025-09-05 13:37:06] [SUCCESS] [moodle_create_user_success] User: admin | Details: Usuário criado com sucesso: leidinaraausleanny07 (ID: 112)
[2025-09-05 13:37:07] [SUCCESS] [enrollment_success] User: admin | Details: Usuário 112 matriculado no curso 112
[2025-09-05 13:37:07] [SUCCESS] [enrollment_success] User: admin | Details: Usuário 112 matriculado no curso 113
[2025-09-05 13:37:07] [SUCCESS] [enrollment_success] User: admin | Details: Usuário 112 matriculado no curso 114
[2025-09-05 13:37:07] [SUCCESS] [enrollment_success] User: admin | Details: Usuário 112 matriculado no curso 116
[2025-09-05 13:37:07] [SUCCESS] [enrollment_success] User: admin | Details: Usuário 112 matriculado no curso 117
[2025-09-05 13:37:07] [SUCCESS] [enrollment_success] User: admin | Details: Usuário 112 matriculado no curso 207
[2025-09-05 13:37:08] [SUCCESS] [enrollment_success] User: admin | Details: Usuário 112 matriculado no curso 218
[2025-09-05 13:37:08] [SUCCESS] [enrollment_success] User: admin | Details: Usuário 112 matriculado no curso 219
[2025-09-05 13:37:08] [SUCCESS] [enrollment_success] User: admin | Details: Usuário 112 matriculado no curso 221
[2025-09-05 13:37:08] [SUCCESS] [enrollment_success] User: admin | Details: Usuário 112 matriculado no curso 222
[2025-09-05 13:37:08] [SUCCESS] [enrollment_success] User: admin | Details: Usuário 112 matriculado no curso 278
[2025-09-05 13:37:08] [SUCCESS] [enrollment_success] User: admin | Details: Usuário 112 matriculado no curso 208
[2025-09-05 13:37:08] [SUCCESS] [enrollment_success] User: admin | Details: Usuário 112 matriculado no curso 210
[2025-09-05 13:37:08] [SUCCESS] [enrollment_success] User: admin | Details: Usuário 112 matriculado no curso 211
[2025-09-05 13:37:09] [SUCCESS] [enrollment_success] User: admin | Details: Usuário 112 matriculado no curso 212
[2025-09-05 13:37:09] [SUCCESS] [enrollment_success] User: admin | Details: Usuário 112 matriculado no curso 214
[2025-09-05 13:37:09] [SUCCESS] [enrollment_success] User: admin | Details: Usuário 112 matriculado no curso 216
[2025-09-05 13:37:09] [SUCCESS] [enrollment_success] User: admin | Details: Usuário 112 matriculado no curso 217
[2025-09-05 13:37:09] [SUCCESS] [enrollment_success] User: admin | Details: Usuário 112 matriculado no curso 279
[2025-09-05 13:37:09] [SUCCESS] [credentials_saved] User: admin | Pré-matrícula ID: 148 | Details: Credenciais salvas: leidinaraausleanny07
[2025-09-05 13:37:12] [SUCCESS] [approval_complete] User: admin | Pré-matrícula ID: 148 | Details: Pré-matrícula aprovada e usuário criado: leidinaraausleanny07
[2025-09-05 13:40:39] [SUCCESS] [create_user_start] User: admin | Pré-matrícula ID: 149 | Details: Iniciando para mislandiaconceicaolima@gmail.com no polo ava
[2025-09-05 13:40:39] [SUCCESS] [creating_new_user] User: admin | Pré-matrícula ID: 149 | Details: Criando usuário: mislandiaconceicaolima
[2025-09-05 13:40:39] [SUCCESS] [moodle_create_user_attempt] User: admin | Details: Criando usuário: mislandiaconceicaolima para email: mislandiaconceicaolima@gmail.com
[2025-09-05 13:40:39] [SUCCESS] [moodle_create_user_success] User: admin | Details: Usuário criado com sucesso: mislandiaconceicaolima (ID: 113)
[2025-09-05 13:40:39] [SUCCESS] [enrollment_success] User: admin | Details: Usuário 113 matriculado no curso 112
[2025-09-05 13:40:39] [SUCCESS] [enrollment_success] User: admin | Details: Usuário 113 matriculado no curso 113
[2025-09-05 13:40:40] [SUCCESS] [enrollment_success] User: admin | Details: Usuário 113 matriculado no curso 114
[2025-09-05 13:40:40] [SUCCESS] [enrollment_success] User: admin | Details: Usuário 113 matriculado no curso 116
[2025-09-05 13:40:40] [SUCCESS] [enrollment_success] User: admin | Details: Usuário 113 matriculado no curso 117
[2025-09-05 13:40:40] [SUCCESS] [enrollment_success] User: admin | Details: Usuário 113 matriculado no curso 207
[2025-09-05 13:40:40] [SUCCESS] [enrollment_success] User: admin | Details: Usuário 113 matriculado no curso 218
[2025-09-05 13:40:40] [SUCCESS] [enrollment_success] User: admin | Details: Usuário 113 matriculado no curso 219
[2025-09-05 13:40:40] [SUCCESS] [enrollment_success] User: admin | Details: Usuário 113 matriculado no curso 221
[2025-09-05 13:40:40] [SUCCESS] [enrollment_success] User: admin | Details: Usuário 113 matriculado no curso 222
[2025-09-05 13:40:40] [SUCCESS] [enrollment_success] User: admin | Details: Usuário 113 matriculado no curso 278
[2025-09-05 13:40:40] [SUCCESS] [enrollment_success] User: admin | Details: Usuário 113 matriculado no curso 208
[2025-09-05 13:40:40] [SUCCESS] [enrollment_success] User: admin | Details: Usuário 113 matriculado no curso 210
[2025-09-05 13:40:40] [SUCCESS] [enrollment_success] User: admin | Details: Usuário 113 matriculado no curso 211
[2025-09-05 13:40:41] [SUCCESS] [enrollment_success] User: admin | Details: Usuário 113 matriculado no curso 212
[2025-09-05 13:40:41] [SUCCESS] [enrollment_success] User: admin | Details: Usuário 113 matriculado no curso 214
[2025-09-05 13:40:41] [SUCCESS] [enrollment_success] User: admin | Details: Usuário 113 matriculado no curso 216
[2025-09-05 13:40:41] [SUCCESS] [enrollment_success] User: admin | Details: Usuário 113 matriculado no curso 217
[2025-09-05 13:40:41] [SUCCESS] [enrollment_success] User: admin | Details: Usuário 113 matriculado no curso 279
[2025-09-05 13:40:41] [SUCCESS] [credentials_saved] User: admin | Pré-matrícula ID: 149 | Details: Credenciais salvas: mislandiaconceicaolima
[2025-09-05 13:40:44] [SUCCESS] [approval_complete] User: admin | Pré-matrícula ID: 149 | Details: Pré-matrícula aprovada e usuário criado: mislandiaconceicaolima
[2025-09-06 14:28:34] [SUCCESS] [create_user_start] User: admin | Pré-matrícula ID: 150 | Details: Iniciando para lilicacena@gmail.com no polo ava
[2025-09-06 14:28:34] [SUCCESS] [creating_new_user] User: admin | Pré-matrícula ID: 150 | Details: Criando usuário: lilicacena
[2025-09-06 14:28:34] [SUCCESS] [moodle_create_user_attempt] User: admin | Details: Criando usuário: lilicacena para email: lilicacena@gmail.com
[2025-09-06 14:28:34] [SUCCESS] [moodle_create_user_success] User: admin | Details: Usuário criado com sucesso: lilicacena (ID: 114)
[2025-09-06 14:28:36] [SUCCESS] [enrollment_success] User: admin | Details: Usuário 114 matriculado no curso 2
[2025-09-06 14:28:36] [SUCCESS] [enrollment_success] User: admin | Details: Usuário 114 matriculado no curso 4
[2025-09-06 14:28:36] [SUCCESS] [enrollment_success] User: admin | Details: Usuário 114 matriculado no curso 5
[2025-09-06 14:28:36] [SUCCESS] [enrollment_success] User: admin | Details: Usuário 114 matriculado no curso 6
[2025-09-06 14:28:36] [SUCCESS] [enrollment_success] User: admin | Details: Usuário 114 matriculado no curso 7
[2025-09-06 14:28:36] [SUCCESS] [enrollment_success] User: admin | Details: Usuário 114 matriculado no curso 8
[2025-09-06 14:28:36] [SUCCESS] [enrollment_success] User: admin | Details: Usuário 114 matriculado no curso 9
[2025-09-06 14:28:36] [SUCCESS] [enrollment_success] User: admin | Details: Usuário 114 matriculado no curso 12
[2025-09-06 14:28:36] [SUCCESS] [enrollment_success] User: admin | Details: Usuário 114 matriculado no curso 10
[2025-09-06 14:28:36] [SUCCESS] [enrollment_success] User: admin | Details: Usuário 114 matriculado no curso 11
[2025-09-06 14:28:36] [SUCCESS] [enrollment_success] User: admin | Details: Usuário 114 matriculado no curso 13
[2025-09-06 14:28:37] [SUCCESS] [enrollment_success] User: admin | Details: Usuário 114 matriculado no curso 14
[2025-09-06 14:28:37] [SUCCESS] [enrollment_success] User: admin | Details: Usuário 114 matriculado no curso 17
[2025-09-06 14:28:37] [SUCCESS] [enrollment_success] User: admin | Details: Usuário 114 matriculado no curso 3
[2025-09-06 14:28:37] [SUCCESS] [enrollment_success] User: admin | Details: Usuário 114 matriculado no curso 15
[2025-09-06 14:28:37] [SUCCESS] [enrollment_success] User: admin | Details: Usuário 114 matriculado no curso 16
[2025-09-06 14:28:37] [SUCCESS] [enrollment_success] User: admin | Details: Usuário 114 matriculado no curso 18
[2025-09-06 14:28:37] [SUCCESS] [enrollment_success] User: admin | Details: Usuário 114 matriculado no curso 19
[2025-09-06 14:28:37] [SUCCESS] [enrollment_success] User: admin | Details: Usuário 114 matriculado no curso 21
[2025-09-06 14:28:37] [SUCCESS] [enrollment_success] User: admin | Details: Usuário 114 matriculado no curso 22
[2025-09-06 14:28:37] [SUCCESS] [credentials_saved] User: admin | Pré-matrícula ID: 150 | Details: Credenciais salvas: lilicacena
[2025-09-06 14:28:37] [SUCCESS] [create_user_start] User: admin | Pré-matrícula ID: 150 | Details: Iniciando para lilicacena@gmail.com no polo ava
[2025-09-06 14:28:37] [SUCCESS] [update_password] User: admin | Details: Senha atualizada para usuário ID 114
[2025-09-06 14:28:37] [SUCCESS] [user_exists] User: admin | Pré-matrícula ID: 150 | Details: Reutilizando usuário: lilicacena (ID: 114)
[2025-09-06 14:28:38] [SUCCESS] [enrollment_success] User: admin | Details: Usuário 114 matriculado no curso 2
[2025-09-06 14:28:38] [SUCCESS] [enrollment_success] User: admin | Details: Usuário 114 matriculado no curso 4
[2025-09-06 14:28:38] [SUCCESS] [enrollment_success] User: admin | Details: Usuário 114 matriculado no curso 5
[2025-09-06 14:28:38] [SUCCESS] [enrollment_success] User: admin | Details: Usuário 114 matriculado no curso 6
[2025-09-06 14:28:38] [SUCCESS] [enrollment_success] User: admin | Details: Usuário 114 matriculado no curso 7
[2025-09-06 14:28:38] [SUCCESS] [enrollment_success] User: admin | Details: Usuário 114 matriculado no curso 8
[2025-09-06 14:28:38] [SUCCESS] [enrollment_success] User: admin | Details: Usuário 114 matriculado no curso 9
[2025-09-06 14:28:38] [SUCCESS] [enrollment_success] User: admin | Details: Usuário 114 matriculado no curso 12
[2025-09-06 14:28:38] [SUCCESS] [enrollment_success] User: admin | Details: Usuário 114 matriculado no curso 10
[2025-09-06 14:28:38] [SUCCESS] [enrollment_success] User: admin | Details: Usuário 114 matriculado no curso 11
[2025-09-06 14:28:38] [SUCCESS] [enrollment_success] User: admin | Details: Usuário 114 matriculado no curso 13
[2025-09-06 14:28:38] [SUCCESS] [enrollment_success] User: admin | Details: Usuário 114 matriculado no curso 14
[2025-09-06 14:28:38] [SUCCESS] [enrollment_success] User: admin | Details: Usuário 114 matriculado no curso 17
[2025-09-06 14:28:38] [SUCCESS] [enrollment_success] User: admin | Details: Usuário 114 matriculado no curso 3
[2025-09-06 14:28:38] [SUCCESS] [enrollment_success] User: admin | Details: Usuário 114 matriculado no curso 15
[2025-09-06 14:28:38] [SUCCESS] [enrollment_success] User: admin | Details: Usuário 114 matriculado no curso 16
[2025-09-06 14:28:38] [SUCCESS] [enrollment_success] User: admin | Details: Usuário 114 matriculado no curso 18
[2025-09-06 14:28:38] [SUCCESS] [enrollment_success] User: admin | Details: Usuário 114 matriculado no curso 19
[2025-09-06 14:28:38] [SUCCESS] [enrollment_success] User: admin | Details: Usuário 114 matriculado no curso 21
[2025-09-06 14:28:38] [SUCCESS] [enrollment_success] User: admin | Details: Usuário 114 matriculado no curso 22
[2025-09-06 14:28:38] [SUCCESS] [credentials_saved] User: admin | Pré-matrícula ID: 150 | Details: Credenciais salvas: lilicacena
[2025-09-06 14:28:40] [SUCCESS] [approval_complete] User: admin | Pré-matrícula ID: 150 | Details: Pré-matrícula aprovada e usuário criado: lilicacena
[2025-09-06 14:28:41] [SUCCESS] [approval_complete] User: admin | Pré-matrícula ID: 150 | Details: Pré-matrícula aprovada e usuário criado: lilicacena
[2025-09-06 14:30:18] [SUCCESS] [create_user_start] User: admin | Pré-matrícula ID: 151 | Details: Iniciando para bethania.a1610@gmail.com no polo ava
[2025-09-06 14:30:18] [SUCCESS] [creating_new_user] User: admin | Pré-matrícula ID: 151 | Details: Criando usuário: bethaniaa1610
[2025-09-06 14:30:18] [SUCCESS] [moodle_create_user_attempt] User: admin | Details: Criando usuário: bethaniaa1610 para email: bethania.a1610@gmail.com
[2025-09-06 14:30:18] [SUCCESS] [moodle_create_user_success] User: admin | Details: Usuário criado com sucesso: bethaniaa1610 (ID: 115)
[2025-09-06 14:30:18] [SUCCESS] [enrollment_success] User: admin | Details: Usuário 115 matriculado no curso 2
[2025-09-06 14:30:18] [SUCCESS] [enrollment_success] User: admin | Details: Usuário 115 matriculado no curso 4
[2025-09-06 14:30:18] [SUCCESS] [enrollment_success] User: admin | Details: Usuário 115 matriculado no curso 5
[2025-09-06 14:30:19] [SUCCESS] [enrollment_success] User: admin | Details: Usuário 115 matriculado no curso 6
[2025-09-06 14:30:19] [SUCCESS] [enrollment_success] User: admin | Details: Usuário 115 matriculado no curso 7
[2025-09-06 14:30:19] [SUCCESS] [enrollment_success] User: admin | Details: Usuário 115 matriculado no curso 8
[2025-09-06 14:30:19] [SUCCESS] [enrollment_success] User: admin | Details: Usuário 115 matriculado no curso 9
[2025-09-06 14:30:19] [SUCCESS] [enrollment_success] User: admin | Details: Usuário 115 matriculado no curso 12
[2025-09-06 14:30:19] [SUCCESS] [enrollment_success] User: admin | Details: Usuário 115 matriculado no curso 10
[2025-09-06 14:30:19] [SUCCESS] [enrollment_success] User: admin | Details: Usuário 115 matriculado no curso 11
[2025-09-06 14:30:19] [SUCCESS] [enrollment_success] User: admin | Details: Usuário 115 matriculado no curso 13
[2025-09-06 14:30:19] [SUCCESS] [enrollment_success] User: admin | Details: Usuário 115 matriculado no curso 14
[2025-09-06 14:30:19] [SUCCESS] [enrollment_success] User: admin | Details: Usuário 115 matriculado no curso 17
[2025-09-06 14:30:19] [SUCCESS] [enrollment_success] User: admin | Details: Usuário 115 matriculado no curso 3
[2025-09-06 14:30:19] [SUCCESS] [enrollment_success] User: admin | Details: Usuário 115 matriculado no curso 15
[2025-09-06 14:30:19] [SUCCESS] [enrollment_success] User: admin | Details: Usuário 115 matriculado no curso 16
[2025-09-06 14:30:19] [SUCCESS] [enrollment_success] User: admin | Details: Usuário 115 matriculado no curso 18
[2025-09-06 14:30:19] [SUCCESS] [enrollment_success] User: admin | Details: Usuário 115 matriculado no curso 19
[2025-09-06 14:30:19] [SUCCESS] [enrollment_success] User: admin | Details: Usuário 115 matriculado no curso 21
[2025-09-06 14:30:19] [SUCCESS] [enrollment_success] User: admin | Details: Usuário 115 matriculado no curso 22
[2025-09-06 14:30:19] [SUCCESS] [credentials_saved] User: admin | Pré-matrícula ID: 151 | Details: Credenciais salvas: bethaniaa1610
[2025-09-06 14:30:23] [SUCCESS] [approval_complete] User: admin | Pré-matrícula ID: 151 | Details: Pré-matrícula aprovada e usuário criado: bethaniaa1610
[2025-09-08 22:51:26] [SUCCESS] [create_user_start] User: admin | Pré-matrícula ID: 152 | Details: Iniciando para viniciusdelopes@gmail.com no polo ava
[2025-09-08 22:51:26] [SUCCESS] [creating_new_user] User: admin | Pré-matrícula ID: 152 | Details: Criando usuário: viniciusdelopes
[2025-09-08 22:51:26] [SUCCESS] [moodle_create_user_attempt] User: admin | Details: Criando usuário: viniciusdelopes para email: viniciusdelopes@gmail.com
[2025-09-08 22:51:26] [SUCCESS] [moodle_create_user_success] User: admin | Details: Usuário criado com sucesso: viniciusdelopes (ID: 116)
[2025-09-08 22:51:27] [SUCCESS] [enrollment_success] User: admin | Details: Usuário 116 matriculado no curso 106
[2025-09-08 22:51:27] [SUCCESS] [enrollment_success] User: admin | Details: Usuário 116 matriculado no curso 107
[2025-09-08 22:51:27] [SUCCESS] [enrollment_success] User: admin | Details: Usuário 116 matriculado no curso 108
[2025-09-08 22:51:27] [SUCCESS] [enrollment_success] User: admin | Details: Usuário 116 matriculado no curso 109
[2025-09-08 22:51:27] [SUCCESS] [enrollment_success] User: admin | Details: Usuário 116 matriculado no curso 110
[2025-09-08 22:51:27] [SUCCESS] [enrollment_success] User: admin | Details: Usuário 116 matriculado no curso 111
[2025-09-08 22:51:27] [SUCCESS] [enrollment_success] User: admin | Details: Usuário 116 matriculado no curso 191
[2025-09-08 22:51:27] [SUCCESS] [enrollment_success] User: admin | Details: Usuário 116 matriculado no curso 192
[2025-09-08 22:51:28] [SUCCESS] [enrollment_success] User: admin | Details: Usuário 116 matriculado no curso 193
[2025-09-08 22:51:28] [SUCCESS] [enrollment_success] User: admin | Details: Usuário 116 matriculado no curso 194
[2025-09-08 22:51:28] [SUCCESS] [enrollment_success] User: admin | Details: Usuário 116 matriculado no curso 195
[2025-09-08 22:51:28] [SUCCESS] [enrollment_success] User: admin | Details: Usuário 116 matriculado no curso 196
[2025-09-08 22:51:28] [SUCCESS] [enrollment_success] User: admin | Details: Usuário 116 matriculado no curso 99
[2025-09-08 22:51:28] [SUCCESS] [enrollment_success] User: admin | Details: Usuário 116 matriculado no curso 100
[2025-09-08 22:51:28] [SUCCESS] [enrollment_success] User: admin | Details: Usuário 116 matriculado no curso 101
[2025-09-08 22:51:28] [SUCCESS] [enrollment_success] User: admin | Details: Usuário 116 matriculado no curso 102
[2025-09-08 22:51:28] [SUCCESS] [enrollment_success] User: admin | Details: Usuário 116 matriculado no curso 103
[2025-09-08 22:51:28] [SUCCESS] [enrollment_success] User: admin | Details: Usuário 116 matriculado no curso 104
[2025-09-08 22:51:28] [SUCCESS] [enrollment_success] User: admin | Details: Usuário 116 matriculado no curso 105
[2025-09-08 22:51:28] [SUCCESS] [enrollment_success] User: admin | Details: Usuário 116 matriculado no curso 198
[2025-09-08 22:51:28] [SUCCESS] [enrollment_success] User: admin | Details: Usuário 116 matriculado no curso 199
[2025-09-08 22:51:28] [SUCCESS] [enrollment_success] User: admin | Details: Usuário 116 matriculado no curso 200
[2025-09-08 22:51:28] [SUCCESS] [enrollment_success] User: admin | Details: Usuário 116 matriculado no curso 201
[2025-09-08 22:51:28] [SUCCESS] [enrollment_success] User: admin | Details: Usuário 116 matriculado no curso 202
[2025-09-08 22:51:29] [SUCCESS] [enrollment_success] User: admin | Details: Usuário 116 matriculado no curso 92
[2025-09-08 22:51:29] [SUCCESS] [enrollment_success] User: admin | Details: Usuário 116 matriculado no curso 93
[2025-09-08 22:51:29] [SUCCESS] [enrollment_success] User: admin | Details: Usuário 116 matriculado no curso 94
[2025-09-08 22:51:29] [SUCCESS] [enrollment_success] User: admin | Details: Usuário 116 matriculado no curso 95
[2025-09-08 22:51:29] [SUCCESS] [enrollment_success] User: admin | Details: Usuário 116 matriculado no curso 96
[2025-09-08 22:51:29] [SUCCESS] [enrollment_success] User: admin | Details: Usuário 116 matriculado no curso 97
[2025-09-08 22:51:29] [SUCCESS] [enrollment_success] User: admin | Details: Usuário 116 matriculado no curso 98
[2025-09-08 22:51:29] [SUCCESS] [enrollment_success] User: admin | Details: Usuário 116 matriculado no curso 203
[2025-09-08 22:51:29] [SUCCESS] [enrollment_success] User: admin | Details: Usuário 116 matriculado no curso 204
[2025-09-08 22:51:29] [SUCCESS] [enrollment_success] User: admin | Details: Usuário 116 matriculado no curso 205
[2025-09-08 22:51:29] [SUCCESS] [enrollment_success] User: admin | Details: Usuário 116 matriculado no curso 206
[2025-09-08 22:51:29] [SUCCESS] [credentials_saved] User: admin | Pré-matrícula ID: 152 | Details: Credenciais salvas: viniciusdelopes
[2025-09-08 22:51:32] [SUCCESS] [approval_complete] User: admin | Pré-matrícula ID: 152 | Details: Pré-matrícula aprovada e usuário criado: viniciusdelopes
[2025-09-09 13:21:22] [SUCCESS] [create_user_start] User: admin | Pré-matrícula ID: 153 | Details: Iniciando para leonardosilva4650@gmail.com no polo ava
[2025-09-09 13:21:22] [SUCCESS] [creating_new_user] User: admin | Pré-matrícula ID: 153 | Details: Criando usuário: leonardosilva4650
[2025-09-09 13:21:22] [SUCCESS] [moodle_create_user_attempt] User: admin | Details: Criando usuário: leonardosilva4650 para email: leonardosilva4650@gmail.com
[2025-09-09 13:21:22] [SUCCESS] [moodle_create_user_success] User: admin | Details: Usuário criado com sucesso: leonardosilva4650 (ID: 117)
[2025-09-09 13:21:23] [SUCCESS] [create_user_start] User: admin | Pré-matrícula ID: 153 | Details: Iniciando para leonardosilva4650@gmail.com no polo ava
[2025-09-09 13:21:24] [SUCCESS] [update_password] User: admin | Details: Senha atualizada para usuário ID 117
[2025-09-09 13:21:24] [SUCCESS] [user_exists] User: admin | Pré-matrícula ID: 153 | Details: Reutilizando usuário: leonardosilva4650 (ID: 117)
[2025-09-09 13:21:24] [SUCCESS] [enrollment_success] User: admin | Details: Usuário 117 matriculado no curso 2
[2025-09-09 13:21:24] [SUCCESS] [enrollment_success] User: admin | Details: Usuário 117 matriculado no curso 4
[2025-09-09 13:21:24] [SUCCESS] [enrollment_success] User: admin | Details: Usuário 117 matriculado no curso 5
[2025-09-09 13:21:24] [SUCCESS] [enrollment_success] User: admin | Details: Usuário 117 matriculado no curso 6
[2025-09-09 13:21:24] [SUCCESS] [enrollment_success] User: admin | Details: Usuário 117 matriculado no curso 7
[2025-09-09 13:21:24] [SUCCESS] [enrollment_success] User: admin | Details: Usuário 117 matriculado no curso 8
[2025-09-09 13:21:24] [SUCCESS] [enrollment_success] User: admin | Details: Usuário 117 matriculado no curso 9
[2025-09-09 13:21:24] [SUCCESS] [enrollment_success] User: admin | Details: Usuário 117 matriculado no curso 2
[2025-09-09 13:21:24] [SUCCESS] [enrollment_success] User: admin | Details: Usuário 117 matriculado no curso 12
[2025-09-09 13:21:25] [SUCCESS] [enrollment_success] User: admin | Details: Usuário 117 matriculado no curso 4
[2025-09-09 13:21:25] [SUCCESS] [enrollment_success] User: admin | Details: Usuário 117 matriculado no curso 10
[2025-09-09 13:21:25] [SUCCESS] [enrollment_success] User: admin | Details: Usuário 117 matriculado no curso 5
[2025-09-09 13:21:25] [SUCCESS] [enrollment_success] User: admin | Details: Usuário 117 matriculado no curso 11
[2025-09-09 13:21:25] [SUCCESS] [enrollment_success] User: admin | Details: Usuário 117 matriculado no curso 6
[2025-09-09 13:21:25] [SUCCESS] [enrollment_success] User: admin | Details: Usuário 117 matriculado no curso 13
[2025-09-09 13:21:25] [SUCCESS] [enrollment_success] User: admin | Details: Usuário 117 matriculado no curso 7
[2025-09-09 13:21:25] [SUCCESS] [enrollment_success] User: admin | Details: Usuário 117 matriculado no curso 14
[2025-09-09 13:21:25] [SUCCESS] [enrollment_success] User: admin | Details: Usuário 117 matriculado no curso 8
[2025-09-09 13:21:25] [SUCCESS] [enrollment_success] User: admin | Details: Usuário 117 matriculado no curso 17
[2025-09-09 13:21:25] [SUCCESS] [enrollment_success] User: admin | Details: Usuário 117 matriculado no curso 9
[2025-09-09 13:21:25] [SUCCESS] [enrollment_success] User: admin | Details: Usuário 117 matriculado no curso 3
[2025-09-09 13:21:25] [SUCCESS] [enrollment_success] User: admin | Details: Usuário 117 matriculado no curso 12
[2025-09-09 13:21:25] [SUCCESS] [enrollment_success] User: admin | Details: Usuário 117 matriculado no curso 10
[2025-09-09 13:21:25] [SUCCESS] [enrollment_success] User: admin | Details: Usuário 117 matriculado no curso 15
[2025-09-09 13:21:25] [SUCCESS] [enrollment_success] User: admin | Details: Usuário 117 matriculado no curso 11
[2025-09-09 13:21:25] [SUCCESS] [enrollment_success] User: admin | Details: Usuário 117 matriculado no curso 16
[2025-09-09 13:21:25] [SUCCESS] [enrollment_success] User: admin | Details: Usuário 117 matriculado no curso 13
[2025-09-09 13:21:25] [SUCCESS] [enrollment_success] User: admin | Details: Usuário 117 matriculado no curso 18
[2025-09-09 13:21:25] [SUCCESS] [enrollment_success] User: admin | Details: Usuário 117 matriculado no curso 14
[2025-09-09 13:21:25] [SUCCESS] [enrollment_success] User: admin | Details: Usuário 117 matriculado no curso 17
[2025-09-09 13:21:25] [SUCCESS] [enrollment_success] User: admin | Details: Usuário 117 matriculado no curso 19
[2025-09-09 13:21:25] [SUCCESS] [enrollment_success] User: admin | Details: Usuário 117 matriculado no curso 3
[2025-09-09 13:21:25] [SUCCESS] [enrollment_success] User: admin | Details: Usuário 117 matriculado no curso 21
[2025-09-09 13:21:25] [SUCCESS] [enrollment_success] User: admin | Details: Usuário 117 matriculado no curso 15
[2025-09-09 13:21:25] [SUCCESS] [enrollment_success] User: admin | Details: Usuário 117 matriculado no curso 22
[2025-09-09 13:21:25] [SUCCESS] [credentials_saved] User: admin | Pré-matrícula ID: 153 | Details: Credenciais salvas: leonardosilva4650
[2025-09-09 13:21:25] [SUCCESS] [enrollment_success] User: admin | Details: Usuário 117 matriculado no curso 16
[2025-09-09 13:21:25] [SUCCESS] [enrollment_success] User: admin | Details: Usuário 117 matriculado no curso 18
[2025-09-09 13:21:25] [SUCCESS] [enrollment_success] User: admin | Details: Usuário 117 matriculado no curso 19
[2025-09-09 13:21:25] [SUCCESS] [enrollment_success] User: admin | Details: Usuário 117 matriculado no curso 21
[2025-09-09 13:21:25] [SUCCESS] [enrollment_success] User: admin | Details: Usuário 117 matriculado no curso 22
[2025-09-09 13:21:25] [SUCCESS] [credentials_saved] User: admin | Pré-matrícula ID: 153 | Details: Credenciais salvas: leonardosilva4650
[2025-09-09 13:21:28] [SUCCESS] [approval_complete] User: admin | Pré-matrícula ID: 153 | Details: Pré-matrícula aprovada e usuário criado: leonardosilva4650
[2025-09-09 13:21:28] [SUCCESS] [approval_complete] User: admin | Pré-matrícula ID: 153 | Details: Pré-matrícula aprovada e usuário criado: leonardosilva4650
[2025-09-09 13:21:35] [SUCCESS] [create_user_start] User: admin | Pré-matrícula ID: 154 | Details: Iniciando para danilsonsantana953@gmail.com no polo ava
[2025-09-09 13:21:35] [SUCCESS] [creating_new_user] User: admin | Pré-matrícula ID: 154 | Details: Criando usuário: danilsonsantana953
[2025-09-09 13:21:35] [SUCCESS] [moodle_create_user_attempt] User: admin | Details: Criando usuário: danilsonsantana953 para email: danilsonsantana953@gmail.com
[2025-09-09 13:21:35] [SUCCESS] [moodle_create_user_success] User: admin | Details: Usuário criado com sucesso: danilsonsantana953 (ID: 118)
[2025-09-09 13:21:35] [SUCCESS] [enrollment_success] User: admin | Details: Usuário 118 matriculado no curso 112
[2025-09-09 13:21:36] [SUCCESS] [enrollment_success] User: admin | Details: Usuário 118 matriculado no curso 113
[2025-09-09 13:21:36] [SUCCESS] [enrollment_success] User: admin | Details: Usuário 118 matriculado no curso 114
[2025-09-09 13:21:36] [SUCCESS] [enrollment_success] User: admin | Details: Usuário 118 matriculado no curso 116
[2025-09-09 13:21:36] [SUCCESS] [enrollment_success] User: admin | Details: Usuário 118 matriculado no curso 117
[2025-09-09 13:21:36] [SUCCESS] [enrollment_success] User: admin | Details: Usuário 118 matriculado no curso 207
[2025-09-09 13:21:36] [SUCCESS] [enrollment_success] User: admin | Details: Usuário 118 matriculado no curso 218
[2025-09-09 13:21:36] [SUCCESS] [enrollment_success] User: admin | Details: Usuário 118 matriculado no curso 219
[2025-09-09 13:21:36] [SUCCESS] [enrollment_success] User: admin | Details: Usuário 118 matriculado no curso 221
[2025-09-09 13:21:36] [SUCCESS] [enrollment_success] User: admin | Details: Usuário 118 matriculado no curso 222
[2025-09-09 13:21:36] [SUCCESS] [enrollment_success] User: admin | Details: Usuário 118 matriculado no curso 278
[2025-09-09 13:21:36] [SUCCESS] [enrollment_success] User: admin | Details: Usuário 118 matriculado no curso 208
[2025-09-09 13:21:36] [SUCCESS] [enrollment_success] User: admin | Details: Usuário 118 matriculado no curso 210
[2025-09-09 13:21:36] [SUCCESS] [enrollment_success] User: admin | Details: Usuário 118 matriculado no curso 211
[2025-09-09 13:21:36] [SUCCESS] [enrollment_success] User: admin | Details: Usuário 118 matriculado no curso 212
[2025-09-09 13:21:37] [SUCCESS] [enrollment_success] User: admin | Details: Usuário 118 matriculado no curso 214
[2025-09-09 13:21:37] [SUCCESS] [enrollment_success] User: admin | Details: Usuário 118 matriculado no curso 216
[2025-09-09 13:21:37] [SUCCESS] [enrollment_success] User: admin | Details: Usuário 118 matriculado no curso 217
[2025-09-09 13:21:37] [SUCCESS] [enrollment_success] User: admin | Details: Usuário 118 matriculado no curso 279
[2025-09-09 13:21:37] [SUCCESS] [credentials_saved] User: admin | Pré-matrícula ID: 154 | Details: Credenciais salvas: danilsonsantana953
[2025-09-09 13:21:40] [SUCCESS] [approval_complete] User: admin | Pré-matrícula ID: 154 | Details: Pré-matrícula aprovada e usuário criado: danilsonsantana953
[2025-09-09 14:50:17] [SUCCESS] [create_user_start] User: admin | Pré-matrícula ID: 155 | Details: Iniciando para samiracrespo2017@gmail.com no polo ava
[2025-09-09 14:50:18] [SUCCESS] [creating_new_user] User: admin | Pré-matrícula ID: 155 | Details: Criando usuário: samiracrespo2017
[2025-09-09 14:50:18] [SUCCESS] [moodle_create_user_attempt] User: admin | Details: Criando usuário: samiracrespo2017 para email: samiracrespo2017@gmail.com
[2025-09-09 14:50:18] [SUCCESS] [moodle_create_user_success] User: admin | Details: Usuário criado com sucesso: samiracrespo2017 (ID: 119)
[2025-09-09 14:50:19] [SUCCESS] [enrollment_success] User: admin | Details: Usuário 119 matriculado no curso 2
[2025-09-09 14:50:19] [SUCCESS] [enrollment_success] User: admin | Details: Usuário 119 matriculado no curso 4
[2025-09-09 14:50:19] [SUCCESS] [enrollment_success] User: admin | Details: Usuário 119 matriculado no curso 5
[2025-09-09 14:50:19] [SUCCESS] [enrollment_success] User: admin | Details: Usuário 119 matriculado no curso 6
[2025-09-09 14:50:19] [SUCCESS] [enrollment_success] User: admin | Details: Usuário 119 matriculado no curso 7
[2025-09-09 14:50:20] [SUCCESS] [enrollment_success] User: admin | Details: Usuário 119 matriculado no curso 8
[2025-09-09 14:50:20] [SUCCESS] [enrollment_success] User: admin | Details: Usuário 119 matriculado no curso 9
[2025-09-09 14:50:20] [SUCCESS] [enrollment_success] User: admin | Details: Usuário 119 matriculado no curso 12
[2025-09-09 14:50:20] [SUCCESS] [enrollment_success] User: admin | Details: Usuário 119 matriculado no curso 10
[2025-09-09 14:50:20] [SUCCESS] [enrollment_success] User: admin | Details: Usuário 119 matriculado no curso 11
[2025-09-09 14:50:20] [SUCCESS] [enrollment_success] User: admin | Details: Usuário 119 matriculado no curso 13
[2025-09-09 14:50:20] [SUCCESS] [enrollment_success] User: admin | Details: Usuário 119 matriculado no curso 14
[2025-09-09 14:50:20] [SUCCESS] [enrollment_success] User: admin | Details: Usuário 119 matriculado no curso 17
[2025-09-09 14:50:20] [SUCCESS] [enrollment_success] User: admin | Details: Usuário 119 matriculado no curso 3
[2025-09-09 14:50:20] [SUCCESS] [enrollment_success] User: admin | Details: Usuário 119 matriculado no curso 15
[2025-09-09 14:50:20] [SUCCESS] [enrollment_success] User: admin | Details: Usuário 119 matriculado no curso 16
[2025-09-09 14:50:20] [SUCCESS] [enrollment_success] User: admin | Details: Usuário 119 matriculado no curso 18
[2025-09-09 14:50:20] [SUCCESS] [enrollment_success] User: admin | Details: Usuário 119 matriculado no curso 19
[2025-09-09 14:50:20] [SUCCESS] [enrollment_success] User: admin | Details: Usuário 119 matriculado no curso 21
[2025-09-09 14:50:20] [SUCCESS] [enrollment_success] User: admin | Details: Usuário 119 matriculado no curso 22
[2025-09-09 14:50:20] [SUCCESS] [credentials_saved] User: admin | Pré-matrícula ID: 155 | Details: Credenciais salvas: samiracrespo2017
[2025-09-09 14:50:23] [SUCCESS] [approval_complete] User: admin | Pré-matrícula ID: 155 | Details: Pré-matrícula aprovada e usuário criado: samiracrespo2017
[2025-09-09 22:10:19] [SUCCESS] [create_user_start] User: admin | Pré-matrícula ID: 156 | Details: Iniciando para viniciusdelopes@gmail.com no polo ava
[2025-09-09 22:10:20] [SUCCESS] [update_password] User: admin | Details: Senha atualizada para usuário ID 116
[2025-09-09 22:10:20] [SUCCESS] [user_exists] User: admin | Pré-matrícula ID: 156 | Details: Reutilizando usuário: viniciusdelopes (ID: 116)
[2025-09-09 22:10:21] [SUCCESS] [enrollment_success] User: admin | Details: Usuário 116 matriculado no curso 2
[2025-09-09 22:10:21] [SUCCESS] [enrollment_success] User: admin | Details: Usuário 116 matriculado no curso 4
[2025-09-09 22:10:21] [SUCCESS] [enrollment_success] User: admin | Details: Usuário 116 matriculado no curso 5
[2025-09-09 22:10:21] [SUCCESS] [enrollment_success] User: admin | Details: Usuário 116 matriculado no curso 6
[2025-09-09 22:10:21] [SUCCESS] [enrollment_success] User: admin | Details: Usuário 116 matriculado no curso 7
[2025-09-09 22:10:21] [SUCCESS] [enrollment_success] User: admin | Details: Usuário 116 matriculado no curso 8
[2025-09-09 22:10:21] [SUCCESS] [enrollment_success] User: admin | Details: Usuário 116 matriculado no curso 9
[2025-09-09 22:10:22] [SUCCESS] [enrollment_success] User: admin | Details: Usuário 116 matriculado no curso 12
[2025-09-09 22:10:22] [SUCCESS] [enrollment_success] User: admin | Details: Usuário 116 matriculado no curso 10
[2025-09-09 22:10:22] [SUCCESS] [enrollment_success] User: admin | Details: Usuário 116 matriculado no curso 11
[2025-09-09 22:10:22] [SUCCESS] [enrollment_success] User: admin | Details: Usuário 116 matriculado no curso 13
[2025-09-09 22:10:22] [SUCCESS] [enrollment_success] User: admin | Details: Usuário 116 matriculado no curso 14
[2025-09-09 22:10:22] [SUCCESS] [enrollment_success] User: admin | Details: Usuário 116 matriculado no curso 17
[2025-09-09 22:10:22] [SUCCESS] [enrollment_success] User: admin | Details: Usuário 116 matriculado no curso 3
[2025-09-09 22:10:22] [SUCCESS] [enrollment_success] User: admin | Details: Usuário 116 matriculado no curso 15
[2025-09-09 22:10:22] [SUCCESS] [enrollment_success] User: admin | Details: Usuário 116 matriculado no curso 16
[2025-09-09 22:10:22] [SUCCESS] [enrollment_success] User: admin | Details: Usuário 116 matriculado no curso 18
[2025-09-09 22:10:22] [SUCCESS] [enrollment_success] User: admin | Details: Usuário 116 matriculado no curso 19
[2025-09-09 22:10:22] [SUCCESS] [enrollment_success] User: admin | Details: Usuário 116 matriculado no curso 21
[2025-09-09 22:10:22] [SUCCESS] [enrollment_success] User: admin | Details: Usuário 116 matriculado no curso 22
[2025-09-09 22:10:22] [SUCCESS] [credentials_saved] User: admin | Pré-matrícula ID: 156 | Details: Credenciais salvas: viniciusdelopes
[2025-09-09 22:10:25] [SUCCESS] [approval_complete] User: admin | Pré-matrícula ID: 156 | Details: Pré-matrícula aprovada e usuário criado: viniciusdelopes
[2025-09-09 22:42:57] [SUCCESS] [create_user_start] User: admin | Pré-matrícula ID: 157 | Details: Iniciando para val-vava@outlook.com no polo ava
[2025-09-09 22:42:57] [SUCCESS] [creating_new_user] User: admin | Pré-matrícula ID: 157 | Details: Criando usuário: valvava
[2025-09-09 22:42:57] [SUCCESS] [moodle_create_user_attempt] User: admin | Details: Criando usuário: valvava para email: val-vava@outlook.com
[2025-09-09 22:42:57] [SUCCESS] [moodle_create_user_success] User: admin | Details: Usuário criado com sucesso: valvava (ID: 120)
[2025-09-09 22:42:58] [SUCCESS] [enrollment_success] User: admin | Details: Usuário 120 matriculado no curso 112
[2025-09-09 22:42:58] [SUCCESS] [enrollment_success] User: admin | Details: Usuário 120 matriculado no curso 113
[2025-09-09 22:42:58] [SUCCESS] [enrollment_success] User: admin | Details: Usuário 120 matriculado no curso 114
[2025-09-09 22:42:58] [SUCCESS] [enrollment_success] User: admin | Details: Usuário 120 matriculado no curso 116
[2025-09-09 22:42:58] [SUCCESS] [enrollment_success] User: admin | Details: Usuário 120 matriculado no curso 117
[2025-09-09 22:42:58] [SUCCESS] [enrollment_success] User: admin | Details: Usuário 120 matriculado no curso 207
[2025-09-09 22:42:58] [SUCCESS] [enrollment_success] User: admin | Details: Usuário 120 matriculado no curso 218
[2025-09-09 22:42:58] [SUCCESS] [enrollment_success] User: admin | Details: Usuário 120 matriculado no curso 219
[2025-09-09 22:42:58] [SUCCESS] [enrollment_success] User: admin | Details: Usuário 120 matriculado no curso 221
[2025-09-09 22:42:58] [SUCCESS] [enrollment_success] User: admin | Details: Usuário 120 matriculado no curso 222
[2025-09-09 22:42:58] [SUCCESS] [enrollment_success] User: admin | Details: Usuário 120 matriculado no curso 278
[2025-09-09 22:42:59] [SUCCESS] [enrollment_success] User: admin | Details: Usuário 120 matriculado no curso 208
[2025-09-09 22:42:59] [SUCCESS] [enrollment_success] User: admin | Details: Usuário 120 matriculado no curso 210
[2025-09-09 22:42:59] [SUCCESS] [enrollment_success] User: admin | Details: Usuário 120 matriculado no curso 211
[2025-09-09 22:42:59] [SUCCESS] [enrollment_success] User: admin | Details: Usuário 120 matriculado no curso 212
[2025-09-09 22:42:59] [SUCCESS] [enrollment_success] User: admin | Details: Usuário 120 matriculado no curso 214
[2025-09-09 22:42:59] [SUCCESS] [enrollment_success] User: admin | Details: Usuário 120 matriculado no curso 216
[2025-09-09 22:42:59] [SUCCESS] [enrollment_success] User: admin | Details: Usuário 120 matriculado no curso 217
[2025-09-09 22:42:59] [SUCCESS] [enrollment_success] User: admin | Details: Usuário 120 matriculado no curso 279
[2025-09-09 22:42:59] [SUCCESS] [credentials_saved] User: admin | Pré-matrícula ID: 157 | Details: Credenciais salvas: valvava
[2025-09-09 22:43:06] [SUCCESS] [approval_complete] User: admin | Pré-matrícula ID: 157 | Details: Pré-matrícula aprovada e usuário criado: valvava
[2025-09-09 22:56:54] [SUCCESS] [create_user_start] User: admin | Pré-matrícula ID: 158 | Details: Iniciando para symonerocha289@gmail.com no polo ava
[2025-09-09 22:56:54] [SUCCESS] [creating_new_user] User: admin | Pré-matrícula ID: 158 | Details: Criando usuário: symonerocha289
[2025-09-09 22:56:54] [SUCCESS] [moodle_create_user_attempt] User: admin | Details: Criando usuário: symonerocha289 para email: symonerocha289@gmail.com
[2025-09-09 22:56:54] [SUCCESS] [moodle_create_user_success] User: admin | Details: Usuário criado com sucesso: symonerocha289 (ID: 121)
[2025-09-09 22:56:54] [SUCCESS] [enrollment_success] User: admin | Details: Usuário 121 matriculado no curso 112
[2025-09-09 22:56:54] [SUCCESS] [enrollment_success] User: admin | Details: Usuário 121 matriculado no curso 113
[2025-09-09 22:56:54] [SUCCESS] [enrollment_success] User: admin | Details: Usuário 121 matriculado no curso 114
[2025-09-09 22:56:55] [SUCCESS] [enrollment_success] User: admin | Details: Usuário 121 matriculado no curso 116
[2025-09-09 22:56:55] [SUCCESS] [enrollment_success] User: admin | Details: Usuário 121 matriculado no curso 117
[2025-09-09 22:56:55] [SUCCESS] [enrollment_success] User: admin | Details: Usuário 121 matriculado no curso 207
[2025-09-09 22:56:55] [SUCCESS] [enrollment_success] User: admin | Details: Usuário 121 matriculado no curso 218
[2025-09-09 22:56:55] [SUCCESS] [enrollment_success] User: admin | Details: Usuário 121 matriculado no curso 219
[2025-09-09 22:56:55] [SUCCESS] [enrollment_success] User: admin | Details: Usuário 121 matriculado no curso 221
[2025-09-09 22:56:55] [SUCCESS] [enrollment_success] User: admin | Details: Usuário 121 matriculado no curso 222
[2025-09-09 22:56:55] [SUCCESS] [enrollment_success] User: admin | Details: Usuário 121 matriculado no curso 278
[2025-09-09 22:56:55] [SUCCESS] [enrollment_success] User: admin | Details: Usuário 121 matriculado no curso 208
[2025-09-09 22:56:55] [SUCCESS] [enrollment_success] User: admin | Details: Usuário 121 matriculado no curso 210
[2025-09-09 22:56:55] [SUCCESS] [enrollment_success] User: admin | Details: Usuário 121 matriculado no curso 211
[2025-09-09 22:56:55] [SUCCESS] [enrollment_success] User: admin | Details: Usuário 121 matriculado no curso 212
[2025-09-09 22:56:55] [SUCCESS] [enrollment_success] User: admin | Details: Usuário 121 matriculado no curso 214
[2025-09-09 22:56:55] [SUCCESS] [enrollment_success] User: admin | Details: Usuário 121 matriculado no curso 216
[2025-09-09 22:56:56] [SUCCESS] [enrollment_success] User: admin | Details: Usuário 121 matriculado no curso 217
[2025-09-09 22:56:56] [SUCCESS] [enrollment_success] User: admin | Details: Usuário 121 matriculado no curso 279
[2025-09-09 22:56:56] [SUCCESS] [credentials_saved] User: admin | Pré-matrícula ID: 158 | Details: Credenciais salvas: symonerocha289
[2025-09-09 22:56:59] [SUCCESS] [approval_complete] User: admin | Pré-matrícula ID: 158 | Details: Pré-matrícula aprovada e usuário criado: symonerocha289
[2025-09-10 01:06:45] [SUCCESS] [rejection] User: admin | Pré-matrícula ID: 147 | Details: Pré-matrícula rejeitada: teste
[2025-09-10 23:44:16] [SUCCESS] [create_user_start] User: admin | Pré-matrícula ID: 159 | Details: Iniciando para paulaappolinario17@gmail.com no polo ava
[2025-09-10 23:44:16] [SUCCESS] [creating_new_user] User: admin | Pré-matrícula ID: 159 | Details: Criando usuário: paulaappolinario17
[2025-09-10 23:44:16] [SUCCESS] [moodle_create_user_attempt] User: admin | Details: Criando usuário: paulaappolinario17 para email: paulaappolinario17@gmail.com
[2025-09-10 23:44:16] [SUCCESS] [moodle_create_user_success] User: admin | Details: Usuário criado com sucesso: paulaappolinario17 (ID: 122)
[2025-09-10 23:44:18] [SUCCESS] [enrollment_success] User: admin | Details: Usuário 122 matriculado no curso 112
[2025-09-10 23:44:18] [SUCCESS] [enrollment_success] User: admin | Details: Usuário 122 matriculado no curso 113
[2025-09-10 23:44:18] [SUCCESS] [enrollment_success] User: admin | Details: Usuário 122 matriculado no curso 114
[2025-09-10 23:44:18] [SUCCESS] [enrollment_success] User: admin | Details: Usuário 122 matriculado no curso 116
[2025-09-10 23:44:18] [SUCCESS] [enrollment_success] User: admin | Details: Usuário 122 matriculado no curso 117
[2025-09-10 23:44:18] [SUCCESS] [enrollment_success] User: admin | Details: Usuário 122 matriculado no curso 207
[2025-09-10 23:44:19] [SUCCESS] [enrollment_success] User: admin | Details: Usuário 122 matriculado no curso 218
[2025-09-10 23:44:19] [SUCCESS] [enrollment_success] User: admin | Details: Usuário 122 matriculado no curso 219
[2025-09-10 23:44:19] [SUCCESS] [enrollment_success] User: admin | Details: Usuário 122 matriculado no curso 221
[2025-09-10 23:44:19] [SUCCESS] [enrollment_success] User: admin | Details: Usuário 122 matriculado no curso 222
[2025-09-10 23:44:19] [SUCCESS] [enrollment_success] User: admin | Details: Usuário 122 matriculado no curso 278
[2025-09-10 23:44:19] [SUCCESS] [enrollment_success] User: admin | Details: Usuário 122 matriculado no curso 208
[2025-09-10 23:44:19] [SUCCESS] [enrollment_success] User: admin | Details: Usuário 122 matriculado no curso 210
[2025-09-10 23:44:19] [SUCCESS] [enrollment_success] User: admin | Details: Usuário 122 matriculado no curso 211
[2025-09-10 23:44:19] [SUCCESS] [enrollment_success] User: admin | Details: Usuário 122 matriculado no curso 212
[2025-09-10 23:44:20] [SUCCESS] [enrollment_success] User: admin | Details: Usuário 122 matriculado no curso 214
[2025-09-10 23:44:20] [SUCCESS] [enrollment_success] User: admin | Details: Usuário 122 matriculado no curso 216
[2025-09-10 23:44:20] [SUCCESS] [enrollment_success] User: admin | Details: Usuário 122 matriculado no curso 217
[2025-09-10 23:44:20] [SUCCESS] [enrollment_success] User: admin | Details: Usuário 122 matriculado no curso 279
[2025-09-10 23:44:20] [SUCCESS] [credentials_saved] User: admin | Pré-matrícula ID: 159 | Details: Credenciais salvas: paulaappolinario17
[2025-09-10 23:44:24] [SUCCESS] [approval_complete] User: admin | Pré-matrícula ID: 159 | Details: Pré-matrícula aprovada e usuário criado: paulaappolinario17
[2025-09-11 17:34:59] [SUCCESS] [create_user_start] User: admin | Pré-matrícula ID: 160 | Details: Iniciando para josielcaldas30@gmail.com no polo ava
[2025-09-11 17:34:59] [SUCCESS] [creating_new_user] User: admin | Pré-matrícula ID: 160 | Details: Criando usuário: josielcaldas30
[2025-09-11 17:34:59] [SUCCESS] [moodle_create_user_attempt] User: admin | Details: Criando usuário: josielcaldas30 para email: josielcaldas30@gmail.com
[2025-09-11 17:34:59] [SUCCESS] [moodle_create_user_success] User: admin | Details: Usuário criado com sucesso: josielcaldas30 (ID: 124)
[2025-09-11 17:34:59] [SUCCESS] [enrollment_success] User: admin | Details: Usuário 124 matriculado no curso 112
[2025-09-11 17:35:00] [SUCCESS] [enrollment_success] User: admin | Details: Usuário 124 matriculado no curso 113
[2025-09-11 17:35:00] [SUCCESS] [enrollment_success] User: admin | Details: Usuário 124 matriculado no curso 114
[2025-09-11 17:35:00] [SUCCESS] [enrollment_success] User: admin | Details: Usuário 124 matriculado no curso 116
[2025-09-11 17:35:00] [SUCCESS] [enrollment_success] User: admin | Details: Usuário 124 matriculado no curso 117
[2025-09-11 17:35:00] [SUCCESS] [enrollment_success] User: admin | Details: Usuário 124 matriculado no curso 207
[2025-09-11 17:35:00] [SUCCESS] [enrollment_success] User: admin | Details: Usuário 124 matriculado no curso 218
[2025-09-11 17:35:00] [SUCCESS] [enrollment_success] User: admin | Details: Usuário 124 matriculado no curso 219
[2025-09-11 17:35:01] [SUCCESS] [enrollment_success] User: admin | Details: Usuário 124 matriculado no curso 221
[2025-09-11 17:35:01] [SUCCESS] [enrollment_success] User: admin | Details: Usuário 124 matriculado no curso 222
[2025-09-11 17:35:01] [SUCCESS] [enrollment_success] User: admin | Details: Usuário 124 matriculado no curso 278
[2025-09-11 17:35:01] [SUCCESS] [enrollment_success] User: admin | Details: Usuário 124 matriculado no curso 208
[2025-09-11 17:35:01] [SUCCESS] [enrollment_success] User: admin | Details: Usuário 124 matriculado no curso 210
[2025-09-11 17:35:01] [SUCCESS] [enrollment_success] User: admin | Details: Usuário 124 matriculado no curso 211
[2025-09-11 17:35:01] [SUCCESS] [enrollment_success] User: admin | Details: Usuário 124 matriculado no curso 212
[2025-09-11 17:35:02] [SUCCESS] [enrollment_success] User: admin | Details: Usuário 124 matriculado no curso 214
[2025-09-11 17:35:02] [SUCCESS] [enrollment_success] User: admin | Details: Usuário 124 matriculado no curso 216
[2025-09-11 17:35:02] [SUCCESS] [enrollment_success] User: admin | Details: Usuário 124 matriculado no curso 217
[2025-09-11 17:35:02] [SUCCESS] [enrollment_success] User: admin | Details: Usuário 124 matriculado no curso 279
[2025-09-11 17:35:02] [SUCCESS] [credentials_saved] User: admin | Pré-matrícula ID: 160 | Details: Credenciais salvas: josielcaldas30
[2025-09-11 17:35:05] [SUCCESS] [approval_complete] User: admin | Pré-matrícula ID: 160 | Details: Pré-matrícula aprovada e usuário criado: josielcaldas30
[2025-09-11 22:19:46] [SUCCESS] [create_user_start] User: admin | Pré-matrícula ID: 162 | Details: Iniciando para aanaaclesia@gmail.com no polo ava
[2025-09-11 22:19:46] [SUCCESS] [creating_new_user] User: admin | Pré-matrícula ID: 162 | Details: Criando usuário: aanaaclesia
[2025-09-11 22:19:46] [SUCCESS] [moodle_create_user_attempt] User: admin | Details: Criando usuário: aanaaclesia para email: aanaaclesia@gmail.com
[2025-09-11 22:19:46] [SUCCESS] [moodle_create_user_success] User: admin | Details: Usuário criado com sucesso: aanaaclesia (ID: 125)
[2025-09-11 22:19:46] [SUCCESS] [enrollment_success] User: admin | Details: Usuário 125 matriculado no curso 112
[2025-09-11 22:19:47] [SUCCESS] [enrollment_success] User: admin | Details: Usuário 125 matriculado no curso 113
[2025-09-11 22:19:47] [SUCCESS] [enrollment_success] User: admin | Details: Usuário 125 matriculado no curso 114
[2025-09-11 22:19:47] [SUCCESS] [enrollment_success] User: admin | Details: Usuário 125 matriculado no curso 116
[2025-09-11 22:19:47] [SUCCESS] [enrollment_success] User: admin | Details: Usuário 125 matriculado no curso 117
[2025-09-11 22:19:47] [SUCCESS] [enrollment_success] User: admin | Details: Usuário 125 matriculado no curso 207
[2025-09-11 22:19:47] [SUCCESS] [enrollment_success] User: admin | Details: Usuário 125 matriculado no curso 218
[2025-09-11 22:19:47] [SUCCESS] [enrollment_success] User: admin | Details: Usuário 125 matriculado no curso 219
[2025-09-11 22:19:47] [SUCCESS] [enrollment_success] User: admin | Details: Usuário 125 matriculado no curso 221
[2025-09-11 22:19:47] [SUCCESS] [enrollment_success] User: admin | Details: Usuário 125 matriculado no curso 222
[2025-09-11 22:19:47] [SUCCESS] [enrollment_success] User: admin | Details: Usuário 125 matriculado no curso 278
[2025-09-11 22:19:47] [SUCCESS] [enrollment_success] User: admin | Details: Usuário 125 matriculado no curso 208
[2025-09-11 22:19:47] [SUCCESS] [enrollment_success] User: admin | Details: Usuário 125 matriculado no curso 210
[2025-09-11 22:19:47] [SUCCESS] [enrollment_success] User: admin | Details: Usuário 125 matriculado no curso 211
[2025-09-11 22:19:48] [SUCCESS] [enrollment_success] User: admin | Details: Usuário 125 matriculado no curso 212
[2025-09-11 22:19:48] [SUCCESS] [enrollment_success] User: admin | Details: Usuário 125 matriculado no curso 214
[2025-09-11 22:19:48] [SUCCESS] [enrollment_success] User: admin | Details: Usuário 125 matriculado no curso 216
[2025-09-11 22:19:48] [SUCCESS] [enrollment_success] User: admin | Details: Usuário 125 matriculado no curso 217
[2025-09-11 22:19:48] [SUCCESS] [enrollment_success] User: admin | Details: Usuário 125 matriculado no curso 279
[2025-09-11 22:19:48] [SUCCESS] [credentials_saved] User: admin | Pré-matrícula ID: 162 | Details: Credenciais salvas: aanaaclesia
[2025-09-11 22:19:51] [SUCCESS] [approval_complete] User: admin | Pré-matrícula ID: 162 | Details: Pré-matrícula aprovada e usuário criado: aanaaclesia
[2025-09-11 23:51:47] [SUCCESS] [credentials_resent] User: admin | Pré-matrícula ID: 162 | Details: Credenciais reenviadas para aanaaclesia@gmail.com
[2025-09-11 23:51:48] [SUCCESS] [credentials_resent] User: admin | Pré-matrícula ID: 162 | Details: Credenciais reenviadas para aanaaclesia@gmail.com
[2025-09-12 23:11:49] [SUCCESS] [create_user_start] User: admin | Pré-matrícula ID: 163 | Details: Iniciando para amorimtaynara214@gmail.com no polo ava
[2025-09-12 23:11:49] [SUCCESS] [creating_new_user] User: admin | Pré-matrícula ID: 163 | Details: Criando usuário: amorimtaynara214
[2025-09-12 23:11:49] [SUCCESS] [moodle_create_user_attempt] User: admin | Details: Criando usuário: amorimtaynara214 para email: amorimtaynara214@gmail.com
[2025-09-12 23:11:49] [SUCCESS] [moodle_create_user_success] User: admin | Details: Usuário criado com sucesso: amorimtaynara214 (ID: 126)
[2025-09-12 23:11:50] [SUCCESS] [enrollment_success] User: admin | Details: Usuário 126 matriculado no curso 112
[2025-09-12 23:11:50] [SUCCESS] [enrollment_success] User: admin | Details: Usuário 126 matriculado no curso 113
[2025-09-12 23:11:50] [SUCCESS] [enrollment_success] User: admin | Details: Usuário 126 matriculado no curso 114
[2025-09-12 23:11:50] [SUCCESS] [enrollment_success] User: admin | Details: Usuário 126 matriculado no curso 116
[2025-09-12 23:11:50] [SUCCESS] [enrollment_success] User: admin | Details: Usuário 126 matriculado no curso 117
[2025-09-12 23:11:50] [SUCCESS] [enrollment_success] User: admin | Details: Usuário 126 matriculado no curso 207
[2025-09-12 23:11:50] [SUCCESS] [enrollment_success] User: admin | Details: Usuário 126 matriculado no curso 218
[2025-09-12 23:11:50] [SUCCESS] [enrollment_success] User: admin | Details: Usuário 126 matriculado no curso 219
[2025-09-12 23:11:50] [SUCCESS] [enrollment_success] User: admin | Details: Usuário 126 matriculado no curso 221
[2025-09-12 23:11:50] [SUCCESS] [enrollment_success] User: admin | Details: Usuário 126 matriculado no curso 222
[2025-09-12 23:11:50] [SUCCESS] [enrollment_success] User: admin | Details: Usuário 126 matriculado no curso 278
[2025-09-12 23:11:50] [SUCCESS] [enrollment_success] User: admin | Details: Usuário 126 matriculado no curso 208
[2025-09-12 23:11:50] [SUCCESS] [enrollment_success] User: admin | Details: Usuário 126 matriculado no curso 210
[2025-09-12 23:11:50] [SUCCESS] [enrollment_success] User: admin | Details: Usuário 126 matriculado no curso 211
[2025-09-12 23:11:51] [SUCCESS] [enrollment_success] User: admin | Details: Usuário 126 matriculado no curso 212
[2025-09-12 23:11:51] [SUCCESS] [enrollment_success] User: admin | Details: Usuário 126 matriculado no curso 214
[2025-09-12 23:11:51] [SUCCESS] [enrollment_success] User: admin | Details: Usuário 126 matriculado no curso 216
[2025-09-12 23:11:51] [SUCCESS] [enrollment_success] User: admin | Details: Usuário 126 matriculado no curso 217
[2025-09-12 23:11:51] [SUCCESS] [enrollment_success] User: admin | Details: Usuário 126 matriculado no curso 279
[2025-09-12 23:11:51] [SUCCESS] [credentials_saved] User: admin | Pré-matrícula ID: 163 | Details: Credenciais salvas: amorimtaynara214
[2025-09-12 23:11:56] [SUCCESS] [approval_complete] User: admin | Pré-matrícula ID: 163 | Details: Pré-matrícula aprovada e usuário criado: amorimtaynara214
[2025-09-17 00:22:21] [SUCCESS] [create_user_start] User: admin | Pré-matrícula ID: 164 | Details: Iniciando para paulaappolinario17@gmail.com no polo ava
[2025-09-17 00:22:22] [SUCCESS] [update_password] User: admin | Details: Senha atualizada para usuário ID 122
[2025-09-17 00:22:22] [SUCCESS] [user_exists] User: admin | Pré-matrícula ID: 164 | Details: Reutilizando usuário: paulaappolinario17 (ID: 122)
[2025-09-17 00:22:23] [SUCCESS] [enrollment_success] User: admin | Details: Usuário 122 matriculado no curso 2
[2025-09-17 00:22:23] [SUCCESS] [enrollment_success] User: admin | Details: Usuário 122 matriculado no curso 4
[2025-09-17 00:22:23] [SUCCESS] [enrollment_success] User: admin | Details: Usuário 122 matriculado no curso 5
[2025-09-17 00:22:23] [SUCCESS] [enrollment_success] User: admin | Details: Usuário 122 matriculado no curso 6
[2025-09-17 00:22:23] [SUCCESS] [enrollment_success] User: admin | Details: Usuário 122 matriculado no curso 7
[2025-09-17 00:22:23] [SUCCESS] [enrollment_success] User: admin | Details: Usuário 122 matriculado no curso 8
[2025-09-17 00:22:23] [SUCCESS] [enrollment_success] User: admin | Details: Usuário 122 matriculado no curso 9
[2025-09-17 00:22:23] [SUCCESS] [enrollment_success] User: admin | Details: Usuário 122 matriculado no curso 12
[2025-09-17 00:22:23] [SUCCESS] [enrollment_success] User: admin | Details: Usuário 122 matriculado no curso 10
[2025-09-17 00:22:24] [SUCCESS] [enrollment_success] User: admin | Details: Usuário 122 matriculado no curso 11
[2025-09-17 00:22:24] [SUCCESS] [enrollment_success] User: admin | Details: Usuário 122 matriculado no curso 13
[2025-09-17 00:22:24] [SUCCESS] [enrollment_success] User: admin | Details: Usuário 122 matriculado no curso 14
[2025-09-17 00:22:24] [SUCCESS] [enrollment_success] User: admin | Details: Usuário 122 matriculado no curso 17
[2025-09-17 00:22:24] [SUCCESS] [enrollment_success] User: admin | Details: Usuário 122 matriculado no curso 3
[2025-09-17 00:22:24] [SUCCESS] [enrollment_success] User: admin | Details: Usuário 122 matriculado no curso 15
[2025-09-17 00:22:24] [SUCCESS] [enrollment_success] User: admin | Details: Usuário 122 matriculado no curso 16
[2025-09-17 00:22:24] [SUCCESS] [enrollment_success] User: admin | Details: Usuário 122 matriculado no curso 18
[2025-09-17 00:22:24] [SUCCESS] [enrollment_success] User: admin | Details: Usuário 122 matriculado no curso 19
[2025-09-17 00:22:24] [SUCCESS] [enrollment_success] User: admin | Details: Usuário 122 matriculado no curso 21
[2025-09-17 00:22:24] [SUCCESS] [enrollment_success] User: admin | Details: Usuário 122 matriculado no curso 22
[2025-09-17 00:22:24] [SUCCESS] [credentials_saved] User: admin | Pré-matrícula ID: 164 | Details: Credenciais salvas: paulaappolinario17
[2025-09-17 00:22:27] [SUCCESS] [approval_complete] User: admin | Pré-matrícula ID: 164 | Details: Pré-matrícula aprovada e usuário criado: paulaappolinario17
[2025-09-17 00:22:41] [SUCCESS] [create_user_start] User: admin | Pré-matrícula ID: 165 | Details: Iniciando para lenafernandes5978@gmail.com no polo ava
[2025-09-17 00:22:42] [SUCCESS] [creating_new_user] User: admin | Pré-matrícula ID: 165 | Details: Criando usuário: lenafernandes5978
[2025-09-17 00:22:42] [SUCCESS] [moodle_create_user_attempt] User: admin | Details: Criando usuário: lenafernandes5978 para email: lenafernandes5978@gmail.com
[2025-09-17 00:22:42] [SUCCESS] [moodle_create_user_success] User: admin | Details: Usuário criado com sucesso: lenafernandes5978 (ID: 127)
[2025-09-17 00:22:42] [SUCCESS] [enrollment_success] User: admin | Details: Usuário 127 matriculado no curso 2
[2025-09-17 00:22:42] [SUCCESS] [enrollment_success] User: admin | Details: Usuário 127 matriculado no curso 4
[2025-09-17 00:22:42] [SUCCESS] [enrollment_success] User: admin | Details: Usuário 127 matriculado no curso 5
[2025-09-17 00:22:42] [SUCCESS] [enrollment_success] User: admin | Details: Usuário 127 matriculado no curso 6
[2025-09-17 00:22:42] [SUCCESS] [enrollment_success] User: admin | Details: Usuário 127 matriculado no curso 7
[2025-09-17 00:22:42] [SUCCESS] [enrollment_success] User: admin | Details: Usuário 127 matriculado no curso 8
[2025-09-17 00:22:42] [SUCCESS] [enrollment_success] User: admin | Details: Usuário 127 matriculado no curso 9
[2025-09-17 00:22:42] [SUCCESS] [enrollment_success] User: admin | Details: Usuário 127 matriculado no curso 12
[2025-09-17 00:22:42] [SUCCESS] [enrollment_success] User: admin | Details: Usuário 127 matriculado no curso 10
[2025-09-17 00:22:42] [SUCCESS] [enrollment_success] User: admin | Details: Usuário 127 matriculado no curso 11
[2025-09-17 00:22:42] [SUCCESS] [enrollment_success] User: admin | Details: Usuário 127 matriculado no curso 13
[2025-09-17 00:22:42] [SUCCESS] [enrollment_success] User: admin | Details: Usuário 127 matriculado no curso 14
[2025-09-17 00:22:42] [SUCCESS] [enrollment_success] User: admin | Details: Usuário 127 matriculado no curso 17
[2025-09-17 00:22:42] [SUCCESS] [enrollment_success] User: admin | Details: Usuário 127 matriculado no curso 3
[2025-09-17 00:22:42] [SUCCESS] [enrollment_success] User: admin | Details: Usuário 127 matriculado no curso 15
[2025-09-17 00:22:43] [SUCCESS] [enrollment_success] User: admin | Details: Usuário 127 matriculado no curso 16
[2025-09-17 00:22:43] [SUCCESS] [enrollment_success] User: admin | Details: Usuário 127 matriculado no curso 18
[2025-09-17 00:22:43] [SUCCESS] [enrollment_success] User: admin | Details: Usuário 127 matriculado no curso 19
[2025-09-17 00:22:43] [SUCCESS] [enrollment_success] User: admin | Details: Usuário 127 matriculado no curso 21
[2025-09-17 00:22:43] [SUCCESS] [enrollment_success] User: admin | Details: Usuário 127 matriculado no curso 22
[2025-09-17 00:22:43] [SUCCESS] [credentials_saved] User: admin | Pré-matrícula ID: 165 | Details: Credenciais salvas: lenafernandes5978
[2025-09-17 00:22:43] [SUCCESS] [create_user_start] User: admin | Pré-matrícula ID: 165 | Details: Iniciando para lenafernandes5978@gmail.com no polo ava
[2025-09-17 00:22:43] [SUCCESS] [update_password] User: admin | Details: Senha atualizada para usuário ID 127
[2025-09-17 00:22:43] [SUCCESS] [user_exists] User: admin | Pré-matrícula ID: 165 | Details: Reutilizando usuário: lenafernandes5978 (ID: 127)
[2025-09-17 00:22:44] [SUCCESS] [enrollment_success] User: admin | Details: Usuário 127 matriculado no curso 2
[2025-09-17 00:22:44] [SUCCESS] [enrollment_success] User: admin | Details: Usuário 127 matriculado no curso 4
[2025-09-17 00:22:44] [SUCCESS] [enrollment_success] User: admin | Details: Usuário 127 matriculado no curso 5
[2025-09-17 00:22:44] [SUCCESS] [enrollment_success] User: admin | Details: Usuário 127 matriculado no curso 6
[2025-09-17 00:22:44] [SUCCESS] [enrollment_success] User: admin | Details: Usuário 127 matriculado no curso 7
[2025-09-17 00:22:44] [SUCCESS] [enrollment_success] User: admin | Details: Usuário 127 matriculado no curso 8
[2025-09-17 00:22:44] [SUCCESS] [enrollment_success] User: admin | Details: Usuário 127 matriculado no curso 9
[2025-09-17 00:22:44] [SUCCESS] [enrollment_success] User: admin | Details: Usuário 127 matriculado no curso 12
[2025-09-17 00:22:44] [SUCCESS] [enrollment_success] User: admin | Details: Usuário 127 matriculado no curso 10
[2025-09-17 00:22:44] [SUCCESS] [enrollment_success] User: admin | Details: Usuário 127 matriculado no curso 11
[2025-09-17 00:22:44] [SUCCESS] [enrollment_success] User: admin | Details: Usuário 127 matriculado no curso 13
[2025-09-17 00:22:44] [SUCCESS] [enrollment_success] User: admin | Details: Usuário 127 matriculado no curso 14
[2025-09-17 00:22:44] [SUCCESS] [enrollment_success] User: admin | Details: Usuário 127 matriculado no curso 17
[2025-09-17 00:22:44] [SUCCESS] [enrollment_success] User: admin | Details: Usuário 127 matriculado no curso 3
[2025-09-17 00:22:44] [SUCCESS] [enrollment_success] User: admin | Details: Usuário 127 matriculado no curso 15
[2025-09-17 00:22:44] [SUCCESS] [enrollment_success] User: admin | Details: Usuário 127 matriculado no curso 16
[2025-09-17 00:22:44] [SUCCESS] [enrollment_success] User: admin | Details: Usuário 127 matriculado no curso 18
[2025-09-17 00:22:44] [SUCCESS] [enrollment_success] User: admin | Details: Usuário 127 matriculado no curso 19
[2025-09-17 00:22:44] [SUCCESS] [enrollment_success] User: admin | Details: Usuário 127 matriculado no curso 21
[2025-09-17 00:22:44] [SUCCESS] [enrollment_success] User: admin | Details: Usuário 127 matriculado no curso 22
[2025-09-17 00:22:44] [SUCCESS] [credentials_saved] User: admin | Pré-matrícula ID: 165 | Details: Credenciais salvas: lenafernandes5978
[2025-09-17 00:22:46] [SUCCESS] [approval_complete] User: admin | Pré-matrícula ID: 165 | Details: Pré-matrícula aprovada e usuário criado: lenafernandes5978
[2025-09-17 00:22:47] [SUCCESS] [approval_complete] User: admin | Pré-matrícula ID: 165 | Details: Pré-matrícula aprovada e usuário criado: lenafernandes5978
[2025-09-17 22:57:00] [SUCCESS] [create_user_start] User: admin | Pré-matrícula ID: 166 | Details: Iniciando para sofiadesouzacruz53@gmail.com no polo ava
[2025-09-17 22:57:00] [SUCCESS] [creating_new_user] User: admin | Pré-matrícula ID: 166 | Details: Criando usuário: sofiadesouzacruz53
[2025-09-17 22:57:00] [SUCCESS] [moodle_create_user_attempt] User: admin | Details: Criando usuário: sofiadesouzacruz53 para email: sofiadesouzacruz53@gmail.com
[2025-09-17 22:57:00] [SUCCESS] [moodle_create_user_success] User: admin | Details: Usuário criado com sucesso: sofiadesouzacruz53 (ID: 128)
[2025-09-17 22:57:01] [SUCCESS] [enrollment_success] User: admin | Details: Usuário 128 matriculado no curso 112
[2025-09-17 22:57:01] [SUCCESS] [enrollment_success] User: admin | Details: Usuário 128 matriculado no curso 113
[2025-09-17 22:57:01] [SUCCESS] [enrollment_success] User: admin | Details: Usuário 128 matriculado no curso 114
[2025-09-17 22:57:02] [SUCCESS] [enrollment_success] User: admin | Details: Usuário 128 matriculado no curso 116
[2025-09-17 22:57:02] [SUCCESS] [enrollment_success] User: admin | Details: Usuário 128 matriculado no curso 117
[2025-09-17 22:57:02] [SUCCESS] [enrollment_success] User: admin | Details: Usuário 128 matriculado no curso 207
[2025-09-17 22:57:02] [SUCCESS] [enrollment_success] User: admin | Details: Usuário 128 matriculado no curso 218
[2025-09-17 22:57:02] [SUCCESS] [enrollment_success] User: admin | Details: Usuário 128 matriculado no curso 219
[2025-09-17 22:57:02] [SUCCESS] [enrollment_success] User: admin | Details: Usuário 128 matriculado no curso 221
[2025-09-17 22:57:02] [SUCCESS] [enrollment_success] User: admin | Details: Usuário 128 matriculado no curso 222
[2025-09-17 22:57:02] [SUCCESS] [enrollment_success] User: admin | Details: Usuário 128 matriculado no curso 278
[2025-09-17 22:57:02] [SUCCESS] [enrollment_success] User: admin | Details: Usuário 128 matriculado no curso 208
[2025-09-17 22:57:02] [SUCCESS] [enrollment_success] User: admin | Details: Usuário 128 matriculado no curso 210
[2025-09-17 22:57:02] [SUCCESS] [enrollment_success] User: admin | Details: Usuário 128 matriculado no curso 211
[2025-09-17 22:57:03] [SUCCESS] [enrollment_success] User: admin | Details: Usuário 128 matriculado no curso 212
[2025-09-17 22:57:03] [SUCCESS] [enrollment_success] User: admin | Details: Usuário 128 matriculado no curso 214
[2025-09-17 22:57:03] [SUCCESS] [enrollment_success] User: admin | Details: Usuário 128 matriculado no curso 216
[2025-09-17 22:57:03] [SUCCESS] [enrollment_success] User: admin | Details: Usuário 128 matriculado no curso 217
[2025-09-17 22:57:03] [SUCCESS] [enrollment_success] User: admin | Details: Usuário 128 matriculado no curso 279
[2025-09-17 22:57:03] [SUCCESS] [credentials_saved] User: admin | Pré-matrícula ID: 166 | Details: Credenciais salvas: sofiadesouzacruz53
[2025-09-17 22:57:06] [SUCCESS] [approval_complete] User: admin | Pré-matrícula ID: 166 | Details: Pré-matrícula aprovada e usuário criado: sofiadesouzacruz53
[2025-09-18 13:18:14] [SUCCESS] [create_user_start] User: admin | Pré-matrícula ID: 168 | Details: Iniciando para moreiracibele11@gmail.com no polo ava
[2025-09-18 13:18:15] [SUCCESS] [creating_new_user] User: admin | Pré-matrícula ID: 168 | Details: Criando usuário: moreiracibele11
[2025-09-18 13:18:15] [SUCCESS] [moodle_create_user_attempt] User: admin | Details: Criando usuário: moreiracibele11 para email: moreiracibele11@gmail.com
[2025-09-18 13:18:15] [SUCCESS] [moodle_create_user_success] User: admin | Details: Usuário criado com sucesso: moreiracibele11 (ID: 129)
[2025-09-18 13:18:17] [SUCCESS] [enrollment_success] User: admin | Details: Usuário 129 matriculado no curso 2
[2025-09-18 13:18:17] [SUCCESS] [enrollment_success] User: admin | Details: Usuário 129 matriculado no curso 4
[2025-09-18 13:18:17] [SUCCESS] [enrollment_success] User: admin | Details: Usuário 129 matriculado no curso 5
[2025-09-18 13:18:17] [SUCCESS] [enrollment_success] User: admin | Details: Usuário 129 matriculado no curso 6
[2025-09-18 13:18:17] [SUCCESS] [enrollment_success] User: admin | Details: Usuário 129 matriculado no curso 7
[2025-09-18 13:18:17] [SUCCESS] [enrollment_success] User: admin | Details: Usuário 129 matriculado no curso 8
[2025-09-18 13:18:17] [SUCCESS] [enrollment_success] User: admin | Details: Usuário 129 matriculado no curso 9
[2025-09-18 13:18:17] [SUCCESS] [enrollment_success] User: admin | Details: Usuário 129 matriculado no curso 12
[2025-09-18 13:18:17] [SUCCESS] [enrollment_success] User: admin | Details: Usuário 129 matriculado no curso 10
[2025-09-18 13:18:17] [SUCCESS] [enrollment_success] User: admin | Details: Usuário 129 matriculado no curso 11
[2025-09-18 13:18:18] [SUCCESS] [enrollment_success] User: admin | Details: Usuário 129 matriculado no curso 13
[2025-09-18 13:18:18] [SUCCESS] [enrollment_success] User: admin | Details: Usuário 129 matriculado no curso 14
[2025-09-18 13:18:18] [SUCCESS] [enrollment_success] User: admin | Details: Usuário 129 matriculado no curso 17
[2025-09-18 13:18:18] [SUCCESS] [enrollment_success] User: admin | Details: Usuário 129 matriculado no curso 3
[2025-09-18 13:18:18] [SUCCESS] [enrollment_success] User: admin | Details: Usuário 129 matriculado no curso 15
[2025-09-18 13:18:18] [SUCCESS] [enrollment_success] User: admin | Details: Usuário 129 matriculado no curso 16
[2025-09-18 13:18:18] [SUCCESS] [enrollment_success] User: admin | Details: Usuário 129 matriculado no curso 18
[2025-09-18 13:18:18] [SUCCESS] [enrollment_success] User: admin | Details: Usuário 129 matriculado no curso 19
[2025-09-18 13:18:18] [SUCCESS] [enrollment_success] User: admin | Details: Usuário 129 matriculado no curso 21
[2025-09-18 13:18:18] [SUCCESS] [enrollment_success] User: admin | Details: Usuário 129 matriculado no curso 22
[2025-09-18 13:18:18] [SUCCESS] [credentials_saved] User: admin | Pré-matrícula ID: 168 | Details: Credenciais salvas: moreiracibele11
[2025-09-18 13:18:22] [SUCCESS] [approval_complete] User: admin | Pré-matrícula ID: 168 | Details: Pré-matrícula aprovada e usuário criado: moreiracibele11
[2025-09-18 13:18:28] [SUCCESS] [create_user_start] User: admin | Pré-matrícula ID: 167 | Details: Iniciando para moreiracibele11@gmail.com no polo ava
[2025-09-18 13:18:29] [SUCCESS] [update_password] User: admin | Details: Senha atualizada para usuário ID 129
[2025-09-18 13:18:29] [SUCCESS] [user_exists] User: admin | Pré-matrícula ID: 167 | Details: Reutilizando usuário: moreiracibele11 (ID: 129)
[2025-09-18 13:18:29] [SUCCESS] [enrollment_success] User: admin | Details: Usuário 129 matriculado no curso 112
[2025-09-18 13:18:29] [SUCCESS] [enrollment_success] User: admin | Details: Usuário 129 matriculado no curso 113
[2025-09-18 13:18:30] [SUCCESS] [enrollment_success] User: admin | Details: Usuário 129 matriculado no curso 114
[2025-09-18 13:18:30] [SUCCESS] [enrollment_success] User: admin | Details: Usuário 129 matriculado no curso 116
[2025-09-18 13:18:30] [SUCCESS] [enrollment_success] User: admin | Details: Usuário 129 matriculado no curso 117
[2025-09-18 13:18:30] [SUCCESS] [enrollment_success] User: admin | Details: Usuário 129 matriculado no curso 207
[2025-09-18 13:18:30] [SUCCESS] [enrollment_success] User: admin | Details: Usuário 129 matriculado no curso 218
[2025-09-18 13:18:30] [SUCCESS] [enrollment_success] User: admin | Details: Usuário 129 matriculado no curso 219
[2025-09-18 13:18:30] [SUCCESS] [enrollment_success] User: admin | Details: Usuário 129 matriculado no curso 221
[2025-09-18 13:18:30] [SUCCESS] [enrollment_success] User: admin | Details: Usuário 129 matriculado no curso 222
[2025-09-18 13:18:30] [SUCCESS] [enrollment_success] User: admin | Details: Usuário 129 matriculado no curso 278
[2025-09-18 13:18:30] [SUCCESS] [enrollment_success] User: admin | Details: Usuário 129 matriculado no curso 208
[2025-09-18 13:18:30] [SUCCESS] [enrollment_success] User: admin | Details: Usuário 129 matriculado no curso 210
[2025-09-18 13:18:30] [SUCCESS] [enrollment_success] User: admin | Details: Usuário 129 matriculado no curso 211
[2025-09-18 13:18:30] [SUCCESS] [enrollment_success] User: admin | Details: Usuário 129 matriculado no curso 212
[2025-09-18 13:18:31] [SUCCESS] [enrollment_success] User: admin | Details: Usuário 129 matriculado no curso 214
[2025-09-18 13:18:31] [SUCCESS] [enrollment_success] User: admin | Details: Usuário 129 matriculado no curso 216
[2025-09-18 13:18:31] [SUCCESS] [enrollment_success] User: admin | Details: Usuário 129 matriculado no curso 217
[2025-09-18 13:18:31] [SUCCESS] [enrollment_success] User: admin | Details: Usuário 129 matriculado no curso 279
[2025-09-18 13:18:31] [SUCCESS] [credentials_saved] User: admin | Pré-matrícula ID: 167 | Details: Credenciais salvas: moreiracibele11
[2025-09-18 13:18:34] [SUCCESS] [approval_complete] User: admin | Pré-matrícula ID: 167 | Details: Pré-matrícula aprovada e usuário criado: moreiracibele11
[2025-09-18 14:20:46] [SUCCESS] [create_user_start] User: admin | Pré-matrícula ID: 170 | Details: Iniciando para rhutemoreirasampaio@gmail.com no polo ava
[2025-09-18 14:20:46] [SUCCESS] [creating_new_user] User: admin | Pré-matrícula ID: 170 | Details: Criando usuário: rhutemoreirasampaio
[2025-09-18 14:20:46] [SUCCESS] [moodle_create_user_attempt] User: admin | Details: Criando usuário: rhutemoreirasampaio para email: rhutemoreirasampaio@gmail.com
[2025-09-18 14:20:47] [SUCCESS] [moodle_create_user_success] User: admin | Details: Usuário criado com sucesso: rhutemoreirasampaio (ID: 130)
[2025-09-18 14:20:48] [SUCCESS] [enrollment_success] User: admin | Details: Usuário 130 matriculado no curso 2
[2025-09-18 14:20:48] [SUCCESS] [enrollment_success] User: admin | Details: Usuário 130 matriculado no curso 4
[2025-09-18 14:20:48] [SUCCESS] [enrollment_success] User: admin | Details: Usuário 130 matriculado no curso 5
[2025-09-18 14:20:48] [SUCCESS] [enrollment_success] User: admin | Details: Usuário 130 matriculado no curso 6
[2025-09-18 14:20:48] [SUCCESS] [enrollment_success] User: admin | Details: Usuário 130 matriculado no curso 7
[2025-09-18 14:20:48] [SUCCESS] [enrollment_success] User: admin | Details: Usuário 130 matriculado no curso 8
[2025-09-18 14:20:49] [SUCCESS] [enrollment_success] User: admin | Details: Usuário 130 matriculado no curso 9
[2025-09-18 14:20:49] [SUCCESS] [enrollment_success] User: admin | Details: Usuário 130 matriculado no curso 12
[2025-09-18 14:20:49] [SUCCESS] [enrollment_success] User: admin | Details: Usuário 130 matriculado no curso 10
[2025-09-18 14:20:49] [SUCCESS] [enrollment_success] User: admin | Details: Usuário 130 matriculado no curso 11
[2025-09-18 14:20:49] [SUCCESS] [enrollment_success] User: admin | Details: Usuário 130 matriculado no curso 13
[2025-09-18 14:20:49] [SUCCESS] [enrollment_success] User: admin | Details: Usuário 130 matriculado no curso 14
[2025-09-18 14:20:49] [SUCCESS] [enrollment_success] User: admin | Details: Usuário 130 matriculado no curso 17
[2025-09-18 14:20:49] [SUCCESS] [enrollment_success] User: admin | Details: Usuário 130 matriculado no curso 3
[2025-09-18 14:20:49] [SUCCESS] [enrollment_success] User: admin | Details: Usuário 130 matriculado no curso 15
[2025-09-18 14:20:49] [SUCCESS] [enrollment_success] User: admin | Details: Usuário 130 matriculado no curso 16
[2025-09-18 14:20:49] [SUCCESS] [enrollment_success] User: admin | Details: Usuário 130 matriculado no curso 18
[2025-09-18 14:20:49] [SUCCESS] [enrollment_success] User: admin | Details: Usuário 130 matriculado no curso 19
[2025-09-18 14:20:49] [SUCCESS] [enrollment_success] User: admin | Details: Usuário 130 matriculado no curso 21
[2025-09-18 14:20:49] [SUCCESS] [enrollment_success] User: admin | Details: Usuário 130 matriculado no curso 22
[2025-09-18 14:20:49] [SUCCESS] [credentials_saved] User: admin | Pré-matrícula ID: 170 | Details: Credenciais salvas: rhutemoreirasampaio
[2025-09-18 14:20:53] [SUCCESS] [approval_complete] User: admin | Pré-matrícula ID: 170 | Details: Pré-matrícula aprovada e usuário criado: rhutemoreirasampaio
[2025-09-18 14:20:59] [SUCCESS] [create_user_start] User: admin | Pré-matrícula ID: 169 | Details: Iniciando para rhutemoreirasampaio@gmail.com no polo ava
[2025-09-18 14:20:59] [SUCCESS] [update_password] User: admin | Details: Senha atualizada para usuário ID 130
[2025-09-18 14:20:59] [SUCCESS] [user_exists] User: admin | Pré-matrícula ID: 169 | Details: Reutilizando usuário: rhutemoreirasampaio (ID: 130)
[2025-09-18 14:21:00] [SUCCESS] [enrollment_success] User: admin | Details: Usuário 130 matriculado no curso 112
[2025-09-18 14:21:00] [SUCCESS] [enrollment_success] User: admin | Details: Usuário 130 matriculado no curso 113
[2025-09-18 14:21:00] [SUCCESS] [enrollment_success] User: admin | Details: Usuário 130 matriculado no curso 114
[2025-09-18 14:21:00] [SUCCESS] [enrollment_success] User: admin | Details: Usuário 130 matriculado no curso 116
[2025-09-18 14:21:00] [SUCCESS] [enrollment_success] User: admin | Details: Usuário 130 matriculado no curso 117
[2025-09-18 14:21:00] [SUCCESS] [enrollment_success] User: admin | Details: Usuário 130 matriculado no curso 207
[2025-09-18 14:21:01] [SUCCESS] [enrollment_success] User: admin | Details: Usuário 130 matriculado no curso 218
[2025-09-18 14:21:01] [SUCCESS] [enrollment_success] User: admin | Details: Usuário 130 matriculado no curso 219
[2025-09-18 14:21:01] [SUCCESS] [enrollment_success] User: admin | Details: Usuário 130 matriculado no curso 221
[2025-09-18 14:21:01] [SUCCESS] [enrollment_success] User: admin | Details: Usuário 130 matriculado no curso 222
[2025-09-18 14:21:01] [SUCCESS] [enrollment_success] User: admin | Details: Usuário 130 matriculado no curso 278
[2025-09-18 14:21:01] [SUCCESS] [enrollment_success] User: admin | Details: Usuário 130 matriculado no curso 208
[2025-09-18 14:21:01] [SUCCESS] [enrollment_success] User: admin | Details: Usuário 130 matriculado no curso 210
[2025-09-18 14:21:02] [SUCCESS] [enrollment_success] User: admin | Details: Usuário 130 matriculado no curso 211
[2025-09-18 14:21:02] [SUCCESS] [enrollment_success] User: admin | Details: Usuário 130 matriculado no curso 212
[2025-09-18 14:21:02] [SUCCESS] [enrollment_success] User: admin | Details: Usuário 130 matriculado no curso 214
[2025-09-18 14:21:02] [SUCCESS] [enrollment_success] User: admin | Details: Usuário 130 matriculado no curso 216
[2025-09-18 14:21:02] [SUCCESS] [enrollment_success] User: admin | Details: Usuário 130 matriculado no curso 217
[2025-09-18 14:21:02] [SUCCESS] [enrollment_success] User: admin | Details: Usuário 130 matriculado no curso 279
[2025-09-18 14:21:02] [SUCCESS] [credentials_saved] User: admin | Pré-matrícula ID: 169 | Details: Credenciais salvas: rhutemoreirasampaio
[2025-09-18 14:21:06] [SUCCESS] [approval_complete] User: admin | Pré-matrícula ID: 169 | Details: Pré-matrícula aprovada e usuário criado: rhutemoreirasampaio
[2025-09-18 14:24:57] [SUCCESS] [create_user_start] User: admin | Pré-matrícula ID: 171 | Details: Iniciando para vieirakevenny@gmail.com no polo ava
[2025-09-18 14:24:57] [SUCCESS] [creating_new_user] User: admin | Pré-matrícula ID: 171 | Details: Criando usuário: vieirakevenny
[2025-09-18 14:24:57] [SUCCESS] [moodle_create_user_attempt] User: admin | Details: Criando usuário: vieirakevenny para email: vieirakevenny@gmail.com
[2025-09-18 14:24:57] [SUCCESS] [moodle_create_user_success] User: admin | Details: Usuário criado com sucesso: vieirakevenny (ID: 131)
[2025-09-18 14:24:58] [SUCCESS] [enrollment_success] User: admin | Details: Usuário 131 matriculado no curso 106
[2025-09-18 14:24:58] [SUCCESS] [enrollment_success] User: admin | Details: Usuário 131 matriculado no curso 107
[2025-09-18 14:24:58] [SUCCESS] [enrollment_success] User: admin | Details: Usuário 131 matriculado no curso 108
[2025-09-18 14:24:58] [SUCCESS] [enrollment_success] User: admin | Details: Usuário 131 matriculado no curso 109
[2025-09-18 14:24:58] [SUCCESS] [enrollment_success] User: admin | Details: Usuário 131 matriculado no curso 110
[2025-09-18 14:24:58] [SUCCESS] [enrollment_success] User: admin | Details: Usuário 131 matriculado no curso 111
[2025-09-18 14:24:58] [SUCCESS] [enrollment_success] User: admin | Details: Usuário 131 matriculado no curso 191
[2025-09-18 14:24:58] [SUCCESS] [enrollment_success] User: admin | Details: Usuário 131 matriculado no curso 192
[2025-09-18 14:24:59] [SUCCESS] [enrollment_success] User: admin | Details: Usuário 131 matriculado no curso 193
[2025-09-18 14:24:59] [SUCCESS] [enrollment_success] User: admin | Details: Usuário 131 matriculado no curso 194
[2025-09-18 14:24:59] [SUCCESS] [enrollment_success] User: admin | Details: Usuário 131 matriculado no curso 195
[2025-09-18 14:24:59] [SUCCESS] [enrollment_success] User: admin | Details: Usuário 131 matriculado no curso 196
[2025-09-18 14:24:59] [SUCCESS] [enrollment_success] User: admin | Details: Usuário 131 matriculado no curso 99
[2025-09-18 14:24:59] [SUCCESS] [enrollment_success] User: admin | Details: Usuário 131 matriculado no curso 100
[2025-09-18 14:24:59] [SUCCESS] [enrollment_success] User: admin | Details: Usuário 131 matriculado no curso 101
[2025-09-18 14:24:59] [SUCCESS] [create_user_start] User: admin | Pré-matrícula ID: 171 | Details: Iniciando para vieirakevenny@gmail.com no polo ava
[2025-09-18 14:24:59] [SUCCESS] [enrollment_success] User: admin | Details: Usuário 131 matriculado no curso 102
[2025-09-18 14:24:59] [SUCCESS] [update_password] User: admin | Details: Senha atualizada para usuário ID 131
[2025-09-18 14:24:59] [SUCCESS] [user_exists] User: admin | Pré-matrícula ID: 171 | Details: Reutilizando usuário: vieirakevenny (ID: 131)
[2025-09-18 14:24:59] [SUCCESS] [enrollment_success] User: admin | Details: Usuário 131 matriculado no curso 103
[2025-09-18 14:24:59] [SUCCESS] [enrollment_success] User: admin | Details: Usuário 131 matriculado no curso 104
[2025-09-18 14:24:59] [SUCCESS] [enrollment_success] User: admin | Details: Usuário 131 matriculado no curso 105
[2025-09-18 14:25:00] [SUCCESS] [enrollment_success] User: admin | Details: Usuário 131 matriculado no curso 198
[2025-09-18 14:25:00] [SUCCESS] [enrollment_success] User: admin | Details: Usuário 131 matriculado no curso 199
[2025-09-18 14:25:00] [SUCCESS] [enrollment_success] User: admin | Details: Usuário 131 matriculado no curso 200
[2025-09-18 14:25:00] [SUCCESS] [enrollment_success] User: admin | Details: Usuário 131 matriculado no curso 106
[2025-09-18 14:25:00] [SUCCESS] [enrollment_success] User: admin | Details: Usuário 131 matriculado no curso 201
[2025-09-18 14:25:00] [SUCCESS] [enrollment_success] User: admin | Details: Usuário 131 matriculado no curso 107
[2025-09-18 14:25:00] [SUCCESS] [enrollment_success] User: admin | Details: Usuário 131 matriculado no curso 108
[2025-09-18 14:25:00] [SUCCESS] [enrollment_success] User: admin | Details: Usuário 131 matriculado no curso 202
[2025-09-18 14:25:00] [SUCCESS] [enrollment_success] User: admin | Details: Usuário 131 matriculado no curso 109
[2025-09-18 14:25:00] [SUCCESS] [enrollment_success] User: admin | Details: Usuário 131 matriculado no curso 92
[2025-09-18 14:25:00] [SUCCESS] [enrollment_success] User: admin | Details: Usuário 131 matriculado no curso 110
[2025-09-18 14:25:00] [SUCCESS] [enrollment_success] User: admin | Details: Usuário 131 matriculado no curso 93
[2025-09-18 14:25:00] [SUCCESS] [enrollment_success] User: admin | Details: Usuário 131 matriculado no curso 111
[2025-09-18 14:25:00] [SUCCESS] [enrollment_success] User: admin | Details: Usuário 131 matriculado no curso 94
[2025-09-18 14:25:00] [SUCCESS] [enrollment_success] User: admin | Details: Usuário 131 matriculado no curso 191
[2025-09-18 14:25:00] [SUCCESS] [enrollment_success] User: admin | Details: Usuário 131 matriculado no curso 95
[2025-09-18 14:25:00] [SUCCESS] [enrollment_success] User: admin | Details: Usuário 131 matriculado no curso 192
[2025-09-18 14:25:00] [SUCCESS] [enrollment_success] User: admin | Details: Usuário 131 matriculado no curso 96
[2025-09-18 14:25:00] [SUCCESS] [enrollment_success] User: admin | Details: Usuário 131 matriculado no curso 193
[2025-09-18 14:25:00] [SUCCESS] [enrollment_success] User: admin | Details: Usuário 131 matriculado no curso 97
[2025-09-18 14:25:01] [SUCCESS] [enrollment_success] User: admin | Details: Usuário 131 matriculado no curso 194
[2025-09-18 14:25:01] [SUCCESS] [enrollment_success] User: admin | Details: Usuário 131 matriculado no curso 98
[2025-09-18 14:25:01] [SUCCESS] [enrollment_success] User: admin | Details: Usuário 131 matriculado no curso 195
[2025-09-18 14:25:01] [SUCCESS] [enrollment_success] User: admin | Details: Usuário 131 matriculado no curso 203
[2025-09-18 14:25:01] [SUCCESS] [enrollment_success] User: admin | Details: Usuário 131 matriculado no curso 196
[2025-09-18 14:25:01] [SUCCESS] [enrollment_success] User: admin | Details: Usuário 131 matriculado no curso 204
[2025-09-18 14:25:01] [SUCCESS] [enrollment_success] User: admin | Details: Usuário 131 matriculado no curso 99
[2025-09-18 14:25:01] [SUCCESS] [enrollment_success] User: admin | Details: Usuário 131 matriculado no curso 205
[2025-09-18 14:25:01] [SUCCESS] [enrollment_success] User: admin | Details: Usuário 131 matriculado no curso 100
[2025-09-18 14:25:01] [SUCCESS] [enrollment_success] User: admin | Details: Usuário 131 matriculado no curso 206
[2025-09-18 14:25:01] [SUCCESS] [credentials_saved] User: admin | Pré-matrícula ID: 171 | Details: Credenciais salvas: vieirakevenny
[2025-09-18 14:25:01] [SUCCESS] [enrollment_success] User: admin | Details: Usuário 131 matriculado no curso 101
[2025-09-18 14:25:01] [SUCCESS] [enrollment_success] User: admin | Details: Usuário 131 matriculado no curso 102
[2025-09-18 14:25:01] [SUCCESS] [enrollment_success] User: admin | Details: Usuário 131 matriculado no curso 103
[2025-09-18 14:25:01] [SUCCESS] [enrollment_success] User: admin | Details: Usuário 131 matriculado no curso 104
[2025-09-18 14:25:02] [SUCCESS] [enrollment_success] User: admin | Details: Usuário 131 matriculado no curso 105
[2025-09-18 14:25:02] [SUCCESS] [enrollment_success] User: admin | Details: Usuário 131 matriculado no curso 198
[2025-09-18 14:25:02] [SUCCESS] [enrollment_success] User: admin | Details: Usuário 131 matriculado no curso 199
[2025-09-18 14:25:02] [SUCCESS] [enrollment_success] User: admin | Details: Usuário 131 matriculado no curso 200
[2025-09-18 14:25:02] [SUCCESS] [enrollment_success] User: admin | Details: Usuário 131 matriculado no curso 201
[2025-09-18 14:25:03] [SUCCESS] [enrollment_success] User: admin | Details: Usuário 131 matriculado no curso 202
[2025-09-18 14:25:03] [SUCCESS] [enrollment_success] User: admin | Details: Usuário 131 matriculado no curso 92
[2025-09-18 14:25:03] [SUCCESS] [enrollment_success] User: admin | Details: Usuário 131 matriculado no curso 93
[2025-09-18 14:25:03] [SUCCESS] [enrollment_success] User: admin | Details: Usuário 131 matriculado no curso 94
[2025-09-18 14:25:03] [SUCCESS] [enrollment_success] User: admin | Details: Usuário 131 matriculado no curso 95
[2025-09-18 14:25:03] [SUCCESS] [enrollment_success] User: admin | Details: Usuário 131 matriculado no curso 96
[2025-09-18 14:25:03] [SUCCESS] [enrollment_success] User: admin | Details: Usuário 131 matriculado no curso 97
[2025-09-18 14:25:03] [SUCCESS] [enrollment_success] User: admin | Details: Usuário 131 matriculado no curso 98
[2025-09-18 14:25:03] [SUCCESS] [enrollment_success] User: admin | Details: Usuário 131 matriculado no curso 203
[2025-09-18 14:25:03] [SUCCESS] [enrollment_success] User: admin | Details: Usuário 131 matriculado no curso 204
[2025-09-18 14:25:04] [SUCCESS] [enrollment_success] User: admin | Details: Usuário 131 matriculado no curso 205
[2025-09-18 14:25:04] [SUCCESS] [enrollment_success] User: admin | Details: Usuário 131 matriculado no curso 206
[2025-09-18 14:25:04] [SUCCESS] [credentials_saved] User: admin | Pré-matrícula ID: 171 | Details: Credenciais salvas: vieirakevenny
[2025-09-18 14:25:05] [SUCCESS] [approval_complete] User: admin | Pré-matrícula ID: 171 | Details: Pré-matrícula aprovada e usuário criado: vieirakevenny
[2025-09-18 14:25:07] [SUCCESS] [approval_complete] User: admin | Pré-matrícula ID: 171 | Details: Pré-matrícula aprovada e usuário criado: vieirakevenny
[2025-09-20 11:46:10] [SUCCESS] [create_user_start] User: admin | Pré-matrícula ID: 172 | Details: Iniciando para jhonandrade747@gmail.com no polo ava
[2025-09-20 11:46:11] [SUCCESS] [creating_new_user] User: admin | Pré-matrícula ID: 172 | Details: Criando usuário: jhonandrade747
[2025-09-20 11:46:11] [SUCCESS] [moodle_create_user_attempt] User: admin | Details: Criando usuário: jhonandrade747 para email: jhonandrade747@gmail.com
[2025-09-20 11:46:11] [SUCCESS] [moodle_create_user_success] User: admin | Details: Usuário criado com sucesso: jhonandrade747 (ID: 132)
[2025-09-20 11:46:13] [SUCCESS] [enrollment_success] User: admin | Details: Usuário 132 matriculado no curso 112
[2025-09-20 11:46:13] [SUCCESS] [enrollment_success] User: admin | Details: Usuário 132 matriculado no curso 113
[2025-09-20 11:46:13] [SUCCESS] [enrollment_success] User: admin | Details: Usuário 132 matriculado no curso 114
[2025-09-20 11:46:13] [SUCCESS] [enrollment_success] User: admin | Details: Usuário 132 matriculado no curso 116
[2025-09-20 11:46:13] [SUCCESS] [enrollment_success] User: admin | Details: Usuário 132 matriculado no curso 117
[2025-09-20 11:46:13] [SUCCESS] [enrollment_success] User: admin | Details: Usuário 132 matriculado no curso 207
[2025-09-20 11:46:13] [SUCCESS] [enrollment_success] User: admin | Details: Usuário 132 matriculado no curso 218
[2025-09-20 11:46:14] [SUCCESS] [enrollment_success] User: admin | Details: Usuário 132 matriculado no curso 219
[2025-09-20 11:46:14] [SUCCESS] [enrollment_success] User: admin | Details: Usuário 132 matriculado no curso 221
[2025-09-20 11:46:14] [SUCCESS] [enrollment_success] User: admin | Details: Usuário 132 matriculado no curso 222
[2025-09-20 11:46:14] [SUCCESS] [enrollment_success] User: admin | Details: Usuário 132 matriculado no curso 278
[2025-09-20 11:46:14] [SUCCESS] [enrollment_success] User: admin | Details: Usuário 132 matriculado no curso 208
[2025-09-20 11:46:14] [SUCCESS] [enrollment_success] User: admin | Details: Usuário 132 matriculado no curso 210
[2025-09-20 11:46:14] [SUCCESS] [enrollment_success] User: admin | Details: Usuário 132 matriculado no curso 211
[2025-09-20 11:46:14] [SUCCESS] [enrollment_success] User: admin | Details: Usuário 132 matriculado no curso 212
[2025-09-20 11:46:14] [SUCCESS] [enrollment_success] User: admin | Details: Usuário 132 matriculado no curso 214
[2025-09-20 11:46:14] [SUCCESS] [enrollment_success] User: admin | Details: Usuário 132 matriculado no curso 216
[2025-09-20 11:46:14] [SUCCESS] [enrollment_success] User: admin | Details: Usuário 132 matriculado no curso 217
[2025-09-20 11:46:15] [SUCCESS] [enrollment_success] User: admin | Details: Usuário 132 matriculado no curso 279
[2025-09-20 11:46:15] [SUCCESS] [credentials_saved] User: admin | Pré-matrícula ID: 172 | Details: Credenciais salvas: jhonandrade747
[2025-09-20 11:46:18] [SUCCESS] [approval_complete] User: admin | Pré-matrícula ID: 172 | Details: Pré-matrícula aprovada e usuário criado: jhonandrade747
[2025-09-22 18:41:44] [SUCCESS] [rejection] User: admin | Pré-matrícula ID: 161 | Details: Pré-matrícula rejeitada: teste

[2025-09-22 18:41:54] [SUCCESS] [rejection] User: admin | Pré-matrícula ID: 173 | Details: Pré-matrícula rejeitada: teste 
[2025-09-25 18:45:24] [SUCCESS] [create_user_start] User: admin | Pré-matrícula ID: 175 | Details: Iniciando para lorranesouza214@gmail.com no polo ava
[2025-09-25 18:45:24] [SUCCESS] [creating_new_user] User: admin | Pré-matrícula ID: 175 | Details: Criando usuário: lorranesouza214
[2025-09-25 18:45:24] [SUCCESS] [moodle_create_user_attempt] User: admin | Details: Criando usuário: lorranesouza214 para email: lorranesouza214@gmail.com
[2025-09-25 18:45:24] [SUCCESS] [moodle_create_user_success] User: admin | Details: Usuário criado com sucesso: lorranesouza214 (ID: 133)
[2025-09-25 18:45:24] [SUCCESS] [enrollment_success] User: admin | Details: Usuário 133 matriculado no curso 2
[2025-09-25 18:45:24] [SUCCESS] [enrollment_success] User: admin | Details: Usuário 133 matriculado no curso 4
[2025-09-25 18:45:24] [SUCCESS] [enrollment_success] User: admin | Details: Usuário 133 matriculado no curso 5
[2025-09-25 18:45:24] [SUCCESS] [enrollment_success] User: admin | Details: Usuário 133 matriculado no curso 6
[2025-09-25 18:45:24] [SUCCESS] [enrollment_success] User: admin | Details: Usuário 133 matriculado no curso 7
[2025-09-25 18:45:24] [SUCCESS] [enrollment_success] User: admin | Details: Usuário 133 matriculado no curso 8
[2025-09-25 18:45:24] [SUCCESS] [enrollment_success] User: admin | Details: Usuário 133 matriculado no curso 9
[2025-09-25 18:45:25] [SUCCESS] [enrollment_success] User: admin | Details: Usuário 133 matriculado no curso 10
[2025-09-25 18:45:25] [SUCCESS] [enrollment_success] User: admin | Details: Usuário 133 matriculado no curso 280
[2025-09-25 18:45:25] [SUCCESS] [enrollment_success] User: admin | Details: Usuário 133 matriculado no curso 281
[2025-09-25 18:45:25] [SUCCESS] [enrollment_success] User: admin | Details: Usuário 133 matriculado no curso 11
[2025-09-25 18:45:25] [SUCCESS] [enrollment_success] User: admin | Details: Usuário 133 matriculado no curso 12
[2025-09-25 18:45:25] [SUCCESS] [enrollment_success] User: admin | Details: Usuário 133 matriculado no curso 13
[2025-09-25 18:45:25] [SUCCESS] [enrollment_success] User: admin | Details: Usuário 133 matriculado no curso 14
[2025-09-25 18:45:25] [SUCCESS] [enrollment_success] User: admin | Details: Usuário 133 matriculado no curso 15
[2025-09-25 18:45:25] [SUCCESS] [enrollment_success] User: admin | Details: Usuário 133 matriculado no curso 16
[2025-09-25 18:45:25] [SUCCESS] [enrollment_success] User: admin | Details: Usuário 133 matriculado no curso 17
[2025-09-25 18:45:25] [SUCCESS] [enrollment_success] User: admin | Details: Usuário 133 matriculado no curso 18
[2025-09-25 18:45:25] [SUCCESS] [enrollment_success] User: admin | Details: Usuário 133 matriculado no curso 19
[2025-09-25 18:45:25] [SUCCESS] [enrollment_success] User: admin | Details: Usuário 133 matriculado no curso 21
[2025-09-25 18:45:25] [SUCCESS] [enrollment_success] User: admin | Details: Usuário 133 matriculado no curso 22
[2025-09-25 18:45:25] [SUCCESS] [credentials_saved] User: admin | Pré-matrícula ID: 175 | Details: Credenciais salvas: lorranesouza214
[2025-09-25 18:45:29] [SUCCESS] [approval_complete] User: admin | Pré-matrícula ID: 175 | Details: Pré-matrícula aprovada e usuário criado: lorranesouza214
[2025-09-25 18:45:43] [SUCCESS] [create_user_start] User: admin | Pré-matrícula ID: 174 | Details: Iniciando para bianca345pacaja@gmail.com no polo ava
[2025-09-25 18:45:43] [SUCCESS] [creating_new_user] User: admin | Pré-matrícula ID: 174 | Details: Criando usuário: bianca345pacaja
[2025-09-25 18:45:43] [SUCCESS] [moodle_create_user_attempt] User: admin | Details: Criando usuário: bianca345pacaja para email: bianca345pacaja@gmail.com
[2025-09-25 18:45:43] [SUCCESS] [moodle_create_user_success] User: admin | Details: Usuário criado com sucesso: bianca345pacaja (ID: 134)
[2025-09-25 18:45:43] [SUCCESS] [enrollment_success] User: admin | Details: Usuário 134 matriculado no curso 2
[2025-09-25 18:45:43] [SUCCESS] [enrollment_success] User: admin | Details: Usuário 134 matriculado no curso 4
[2025-09-25 18:45:43] [SUCCESS] [enrollment_success] User: admin | Details: Usuário 134 matriculado no curso 5
[2025-09-25 18:45:43] [SUCCESS] [enrollment_success] User: admin | Details: Usuário 134 matriculado no curso 6
[2025-09-25 18:45:43] [SUCCESS] [enrollment_success] User: admin | Details: Usuário 134 matriculado no curso 7
[2025-09-25 18:45:43] [SUCCESS] [enrollment_success] User: admin | Details: Usuário 134 matriculado no curso 8
[2025-09-25 18:45:43] [SUCCESS] [enrollment_success] User: admin | Details: Usuário 134 matriculado no curso 9
[2025-09-25 18:45:43] [SUCCESS] [enrollment_success] User: admin | Details: Usuário 134 matriculado no curso 10
[2025-09-25 18:45:43] [SUCCESS] [enrollment_success] User: admin | Details: Usuário 134 matriculado no curso 280
[2025-09-25 18:45:43] [SUCCESS] [enrollment_success] User: admin | Details: Usuário 134 matriculado no curso 281
[2025-09-25 18:45:43] [SUCCESS] [enrollment_success] User: admin | Details: Usuário 134 matriculado no curso 11
[2025-09-25 18:45:43] [SUCCESS] [enrollment_success] User: admin | Details: Usuário 134 matriculado no curso 12
[2025-09-25 18:45:43] [SUCCESS] [enrollment_success] User: admin | Details: Usuário 134 matriculado no curso 13
[2025-09-25 18:45:43] [SUCCESS] [enrollment_success] User: admin | Details: Usuário 134 matriculado no curso 14
[2025-09-25 18:45:43] [SUCCESS] [enrollment_success] User: admin | Details: Usuário 134 matriculado no curso 15
[2025-09-25 18:45:43] [SUCCESS] [enrollment_success] User: admin | Details: Usuário 134 matriculado no curso 16
[2025-09-25 18:45:43] [SUCCESS] [enrollment_success] User: admin | Details: Usuário 134 matriculado no curso 17
[2025-09-25 18:45:44] [SUCCESS] [enrollment_success] User: admin | Details: Usuário 134 matriculado no curso 18
[2025-09-25 18:45:44] [SUCCESS] [enrollment_success] User: admin | Details: Usuário 134 matriculado no curso 19
[2025-09-25 18:45:44] [SUCCESS] [enrollment_success] User: admin | Details: Usuário 134 matriculado no curso 21
[2025-09-25 18:45:44] [SUCCESS] [enrollment_success] User: admin | Details: Usuário 134 matriculado no curso 22
[2025-09-25 18:45:44] [SUCCESS] [credentials_saved] User: admin | Pré-matrícula ID: 174 | Details: Credenciais salvas: bianca345pacaja
[2025-09-25 18:45:47] [SUCCESS] [approval_complete] User: admin | Pré-matrícula ID: 174 | Details: Pré-matrícula aprovada e usuário criado: bianca345pacaja
[2025-09-26 12:40:26] [SUCCESS] [rejection] User: admin | Pré-matrícula ID: 176 | Details: Pré-matrícula rejeitada: clinte desistiu

[2025-09-29 23:12:53] [SUCCESS] [create_user_start] User: admin | Pré-matrícula ID: 177 | Details: Iniciando para doraneinogueira043@gmail.com no polo ava
[2025-09-29 23:12:53] [SUCCESS] [creating_new_user] User: admin | Pré-matrícula ID: 177 | Details: Criando usuário: doraneinogueira043
[2025-09-29 23:12:53] [SUCCESS] [moodle_create_user_attempt] User: admin | Details: Criando usuário: doraneinogueira043 para email: doraneinogueira043@gmail.com
[2025-09-29 23:12:53] [SUCCESS] [moodle_create_user_success] User: admin | Details: Usuário criado com sucesso: doraneinogueira043 (ID: 135)
[2025-09-29 23:12:53] [SUCCESS] [enrollment_success] User: admin | Details: Usuário 135 matriculado no curso 2
[2025-09-29 23:12:53] [SUCCESS] [enrollment_success] User: admin | Details: Usuário 135 matriculado no curso 4
[2025-09-29 23:12:53] [SUCCESS] [enrollment_success] User: admin | Details: Usuário 135 matriculado no curso 5
[2025-09-29 23:12:53] [SUCCESS] [enrollment_success] User: admin | Details: Usuário 135 matriculado no curso 6
[2025-09-29 23:12:53] [SUCCESS] [enrollment_success] User: admin | Details: Usuário 135 matriculado no curso 7
[2025-09-29 23:12:53] [SUCCESS] [enrollment_success] User: admin | Details: Usuário 135 matriculado no curso 8
[2025-09-29 23:12:54] [SUCCESS] [enrollment_success] User: admin | Details: Usuário 135 matriculado no curso 9
[2025-09-29 23:12:54] [SUCCESS] [enrollment_success] User: admin | Details: Usuário 135 matriculado no curso 10
[2025-09-29 23:12:54] [SUCCESS] [enrollment_success] User: admin | Details: Usuário 135 matriculado no curso 280
[2025-09-29 23:12:54] [SUCCESS] [enrollment_success] User: admin | Details: Usuário 135 matriculado no curso 281
[2025-09-29 23:12:54] [SUCCESS] [enrollment_success] User: admin | Details: Usuário 135 matriculado no curso 11
[2025-09-29 23:12:54] [SUCCESS] [enrollment_success] User: admin | Details: Usuário 135 matriculado no curso 12
[2025-09-29 23:12:54] [SUCCESS] [enrollment_success] User: admin | Details: Usuário 135 matriculado no curso 13
[2025-09-29 23:12:54] [SUCCESS] [enrollment_success] User: admin | Details: Usuário 135 matriculado no curso 14
[2025-09-29 23:12:54] [SUCCESS] [enrollment_success] User: admin | Details: Usuário 135 matriculado no curso 15
[2025-09-29 23:12:54] [SUCCESS] [enrollment_success] User: admin | Details: Usuário 135 matriculado no curso 16
[2025-09-29 23:12:54] [SUCCESS] [enrollment_success] User: admin | Details: Usuário 135 matriculado no curso 17
[2025-09-29 23:12:54] [SUCCESS] [enrollment_success] User: admin | Details: Usuário 135 matriculado no curso 18
[2025-09-29 23:12:54] [SUCCESS] [enrollment_success] User: admin | Details: Usuário 135 matriculado no curso 19
[2025-09-29 23:12:54] [SUCCESS] [enrollment_success] User: admin | Details: Usuário 135 matriculado no curso 21
[2025-09-29 23:12:54] [SUCCESS] [enrollment_success] User: admin | Details: Usuário 135 matriculado no curso 22
[2025-09-29 23:12:54] [SUCCESS] [credentials_saved] User: admin | Pré-matrícula ID: 177 | Details: Credenciais salvas: doraneinogueira043
[2025-09-29 23:12:57] [SUCCESS] [approval_complete] User: admin | Pré-matrícula ID: 177 | Details: Pré-matrícula aprovada e usuário criado: doraneinogueira043
[2025-10-01 20:57:08] [SUCCESS] [create_user_start] User: admin | Pré-matrícula ID: 178 | Details: Iniciando para simoesdamiao90@gmail.com no polo ava
[2025-10-01 20:57:08] [SUCCESS] [creating_new_user] User: admin | Pré-matrícula ID: 178 | Details: Criando usuário: simoesdamiao90
[2025-10-01 20:57:08] [SUCCESS] [moodle_create_user_attempt] User: admin | Details: Criando usuário: simoesdamiao90 para email: simoesdamiao90@gmail.com
[2025-10-01 20:57:08] [SUCCESS] [moodle_create_user_success] User: admin | Details: Usuário criado com sucesso: simoesdamiao90 (ID: 136)
[2025-10-01 20:57:09] [SUCCESS] [enrollment_success] User: admin | Details: Usuário 136 matriculado no curso 2
[2025-10-01 20:57:09] [SUCCESS] [enrollment_success] User: admin | Details: Usuário 136 matriculado no curso 4
[2025-10-01 20:57:09] [SUCCESS] [enrollment_success] User: admin | Details: Usuário 136 matriculado no curso 5
[2025-10-01 20:57:09] [SUCCESS] [enrollment_success] User: admin | Details: Usuário 136 matriculado no curso 6
[2025-10-01 20:57:09] [SUCCESS] [enrollment_success] User: admin | Details: Usuário 136 matriculado no curso 7
[2025-10-01 20:57:09] [SUCCESS] [enrollment_success] User: admin | Details: Usuário 136 matriculado no curso 8
[2025-10-01 20:57:09] [SUCCESS] [enrollment_success] User: admin | Details: Usuário 136 matriculado no curso 9
[2025-10-01 20:57:09] [SUCCESS] [enrollment_success] User: admin | Details: Usuário 136 matriculado no curso 10
[2025-10-01 20:57:09] [SUCCESS] [enrollment_success] User: admin | Details: Usuário 136 matriculado no curso 280
[2025-10-01 20:57:09] [SUCCESS] [enrollment_success] User: admin | Details: Usuário 136 matriculado no curso 281
[2025-10-01 20:57:09] [SUCCESS] [enrollment_success] User: admin | Details: Usuário 136 matriculado no curso 11
[2025-10-01 20:57:09] [SUCCESS] [enrollment_success] User: admin | Details: Usuário 136 matriculado no curso 12
[2025-10-01 20:57:09] [SUCCESS] [enrollment_success] User: admin | Details: Usuário 136 matriculado no curso 13
[2025-10-01 20:57:09] [SUCCESS] [enrollment_success] User: admin | Details: Usuário 136 matriculado no curso 14
[2025-10-01 20:57:09] [SUCCESS] [enrollment_success] User: admin | Details: Usuário 136 matriculado no curso 15
[2025-10-01 20:57:09] [SUCCESS] [enrollment_success] User: admin | Details: Usuário 136 matriculado no curso 16
[2025-10-01 20:57:09] [SUCCESS] [enrollment_success] User: admin | Details: Usuário 136 matriculado no curso 17
[2025-10-01 20:57:09] [SUCCESS] [enrollment_success] User: admin | Details: Usuário 136 matriculado no curso 18
[2025-10-01 20:57:09] [SUCCESS] [enrollment_success] User: admin | Details: Usuário 136 matriculado no curso 19
[2025-10-01 20:57:09] [SUCCESS] [enrollment_success] User: admin | Details: Usuário 136 matriculado no curso 21
[2025-10-01 20:57:10] [SUCCESS] [enrollment_success] User: admin | Details: Usuário 136 matriculado no curso 22
[2025-10-01 20:57:10] [SUCCESS] [credentials_saved] User: admin | Pré-matrícula ID: 178 | Details: Credenciais salvas: simoesdamiao90
[2025-10-01 20:57:13] [SUCCESS] [approval_complete] User: admin | Pré-matrícula ID: 178 | Details: Pré-matrícula aprovada e usuário criado: simoesdamiao90
[2025-10-02 23:42:35] [SUCCESS] [create_user_start] User: admin | Pré-matrícula ID: 179 | Details: Iniciando para rengavpinto@icloud.com no polo ava
[2025-10-02 23:42:35] [SUCCESS] [creating_new_user] User: admin | Pré-matrícula ID: 179 | Details: Criando usuário: rengavpinto
[2025-10-02 23:42:35] [SUCCESS] [moodle_create_user_attempt] User: admin | Details: Criando usuário: rengavpinto para email: rengavpinto@icloud.com
[2025-10-02 23:42:36] [SUCCESS] [moodle_create_user_success] User: admin | Details: Usuário criado com sucesso: rengavpinto (ID: 137)
[2025-10-02 23:42:36] [SUCCESS] [enrollment_success] User: admin | Details: Usuário 137 matriculado no curso 112
[2025-10-02 23:42:36] [SUCCESS] [enrollment_success] User: admin | Details: Usuário 137 matriculado no curso 113
[2025-10-02 23:42:37] [SUCCESS] [enrollment_success] User: admin | Details: Usuário 137 matriculado no curso 114
[2025-10-02 23:42:37] [SUCCESS] [enrollment_success] User: admin | Details: Usuário 137 matriculado no curso 116
[2025-10-02 23:42:37] [SUCCESS] [enrollment_success] User: admin | Details: Usuário 137 matriculado no curso 117
[2025-10-02 23:42:37] [SUCCESS] [enrollment_success] User: admin | Details: Usuário 137 matriculado no curso 207
[2025-10-02 23:42:37] [SUCCESS] [enrollment_success] User: admin | Details: Usuário 137 matriculado no curso 218
[2025-10-02 23:42:37] [SUCCESS] [enrollment_success] User: admin | Details: Usuário 137 matriculado no curso 219
[2025-10-02 23:42:37] [SUCCESS] [enrollment_success] User: admin | Details: Usuário 137 matriculado no curso 221
[2025-10-02 23:42:37] [SUCCESS] [enrollment_success] User: admin | Details: Usuário 137 matriculado no curso 222
[2025-10-02 23:42:37] [SUCCESS] [enrollment_success] User: admin | Details: Usuário 137 matriculado no curso 278
[2025-10-02 23:42:37] [SUCCESS] [enrollment_success] User: admin | Details: Usuário 137 matriculado no curso 208
[2025-10-02 23:42:38] [SUCCESS] [enrollment_success] User: admin | Details: Usuário 137 matriculado no curso 210
[2025-10-02 23:42:38] [SUCCESS] [enrollment_success] User: admin | Details: Usuário 137 matriculado no curso 211
[2025-10-02 23:42:38] [SUCCESS] [enrollment_success] User: admin | Details: Usuário 137 matriculado no curso 212
[2025-10-02 23:42:38] [SUCCESS] [enrollment_success] User: admin | Details: Usuário 137 matriculado no curso 214
[2025-10-02 23:42:38] [SUCCESS] [enrollment_success] User: admin | Details: Usuário 137 matriculado no curso 216
[2025-10-02 23:42:38] [SUCCESS] [enrollment_success] User: admin | Details: Usuário 137 matriculado no curso 217
[2025-10-02 23:42:38] [SUCCESS] [enrollment_success] User: admin | Details: Usuário 137 matriculado no curso 279
[2025-10-02 23:42:38] [SUCCESS] [credentials_saved] User: admin | Pré-matrícula ID: 179 | Details: Credenciais salvas: rengavpinto
[2025-10-02 23:42:42] [SUCCESS] [approval_complete] User: admin | Pré-matrícula ID: 179 | Details: Pré-matrícula aprovada e usuário criado: rengavpinto
[2025-10-03 00:04:30] [SUCCESS] [create_user_start] User: admin | Pré-matrícula ID: 176 | Details: Iniciando para agatasantana634@gmail.com no polo ava
[2025-10-03 00:04:30] [SUCCESS] [creating_new_user] User: admin | Pré-matrícula ID: 176 | Details: Criando usuário: agatasantana634
[2025-10-03 00:04:30] [SUCCESS] [moodle_create_user_attempt] User: admin | Details: Criando usuário: agatasantana634 para email: agatasantana634@gmail.com
[2025-10-03 00:04:30] [SUCCESS] [moodle_create_user_success] User: admin | Details: Usuário criado com sucesso: agatasantana634 (ID: 138)
[2025-10-03 00:04:30] [SUCCESS] [enrollment_success] User: admin | Details: Usuário 138 matriculado no curso 112
[2025-10-03 00:04:30] [SUCCESS] [enrollment_success] User: admin | Details: Usuário 138 matriculado no curso 113
[2025-10-03 00:04:31] [SUCCESS] [enrollment_success] User: admin | Details: Usuário 138 matriculado no curso 114
[2025-10-03 00:04:31] [SUCCESS] [enrollment_success] User: admin | Details: Usuário 138 matriculado no curso 116
[2025-10-03 00:04:31] [SUCCESS] [enrollment_success] User: admin | Details: Usuário 138 matriculado no curso 117
[2025-10-03 00:04:31] [SUCCESS] [enrollment_success] User: admin | Details: Usuário 138 matriculado no curso 207
[2025-10-03 00:04:31] [SUCCESS] [enrollment_success] User: admin | Details: Usuário 138 matriculado no curso 218
[2025-10-03 00:04:31] [SUCCESS] [enrollment_success] User: admin | Details: Usuário 138 matriculado no curso 219
[2025-10-03 00:04:31] [SUCCESS] [enrollment_success] User: admin | Details: Usuário 138 matriculado no curso 221
[2025-10-03 00:04:31] [SUCCESS] [enrollment_success] User: admin | Details: Usuário 138 matriculado no curso 222
[2025-10-03 00:04:31] [SUCCESS] [enrollment_success] User: admin | Details: Usuário 138 matriculado no curso 278
[2025-10-03 00:04:31] [SUCCESS] [enrollment_success] User: admin | Details: Usuário 138 matriculado no curso 208
[2025-10-03 00:04:31] [SUCCESS] [enrollment_success] User: admin | Details: Usuário 138 matriculado no curso 210
[2025-10-03 00:04:31] [SUCCESS] [enrollment_success] User: admin | Details: Usuário 138 matriculado no curso 211
[2025-10-03 00:04:31] [SUCCESS] [enrollment_success] User: admin | Details: Usuário 138 matriculado no curso 212
[2025-10-03 00:04:32] [SUCCESS] [enrollment_success] User: admin | Details: Usuário 138 matriculado no curso 214
[2025-10-03 00:04:32] [SUCCESS] [enrollment_success] User: admin | Details: Usuário 138 matriculado no curso 216
[2025-10-03 00:04:32] [SUCCESS] [enrollment_success] User: admin | Details: Usuário 138 matriculado no curso 217
[2025-10-03 00:04:32] [SUCCESS] [enrollment_success] User: admin | Details: Usuário 138 matriculado no curso 279
[2025-10-03 00:04:32] [SUCCESS] [credentials_saved] User: admin | Pré-matrícula ID: 176 | Details: Credenciais salvas: agatasantana634
[2025-10-03 00:04:38] [SUCCESS] [approval_complete] User: admin | Pré-matrícula ID: 176 | Details: Pré-matrícula aprovada e usuário criado: agatasantana634
[2025-10-04 12:14:16] [SUCCESS] [create_user_start] User: admin | Pré-matrícula ID: 181 | Details: Iniciando para ingridgabrielafarias30@gmail.com no polo ava
[2025-10-04 12:14:16] [SUCCESS] [creating_new_user] User: admin | Pré-matrícula ID: 181 | Details: Criando usuário: ingridgabrielafarias30
[2025-10-04 12:14:16] [SUCCESS] [moodle_create_user_attempt] User: admin | Details: Criando usuário: ingridgabrielafarias30 para email: ingridgabrielafarias30@gmail.com
[2025-10-04 12:14:17] [SUCCESS] [moodle_create_user_success] User: admin | Details: Usuário criado com sucesso: ingridgabrielafarias30 (ID: 139)
[2025-10-04 12:14:18] [SUCCESS] [enrollment_success] User: admin | Details: Usuário 139 matriculado no curso 112
[2025-10-04 12:14:18] [SUCCESS] [enrollment_success] User: admin | Details: Usuário 139 matriculado no curso 113
[2025-10-04 12:14:18] [SUCCESS] [enrollment_success] User: admin | Details: Usuário 139 matriculado no curso 114
[2025-10-04 12:14:18] [SUCCESS] [enrollment_success] User: admin | Details: Usuário 139 matriculado no curso 116
[2025-10-04 12:14:18] [SUCCESS] [enrollment_success] User: admin | Details: Usuário 139 matriculado no curso 117
[2025-10-04 12:14:18] [SUCCESS] [enrollment_success] User: admin | Details: Usuário 139 matriculado no curso 207
[2025-10-04 12:14:18] [SUCCESS] [enrollment_success] User: admin | Details: Usuário 139 matriculado no curso 218
[2025-10-04 12:14:18] [SUCCESS] [enrollment_success] User: admin | Details: Usuário 139 matriculado no curso 219
[2025-10-04 12:14:19] [SUCCESS] [enrollment_success] User: admin | Details: Usuário 139 matriculado no curso 221
[2025-10-04 12:14:19] [SUCCESS] [enrollment_success] User: admin | Details: Usuário 139 matriculado no curso 222
[2025-10-04 12:14:19] [SUCCESS] [enrollment_success] User: admin | Details: Usuário 139 matriculado no curso 278
[2025-10-04 12:14:19] [SUCCESS] [enrollment_success] User: admin | Details: Usuário 139 matriculado no curso 208
[2025-10-04 12:14:19] [SUCCESS] [enrollment_success] User: admin | Details: Usuário 139 matriculado no curso 210
[2025-10-04 12:14:19] [SUCCESS] [enrollment_success] User: admin | Details: Usuário 139 matriculado no curso 211
[2025-10-04 12:14:19] [SUCCESS] [enrollment_success] User: admin | Details: Usuário 139 matriculado no curso 212
[2025-10-04 12:14:19] [SUCCESS] [enrollment_success] User: admin | Details: Usuário 139 matriculado no curso 214
[2025-10-04 12:14:19] [SUCCESS] [enrollment_success] User: admin | Details: Usuário 139 matriculado no curso 216
[2025-10-04 12:14:19] [SUCCESS] [enrollment_success] User: admin | Details: Usuário 139 matriculado no curso 217
[2025-10-04 12:14:19] [SUCCESS] [enrollment_success] User: admin | Details: Usuário 139 matriculado no curso 279
[2025-10-04 12:14:19] [SUCCESS] [credentials_saved] User: admin | Pré-matrícula ID: 181 | Details: Credenciais salvas: ingridgabrielafarias30
[2025-10-04 12:14:23] [SUCCESS] [approval_complete] User: admin | Pré-matrícula ID: 181 | Details: Pré-matrícula aprovada e usuário criado: ingridgabrielafarias30
[2025-10-04 14:11:44] [SUCCESS] [create_user_start] User: admin | Pré-matrícula ID: 182 | Details: Iniciando para raure.ane30@gmail.com no polo ava
[2025-10-04 14:11:44] [SUCCESS] [creating_new_user] User: admin | Pré-matrícula ID: 182 | Details: Criando usuário: raureane30
[2025-10-04 14:11:44] [SUCCESS] [moodle_create_user_attempt] User: admin | Details: Criando usuário: raureane30 para email: raure.ane30@gmail.com
[2025-10-04 14:11:44] [SUCCESS] [moodle_create_user_success] User: admin | Details: Usuário criado com sucesso: raureane30 (ID: 140)
[2025-10-04 14:11:44] [SUCCESS] [enrollment_success] User: admin | Details: Usuário 140 matriculado no curso 2
[2025-10-04 14:11:44] [SUCCESS] [enrollment_success] User: admin | Details: Usuário 140 matriculado no curso 4
[2025-10-04 14:11:44] [SUCCESS] [enrollment_success] User: admin | Details: Usuário 140 matriculado no curso 5
[2025-10-04 14:11:44] [SUCCESS] [enrollment_success] User: admin | Details: Usuário 140 matriculado no curso 6
[2025-10-04 14:11:44] [SUCCESS] [enrollment_success] User: admin | Details: Usuário 140 matriculado no curso 7
[2025-10-04 14:11:45] [SUCCESS] [enrollment_success] User: admin | Details: Usuário 140 matriculado no curso 8
[2025-10-04 14:11:45] [SUCCESS] [enrollment_success] User: admin | Details: Usuário 140 matriculado no curso 9
[2025-10-04 14:11:45] [SUCCESS] [enrollment_success] User: admin | Details: Usuário 140 matriculado no curso 10
[2025-10-04 14:11:45] [SUCCESS] [enrollment_success] User: admin | Details: Usuário 140 matriculado no curso 280
[2025-10-04 14:11:45] [SUCCESS] [enrollment_success] User: admin | Details: Usuário 140 matriculado no curso 281
[2025-10-04 14:11:45] [SUCCESS] [enrollment_success] User: admin | Details: Usuário 140 matriculado no curso 11
[2025-10-04 14:11:45] [SUCCESS] [enrollment_success] User: admin | Details: Usuário 140 matriculado no curso 12
[2025-10-04 14:11:45] [SUCCESS] [enrollment_success] User: admin | Details: Usuário 140 matriculado no curso 13
[2025-10-04 14:11:45] [SUCCESS] [enrollment_success] User: admin | Details: Usuário 140 matriculado no curso 14
[2025-10-04 14:11:45] [SUCCESS] [enrollment_success] User: admin | Details: Usuário 140 matriculado no curso 15
[2025-10-04 14:11:45] [SUCCESS] [enrollment_success] User: admin | Details: Usuário 140 matriculado no curso 16
[2025-10-04 14:11:45] [SUCCESS] [enrollment_success] User: admin | Details: Usuário 140 matriculado no curso 17
[2025-10-04 14:11:45] [SUCCESS] [enrollment_success] User: admin | Details: Usuário 140 matriculado no curso 18
[2025-10-04 14:11:45] [SUCCESS] [enrollment_success] User: admin | Details: Usuário 140 matriculado no curso 19
[2025-10-04 14:11:45] [SUCCESS] [enrollment_success] User: admin | Details: Usuário 140 matriculado no curso 21
[2025-10-04 14:11:45] [SUCCESS] [enrollment_success] User: admin | Details: Usuário 140 matriculado no curso 22
[2025-10-04 14:11:45] [SUCCESS] [credentials_saved] User: admin | Pré-matrícula ID: 182 | Details: Credenciais salvas: raureane30
[2025-10-04 14:11:48] [SUCCESS] [approval_complete] User: admin | Pré-matrícula ID: 182 | Details: Pré-matrícula aprovada e usuário criado: raureane30
[2025-10-07 12:07:25] [SUCCESS] [create_user_start] User: admin | Pré-matrícula ID: 183 | Details: Iniciando para elianemartinsadm@gmail.com no polo ava
[2025-10-07 12:07:25] [SUCCESS] [creating_new_user] User: admin | Pré-matrícula ID: 183 | Details: Criando usuário: elianemartinsadm
[2025-10-07 12:07:25] [SUCCESS] [moodle_create_user_attempt] User: admin | Details: Criando usuário: elianemartinsadm para email: elianemartinsadm@gmail.com
[2025-10-07 12:07:25] [SUCCESS] [moodle_create_user_success] User: admin | Details: Usuário criado com sucesso: elianemartinsadm (ID: 141)
[2025-10-07 12:07:26] [SUCCESS] [create_user_start] User: admin | Pré-matrícula ID: 183 | Details: Iniciando para elianemartinsadm@gmail.com no polo ava
[2025-10-07 12:07:26] [SUCCESS] [update_password] User: admin | Details: Senha atualizada para usuário ID 141
[2025-10-07 12:07:26] [SUCCESS] [user_exists] User: admin | Pré-matrícula ID: 183 | Details: Reutilizando usuário: elianemartinsadm (ID: 141)
[2025-10-07 12:07:27] [SUCCESS] [enrollment_success] User: admin | Details: Usuário 141 matriculado no curso 112
[2025-10-07 12:07:27] [SUCCESS] [enrollment_success] User: admin | Details: Usuário 141 matriculado no curso 113
[2025-10-07 12:07:27] [SUCCESS] [enrollment_success] User: admin | Details: Usuário 141 matriculado no curso 112
[2025-10-07 12:07:27] [SUCCESS] [enrollment_success] User: admin | Details: Usuário 141 matriculado no curso 113
[2025-10-07 12:07:27] [SUCCESS] [enrollment_success] User: admin | Details: Usuário 141 matriculado no curso 114
[2025-10-07 12:07:27] [SUCCESS] [enrollment_success] User: admin | Details: Usuário 141 matriculado no curso 114
[2025-10-07 12:07:27] [SUCCESS] [enrollment_success] User: admin | Details: Usuário 141 matriculado no curso 116
[2025-10-07 12:07:27] [SUCCESS] [enrollment_success] User: admin | Details: Usuário 141 matriculado no curso 116
[2025-10-07 12:07:28] [ERROR] [enrollment_error] User: admin | Details: Erro ao matricular usuário 141 no curso 117: Erro da API Moodle: Erro ao escrever na base de dados
[2025-10-07 12:07:28] [SUCCESS] [enrollment_success] User: admin | Details: Usuário 141 matriculado no curso 117
[2025-10-07 12:07:28] [ERROR] [enrollment_error] User: admin | Details: Erro ao matricular usuário 141 no curso 207: Erro da API Moodle: Erro ao escrever na base de dados
[2025-10-07 12:07:28] [SUCCESS] [enrollment_success] User: admin | Details: Usuário 141 matriculado no curso 207
[2025-10-07 12:07:28] [ERROR] [enrollment_error] User: admin | Details: Erro ao matricular usuário 141 no curso 218: Erro da API Moodle: Erro ao escrever na base de dados
[2025-10-07 12:07:28] [SUCCESS] [enrollment_success] User: admin | Details: Usuário 141 matriculado no curso 218
[2025-10-07 12:07:28] [ERROR] [enrollment_error] User: admin | Details: Erro ao matricular usuário 141 no curso 219: Erro da API Moodle: Erro ao escrever na base de dados
[2025-10-07 12:07:28] [SUCCESS] [enrollment_success] User: admin | Details: Usuário 141 matriculado no curso 219
[2025-10-07 12:07:28] [SUCCESS] [enrollment_success] User: admin | Details: Usuário 141 matriculado no curso 221
[2025-10-07 12:07:28] [SUCCESS] [enrollment_success] User: admin | Details: Usuário 141 matriculado no curso 221
[2025-10-07 12:07:28] [ERROR] [enrollment_error] User: admin | Details: Erro ao matricular usuário 141 no curso 222: Erro da API Moodle: Erro ao escrever na base de dados
[2025-10-07 12:07:28] [SUCCESS] [enrollment_success] User: admin | Details: Usuário 141 matriculado no curso 222
[2025-10-07 12:07:28] [SUCCESS] [enrollment_success] User: admin | Details: Usuário 141 matriculado no curso 278
[2025-10-07 12:07:28] [SUCCESS] [enrollment_success] User: admin | Details: Usuário 141 matriculado no curso 278
[2025-10-07 12:07:28] [SUCCESS] [enrollment_success] User: admin | Details: Usuário 141 matriculado no curso 208
[2025-10-07 12:07:28] [SUCCESS] [enrollment_success] User: admin | Details: Usuário 141 matriculado no curso 208
[2025-10-07 12:07:28] [ERROR] [enrollment_error] User: admin | Details: Erro ao matricular usuário 141 no curso 210: Erro da API Moodle: Erro ao escrever na base de dados
[2025-10-07 12:07:28] [SUCCESS] [enrollment_success] User: admin | Details: Usuário 141 matriculado no curso 210
[2025-10-07 12:07:28] [SUCCESS] [enrollment_success] User: admin | Details: Usuário 141 matriculado no curso 211
[2025-10-07 12:07:28] [SUCCESS] [enrollment_success] User: admin | Details: Usuário 141 matriculado no curso 211
[2025-10-07 12:07:28] [ERROR] [enrollment_error] User: admin | Details: Erro ao matricular usuário 141 no curso 212: Erro da API Moodle: Erro ao escrever na base de dados
[2025-10-07 12:07:28] [SUCCESS] [enrollment_success] User: admin | Details: Usuário 141 matriculado no curso 212
[2025-10-07 12:07:28] [SUCCESS] [enrollment_success] User: admin | Details: Usuário 141 matriculado no curso 214
[2025-10-07 12:07:28] [SUCCESS] [enrollment_success] User: admin | Details: Usuário 141 matriculado no curso 214
[2025-10-07 12:07:28] [SUCCESS] [enrollment_success] User: admin | Details: Usuário 141 matriculado no curso 216
[2025-10-07 12:07:29] [SUCCESS] [enrollment_success] User: admin | Details: Usuário 141 matriculado no curso 216
[2025-10-07 12:07:29] [SUCCESS] [enrollment_success] User: admin | Details: Usuário 141 matriculado no curso 217
[2025-10-07 12:07:29] [SUCCESS] [enrollment_success] User: admin | Details: Usuário 141 matriculado no curso 217
[2025-10-07 12:07:29] [SUCCESS] [enrollment_success] User: admin | Details: Usuário 141 matriculado no curso 279
[2025-10-07 12:07:29] [SUCCESS] [credentials_saved] User: admin | Pré-matrícula ID: 183 | Details: Credenciais salvas: elianemartinsadm
[2025-10-07 12:07:29] [SUCCESS] [enrollment_success] User: admin | Details: Usuário 141 matriculado no curso 279
[2025-10-07 12:07:29] [SUCCESS] [credentials_saved] User: admin | Pré-matrícula ID: 183 | Details: Credenciais salvas: elianemartinsadm
[2025-10-07 12:07:30] [SUCCESS] [create_user_start] User: admin | Pré-matrícula ID: 183 | Details: Iniciando para elianemartinsadm@gmail.com no polo ava
[2025-10-07 12:07:31] [SUCCESS] [update_password] User: admin | Details: Senha atualizada para usuário ID 141
[2025-10-07 12:07:31] [SUCCESS] [user_exists] User: admin | Pré-matrícula ID: 183 | Details: Reutilizando usuário: elianemartinsadm (ID: 141)
[2025-10-07 12:07:31] [SUCCESS] [enrollment_success] User: admin | Details: Usuário 141 matriculado no curso 112
[2025-10-07 12:07:31] [SUCCESS] [enrollment_success] User: admin | Details: Usuário 141 matriculado no curso 113
[2025-10-07 12:07:31] [SUCCESS] [enrollment_success] User: admin | Details: Usuário 141 matriculado no curso 114
[2025-10-07 12:07:31] [SUCCESS] [enrollment_success] User: admin | Details: Usuário 141 matriculado no curso 116
[2025-10-07 12:07:31] [SUCCESS] [enrollment_success] User: admin | Details: Usuário 141 matriculado no curso 117
[2025-10-07 12:07:31] [SUCCESS] [enrollment_success] User: admin | Details: Usuário 141 matriculado no curso 207
[2025-10-07 12:07:31] [SUCCESS] [enrollment_success] User: admin | Details: Usuário 141 matriculado no curso 218
[2025-10-07 12:07:31] [SUCCESS] [enrollment_success] User: admin | Details: Usuário 141 matriculado no curso 219
[2025-10-07 12:07:32] [SUCCESS] [enrollment_success] User: admin | Details: Usuário 141 matriculado no curso 221
[2025-10-07 12:07:32] [SUCCESS] [enrollment_success] User: admin | Details: Usuário 141 matriculado no curso 222
[2025-10-07 12:07:32] [SUCCESS] [enrollment_success] User: admin | Details: Usuário 141 matriculado no curso 278
[2025-10-07 12:07:32] [SUCCESS] [enrollment_success] User: admin | Details: Usuário 141 matriculado no curso 208
[2025-10-07 12:07:32] [SUCCESS] [enrollment_success] User: admin | Details: Usuário 141 matriculado no curso 210
[2025-10-07 12:07:32] [SUCCESS] [enrollment_success] User: admin | Details: Usuário 141 matriculado no curso 211
[2025-10-07 12:07:32] [SUCCESS] [enrollment_success] User: admin | Details: Usuário 141 matriculado no curso 212
[2025-10-07 12:07:32] [SUCCESS] [enrollment_success] User: admin | Details: Usuário 141 matriculado no curso 214
[2025-10-07 12:07:32] [SUCCESS] [approval_complete] User: admin | Pré-matrícula ID: 183 | Details: Pré-matrícula aprovada e usuário criado: elianemartinsadm
[2025-10-07 12:07:32] [SUCCESS] [enrollment_success] User: admin | Details: Usuário 141 matriculado no curso 216
[2025-10-07 12:07:32] [SUCCESS] [enrollment_success] User: admin | Details: Usuário 141 matriculado no curso 217
[2025-10-07 12:07:32] [SUCCESS] [enrollment_success] User: admin | Details: Usuário 141 matriculado no curso 279
[2025-10-07 12:07:32] [SUCCESS] [credentials_saved] User: admin | Pré-matrícula ID: 183 | Details: Credenciais salvas: elianemartinsadm
[2025-10-07 12:07:33] [SUCCESS] [approval_complete] User: admin | Pré-matrícula ID: 183 | Details: Pré-matrícula aprovada e usuário criado: elianemartinsadm
[2025-10-07 12:07:35] [SUCCESS] [approval_complete] User: admin | Pré-matrícula ID: 183 | Details: Pré-matrícula aprovada e usuário criado: elianemartinsadm
[2025-10-07 18:44:12] [SUCCESS] [create_user_start] User: admin | Pré-matrícula ID: 180 | Details: Iniciando para blaydvictor123@gmail.com no polo ava
[2025-10-07 18:44:12] [SUCCESS] [creating_new_user] User: admin | Pré-matrícula ID: 180 | Details: Criando usuário: blaydvictor123
[2025-10-07 18:44:12] [SUCCESS] [moodle_create_user_attempt] User: admin | Details: Criando usuário: blaydvictor123 para email: blaydvictor123@gmail.com
[2025-10-07 18:44:12] [SUCCESS] [moodle_create_user_success] User: admin | Details: Usuário criado com sucesso: blaydvictor123 (ID: 142)
[2025-10-07 18:44:14] [SUCCESS] [enrollment_success] User: admin | Details: Usuário 142 matriculado no curso 112
[2025-10-07 18:44:14] [SUCCESS] [enrollment_success] User: admin | Details: Usuário 142 matriculado no curso 113
[2025-10-07 18:44:14] [SUCCESS] [enrollment_success] User: admin | Details: Usuário 142 matriculado no curso 114
[2025-10-07 18:44:14] [SUCCESS] [enrollment_success] User: admin | Details: Usuário 142 matriculado no curso 116
[2025-10-07 18:44:14] [SUCCESS] [enrollment_success] User: admin | Details: Usuário 142 matriculado no curso 117
[2025-10-07 18:44:14] [SUCCESS] [enrollment_success] User: admin | Details: Usuário 142 matriculado no curso 207
[2025-10-07 18:44:15] [SUCCESS] [enrollment_success] User: admin | Details: Usuário 142 matriculado no curso 218
[2025-10-07 18:44:15] [SUCCESS] [enrollment_success] User: admin | Details: Usuário 142 matriculado no curso 219
[2025-10-07 18:44:15] [SUCCESS] [enrollment_success] User: admin | Details: Usuário 142 matriculado no curso 221
[2025-10-07 18:44:15] [SUCCESS] [enrollment_success] User: admin | Details: Usuário 142 matriculado no curso 222
[2025-10-07 18:44:15] [SUCCESS] [enrollment_success] User: admin | Details: Usuário 142 matriculado no curso 278
[2025-10-07 18:44:15] [SUCCESS] [enrollment_success] User: admin | Details: Usuário 142 matriculado no curso 208
[2025-10-07 18:44:15] [SUCCESS] [enrollment_success] User: admin | Details: Usuário 142 matriculado no curso 210
[2025-10-07 18:44:16] [SUCCESS] [enrollment_success] User: admin | Details: Usuário 142 matriculado no curso 211
[2025-10-07 18:44:16] [SUCCESS] [enrollment_success] User: admin | Details: Usuário 142 matriculado no curso 212
[2025-10-07 18:44:16] [SUCCESS] [enrollment_success] User: admin | Details: Usuário 142 matriculado no curso 214
[2025-10-07 18:44:16] [SUCCESS] [enrollment_success] User: admin | Details: Usuário 142 matriculado no curso 216
[2025-10-07 18:44:16] [SUCCESS] [enrollment_success] User: admin | Details: Usuário 142 matriculado no curso 217
[2025-10-07 18:44:16] [SUCCESS] [enrollment_success] User: admin | Details: Usuário 142 matriculado no curso 279
[2025-10-07 18:44:16] [SUCCESS] [credentials_saved] User: admin | Pré-matrícula ID: 180 | Details: Credenciais salvas: blaydvictor123
[2025-10-07 18:44:19] [SUCCESS] [approval_complete] User: admin | Pré-matrícula ID: 180 | Details: Pré-matrícula aprovada e usuário criado: blaydvictor123
[2025-10-07 18:44:27] [SUCCESS] [create_user_start] User: admin | Pré-matrícula ID: 184 | Details: Iniciando para guilhermethiago359@gmail.com no polo ava
[2025-10-07 18:44:27] [SUCCESS] [creating_new_user] User: admin | Pré-matrícula ID: 184 | Details: Criando usuário: guilhermethiago359
[2025-10-07 18:44:27] [SUCCESS] [moodle_create_user_attempt] User: admin | Details: Criando usuário: guilhermethiago359 para email: guilhermethiago359@gmail.com
[2025-10-07 18:44:27] [SUCCESS] [moodle_create_user_success] User: admin | Details: Usuário criado com sucesso: guilhermethiago359 (ID: 143)
[2025-10-07 18:44:28] [SUCCESS] [enrollment_success] User: admin | Details: Usuário 143 matriculado no curso 112
[2025-10-07 18:44:28] [SUCCESS] [enrollment_success] User: admin | Details: Usuário 143 matriculado no curso 113
[2025-10-07 18:44:28] [SUCCESS] [enrollment_success] User: admin | Details: Usuário 143 matriculado no curso 114
[2025-10-07 18:44:28] [SUCCESS] [enrollment_success] User: admin | Details: Usuário 143 matriculado no curso 116
[2025-10-07 18:44:28] [SUCCESS] [enrollment_success] User: admin | Details: Usuário 143 matriculado no curso 117
[2025-10-07 18:44:28] [SUCCESS] [enrollment_success] User: admin | Details: Usuário 143 matriculado no curso 207
[2025-10-07 18:44:28] [SUCCESS] [enrollment_success] User: admin | Details: Usuário 143 matriculado no curso 218
[2025-10-07 18:44:28] [SUCCESS] [enrollment_success] User: admin | Details: Usuário 143 matriculado no curso 219
[2025-10-07 18:44:28] [SUCCESS] [enrollment_success] User: admin | Details: Usuário 143 matriculado no curso 221
[2025-10-07 18:44:28] [SUCCESS] [enrollment_success] User: admin | Details: Usuário 143 matriculado no curso 222
[2025-10-07 18:44:28] [SUCCESS] [enrollment_success] User: admin | Details: Usuário 143 matriculado no curso 278
[2025-10-07 18:44:28] [SUCCESS] [enrollment_success] User: admin | Details: Usuário 143 matriculado no curso 208
[2025-10-07 18:44:28] [SUCCESS] [enrollment_success] User: admin | Details: Usuário 143 matriculado no curso 210
[2025-10-07 18:44:29] [SUCCESS] [enrollment_success] User: admin | Details: Usuário 143 matriculado no curso 211
[2025-10-07 18:44:29] [SUCCESS] [enrollment_success] User: admin | Details: Usuário 143 matriculado no curso 212
[2025-10-07 18:44:29] [SUCCESS] [enrollment_success] User: admin | Details: Usuário 143 matriculado no curso 214
[2025-10-07 18:44:29] [SUCCESS] [enrollment_success] User: admin | Details: Usuário 143 matriculado no curso 216
[2025-10-07 18:44:29] [SUCCESS] [enrollment_success] User: admin | Details: Usuário 143 matriculado no curso 217
[2025-10-07 18:44:29] [SUCCESS] [enrollment_success] User: admin | Details: Usuário 143 matriculado no curso 279
[2025-10-07 18:44:29] [SUCCESS] [credentials_saved] User: admin | Pré-matrícula ID: 184 | Details: Credenciais salvas: guilhermethiago359
[2025-10-07 18:44:33] [SUCCESS] [approval_complete] User: admin | Pré-matrícula ID: 184 | Details: Pré-matrícula aprovada e usuário criado: guilhermethiago359
[2025-10-07 18:44:58] [SUCCESS] [create_user_start] User: admin | Pré-matrícula ID: 185 | Details: Iniciando para luan04111992@gmail.com no polo ava
[2025-10-07 18:44:58] [SUCCESS] [creating_new_user] User: admin | Pré-matrícula ID: 185 | Details: Criando usuário: luan04111992
[2025-10-07 18:44:58] [SUCCESS] [moodle_create_user_attempt] User: admin | Details: Criando usuário: luan04111992 para email: luan04111992@gmail.com
[2025-10-07 18:44:58] [SUCCESS] [moodle_create_user_success] User: admin | Details: Usuário criado com sucesso: luan04111992 (ID: 144)
[2025-10-07 18:44:58] [SUCCESS] [enrollment_success] User: admin | Details: Usuário 144 matriculado no curso 2
[2025-10-07 18:44:58] [SUCCESS] [enrollment_success] User: admin | Details: Usuário 144 matriculado no curso 4
[2025-10-07 18:44:58] [SUCCESS] [enrollment_success] User: admin | Details: Usuário 144 matriculado no curso 5
[2025-10-07 18:44:58] [SUCCESS] [enrollment_success] User: admin | Details: Usuário 144 matriculado no curso 6
[2025-10-07 18:44:58] [SUCCESS] [enrollment_success] User: admin | Details: Usuário 144 matriculado no curso 7
[2025-10-07 18:44:58] [SUCCESS] [enrollment_success] User: admin | Details: Usuário 144 matriculado no curso 8
[2025-10-07 18:44:58] [SUCCESS] [enrollment_success] User: admin | Details: Usuário 144 matriculado no curso 9
[2025-10-07 18:44:58] [SUCCESS] [enrollment_success] User: admin | Details: Usuário 144 matriculado no curso 10
[2025-10-07 18:44:58] [SUCCESS] [enrollment_success] User: admin | Details: Usuário 144 matriculado no curso 280
[2025-10-07 18:44:58] [SUCCESS] [enrollment_success] User: admin | Details: Usuário 144 matriculado no curso 281
[2025-10-07 18:44:58] [SUCCESS] [enrollment_success] User: admin | Details: Usuário 144 matriculado no curso 11
[2025-10-07 18:44:58] [SUCCESS] [enrollment_success] User: admin | Details: Usuário 144 matriculado no curso 12
[2025-10-07 18:44:58] [SUCCESS] [enrollment_success] User: admin | Details: Usuário 144 matriculado no curso 13
[2025-10-07 18:44:59] [SUCCESS] [enrollment_success] User: admin | Details: Usuário 144 matriculado no curso 14
[2025-10-07 18:44:59] [SUCCESS] [enrollment_success] User: admin | Details: Usuário 144 matriculado no curso 15
[2025-10-07 18:44:59] [SUCCESS] [enrollment_success] User: admin | Details: Usuário 144 matriculado no curso 16
[2025-10-07 18:44:59] [SUCCESS] [enrollment_success] User: admin | Details: Usuário 144 matriculado no curso 17
[2025-10-07 18:44:59] [SUCCESS] [enrollment_success] User: admin | Details: Usuário 144 matriculado no curso 18
[2025-10-07 18:44:59] [SUCCESS] [enrollment_success] User: admin | Details: Usuário 144 matriculado no curso 19
[2025-10-07 18:44:59] [SUCCESS] [enrollment_success] User: admin | Details: Usuário 144 matriculado no curso 21
[2025-10-07 18:44:59] [SUCCESS] [enrollment_success] User: admin | Details: Usuário 144 matriculado no curso 22
[2025-10-07 18:44:59] [SUCCESS] [credentials_saved] User: admin | Pré-matrícula ID: 185 | Details: Credenciais salvas: luan04111992
[2025-10-07 18:45:02] [SUCCESS] [approval_complete] User: admin | Pré-matrícula ID: 185 | Details: Pré-matrícula aprovada e usuário criado: luan04111992
[2025-10-09 23:12:12] [SUCCESS] [create_user_start] User: admin | Pré-matrícula ID: 186 | Details: Iniciando para julianacost2414@gmail.com no polo ava
[2025-10-09 23:12:12] [SUCCESS] [creating_new_user] User: admin | Pré-matrícula ID: 186 | Details: Criando usuário: julianacost2414
[2025-10-09 23:12:12] [SUCCESS] [moodle_create_user_attempt] User: admin | Details: Criando usuário: julianacost2414 para email: julianacost2414@gmail.com
[2025-10-09 23:12:12] [SUCCESS] [moodle_create_user_success] User: admin | Details: Usuário criado com sucesso: julianacost2414 (ID: 145)
[2025-10-09 23:12:13] [SUCCESS] [enrollment_success] User: admin | Details: Usuário 145 matriculado no curso 112
[2025-10-09 23:12:13] [SUCCESS] [enrollment_success] User: admin | Details: Usuário 145 matriculado no curso 113
[2025-10-09 23:12:13] [SUCCESS] [enrollment_success] User: admin | Details: Usuário 145 matriculado no curso 114
[2025-10-09 23:12:13] [SUCCESS] [enrollment_success] User: admin | Details: Usuário 145 matriculado no curso 116
[2025-10-09 23:12:13] [SUCCESS] [enrollment_success] User: admin | Details: Usuário 145 matriculado no curso 117
[2025-10-09 23:12:13] [SUCCESS] [enrollment_success] User: admin | Details: Usuário 145 matriculado no curso 207
[2025-10-09 23:12:13] [SUCCESS] [enrollment_success] User: admin | Details: Usuário 145 matriculado no curso 218
[2025-10-09 23:12:13] [SUCCESS] [enrollment_success] User: admin | Details: Usuário 145 matriculado no curso 219
[2025-10-09 23:12:13] [SUCCESS] [enrollment_success] User: admin | Details: Usuário 145 matriculado no curso 221
[2025-10-09 23:12:13] [SUCCESS] [enrollment_success] User: admin | Details: Usuário 145 matriculado no curso 222
[2025-10-09 23:12:13] [SUCCESS] [enrollment_success] User: admin | Details: Usuário 145 matriculado no curso 278
[2025-10-09 23:12:13] [SUCCESS] [enrollment_success] User: admin | Details: Usuário 145 matriculado no curso 208
[2025-10-09 23:12:13] [SUCCESS] [enrollment_success] User: admin | Details: Usuário 145 matriculado no curso 210
[2025-10-09 23:12:14] [SUCCESS] [enrollment_success] User: admin | Details: Usuário 145 matriculado no curso 211
[2025-10-09 23:12:14] [SUCCESS] [enrollment_success] User: admin | Details: Usuário 145 matriculado no curso 212
[2025-10-09 23:12:14] [SUCCESS] [enrollment_success] User: admin | Details: Usuário 145 matriculado no curso 214
[2025-10-09 23:12:14] [SUCCESS] [enrollment_success] User: admin | Details: Usuário 145 matriculado no curso 216
[2025-10-09 23:12:14] [SUCCESS] [enrollment_success] User: admin | Details: Usuário 145 matriculado no curso 217
[2025-10-09 23:12:14] [SUCCESS] [enrollment_success] User: admin | Details: Usuário 145 matriculado no curso 279
[2025-10-09 23:12:14] [SUCCESS] [credentials_saved] User: admin | Pré-matrícula ID: 186 | Details: Credenciais salvas: julianacost2414
[2025-10-09 23:12:18] [SUCCESS] [approval_complete] User: admin | Pré-matrícula ID: 186 | Details: Pré-matrícula aprovada e usuário criado: julianacost2414
[2025-10-13 13:28:19] [SUCCESS] [create_user_start] User: admin | Pré-matrícula ID: 187 | Details: Iniciando para oliverjessica19d@gmail.com no polo ava
[2025-10-13 13:28:19] [SUCCESS] [create_user_start] User: admin | Pré-matrícula ID: 187 | Details: Iniciando para oliverjessica19d@gmail.com no polo ava
[2025-10-13 13:28:20] [SUCCESS] [creating_new_user] User: admin | Pré-matrícula ID: 187 | Details: Criando usuário: oliverjessica19d
[2025-10-13 13:28:20] [SUCCESS] [moodle_create_user_attempt] User: admin | Details: Criando usuário: oliverjessica19d para email: oliverjessica19d@gmail.com
[2025-10-13 13:28:20] [SUCCESS] [creating_new_user] User: admin | Pré-matrícula ID: 187 | Details: Criando usuário: oliverjessica19d
[2025-10-13 13:28:20] [SUCCESS] [moodle_create_user_attempt] User: admin | Details: Criando usuário: oliverjessica19d para email: oliverjessica19d@gmail.com
[2025-10-13 13:28:20] [SUCCESS] [moodle_create_user_success] User: admin | Details: Usuário criado com sucesso: oliverjessica19d (ID: 147)
[2025-10-13 13:28:20] [ERROR] [moodle_create_user_error] User: admin | Details: Erro da API Moodle: Valor inválido de parâmetro detectado | Username: oliverjessica19d | Email: oliverjessica19d@gmail.com
[2025-10-13 13:28:20] [ERROR] [user_creation_error] User: admin | Pré-matrícula ID: 187 | Details: Erro ao criar usuário no Moodle: Erro da API Moodle: Valor inválido de parâmetro detectado
[2025-10-13 13:28:20] [ERROR] [approval_partial] User: admin | Pré-matrícula ID: 187 | Details: Aprovação com erro no Moodle: Erro ao criar usuário no Moodle: Erro da API Moodle: Valor inválido de parâmetro detectado
[2025-10-13 13:28:21] [SUCCESS] [enrollment_success] User: admin | Details: Usuário 147 matriculado no curso 2
[2025-10-13 13:28:21] [SUCCESS] [enrollment_success] User: admin | Details: Usuário 147 matriculado no curso 4
[2025-10-13 13:28:21] [SUCCESS] [enrollment_success] User: admin | Details: Usuário 147 matriculado no curso 5
[2025-10-13 13:28:22] [SUCCESS] [enrollment_success] User: admin | Details: Usuário 147 matriculado no curso 6
[2025-10-13 13:28:22] [SUCCESS] [enrollment_success] User: admin | Details: Usuário 147 matriculado no curso 7
[2025-10-13 13:28:22] [SUCCESS] [enrollment_success] User: admin | Details: Usuário 147 matriculado no curso 8
[2025-10-13 13:28:22] [SUCCESS] [enrollment_success] User: admin | Details: Usuário 147 matriculado no curso 9
[2025-10-13 13:28:22] [SUCCESS] [enrollment_success] User: admin | Details: Usuário 147 matriculado no curso 10
[2025-10-13 13:28:22] [SUCCESS] [enrollment_success] User: admin | Details: Usuário 147 matriculado no curso 280
[2025-10-13 13:28:22] [SUCCESS] [enrollment_success] User: admin | Details: Usuário 147 matriculado no curso 281
[2025-10-13 13:28:22] [SUCCESS] [enrollment_success] User: admin | Details: Usuário 147 matriculado no curso 11
[2025-10-13 13:28:22] [SUCCESS] [enrollment_success] User: admin | Details: Usuário 147 matriculado no curso 12
[2025-10-13 13:28:22] [SUCCESS] [enrollment_success] User: admin | Details: Usuário 147 matriculado no curso 13
[2025-10-13 13:28:22] [SUCCESS] [enrollment_success] User: admin | Details: Usuário 147 matriculado no curso 14
[2025-10-13 13:28:22] [SUCCESS] [enrollment_success] User: admin | Details: Usuário 147 matriculado no curso 15
[2025-10-13 13:28:22] [SUCCESS] [enrollment_success] User: admin | Details: Usuário 147 matriculado no curso 16
[2025-10-13 13:28:22] [SUCCESS] [enrollment_success] User: admin | Details: Usuário 147 matriculado no curso 17
[2025-10-13 13:28:22] [SUCCESS] [enrollment_success] User: admin | Details: Usuário 147 matriculado no curso 18
[2025-10-13 13:28:22] [SUCCESS] [enrollment_success] User: admin | Details: Usuário 147 matriculado no curso 19
[2025-10-13 13:28:22] [SUCCESS] [enrollment_success] User: admin | Details: Usuário 147 matriculado no curso 21
[2025-10-13 13:28:23] [SUCCESS] [enrollment_success] User: admin | Details: Usuário 147 matriculado no curso 22
[2025-10-13 13:28:23] [SUCCESS] [credentials_saved] User: admin | Pré-matrícula ID: 187 | Details: Credenciais salvas: oliverjessica19d
[2025-10-13 13:28:26] [SUCCESS] [approval_complete] User: admin | Pré-matrícula ID: 187 | Details: Pré-matrícula aprovada e usuário criado: oliverjessica19d
[2025-10-13 13:35:20] [SUCCESS] [create_user_start] User: admin | Pré-matrícula ID: 188 | Details: Iniciando para karlavitoriamix@gmail.coom no polo ava
[2025-10-13 13:35:20] [SUCCESS] [creating_new_user] User: admin | Pré-matrícula ID: 188 | Details: Criando usuário: karlavitoriamix1
[2025-10-13 13:35:20] [SUCCESS] [moodle_create_user_attempt] User: admin | Details: Criando usuário: karlavitoriamix1 para email: karlavitoriamix@gmail.coom
[2025-10-13 13:35:20] [SUCCESS] [moodle_create_user_success] User: admin | Details: Usuário criado com sucesso: karlavitoriamix1 (ID: 148)
[2025-10-13 13:35:21] [SUCCESS] [enrollment_success] User: admin | Details: Usuário 148 matriculado no curso 112
[2025-10-13 13:35:21] [SUCCESS] [enrollment_success] User: admin | Details: Usuário 148 matriculado no curso 113
[2025-10-13 13:35:21] [SUCCESS] [enrollment_success] User: admin | Details: Usuário 148 matriculado no curso 114
[2025-10-13 13:35:21] [SUCCESS] [enrollment_success] User: admin | Details: Usuário 148 matriculado no curso 116
[2025-10-13 13:35:21] [SUCCESS] [enrollment_success] User: admin | Details: Usuário 148 matriculado no curso 117
[2025-10-13 13:35:21] [SUCCESS] [enrollment_success] User: admin | Details: Usuário 148 matriculado no curso 207
[2025-10-13 13:35:21] [SUCCESS] [enrollment_success] User: admin | Details: Usuário 148 matriculado no curso 218
[2025-10-13 13:35:21] [SUCCESS] [enrollment_success] User: admin | Details: Usuário 148 matriculado no curso 219
[2025-10-13 13:35:21] [SUCCESS] [enrollment_success] User: admin | Details: Usuário 148 matriculado no curso 221
[2025-10-13 13:35:21] [SUCCESS] [enrollment_success] User: admin | Details: Usuário 148 matriculado no curso 222
[2025-10-13 13:35:22] [SUCCESS] [enrollment_success] User: admin | Details: Usuário 148 matriculado no curso 278
[2025-10-13 13:35:22] [SUCCESS] [enrollment_success] User: admin | Details: Usuário 148 matriculado no curso 208
[2025-10-13 13:35:22] [SUCCESS] [enrollment_success] User: admin | Details: Usuário 148 matriculado no curso 210
[2025-10-13 13:35:22] [SUCCESS] [enrollment_success] User: admin | Details: Usuário 148 matriculado no curso 211
[2025-10-13 13:35:22] [SUCCESS] [enrollment_success] User: admin | Details: Usuário 148 matriculado no curso 212
[2025-10-13 13:35:22] [SUCCESS] [enrollment_success] User: admin | Details: Usuário 148 matriculado no curso 214
[2025-10-13 13:35:22] [SUCCESS] [enrollment_success] User: admin | Details: Usuário 148 matriculado no curso 216
[2025-10-13 13:35:22] [SUCCESS] [enrollment_success] User: admin | Details: Usuário 148 matriculado no curso 217
[2025-10-13 13:35:22] [SUCCESS] [enrollment_success] User: admin | Details: Usuário 148 matriculado no curso 279
[2025-10-13 13:35:22] [SUCCESS] [credentials_saved] User: admin | Pré-matrícula ID: 188 | Details: Credenciais salvas: karlavitoriamix1
[2025-10-13 13:35:25] [SUCCESS] [approval_complete] User: admin | Pré-matrícula ID: 188 | Details: Pré-matrícula aprovada e usuário criado: karlavitoriamix1
[2025-10-16 19:24:31] [SUCCESS] [create_user_start] User: admin | Pré-matrícula ID: 191 | Details: Iniciando para lisboacarvalho2@gmail.com no polo ava
[2025-10-16 19:24:31] [SUCCESS] [creating_new_user] User: admin | Pré-matrícula ID: 191 | Details: Criando usuário: lisboacarvalho2
[2025-10-16 19:24:31] [SUCCESS] [moodle_create_user_attempt] User: admin | Details: Criando usuário: lisboacarvalho2 para email: lisboacarvalho2@gmail.com
[2025-10-16 19:24:32] [SUCCESS] [moodle_create_user_success] User: admin | Details: Usuário criado com sucesso: lisboacarvalho2 (ID: 149)
[2025-10-16 19:24:32] [SUCCESS] [enrollment_success] User: admin | Details: Usuário 149 matriculado no curso 112
[2025-10-16 19:24:33] [SUCCESS] [enrollment_success] User: admin | Details: Usuário 149 matriculado no curso 113
[2025-10-16 19:24:33] [SUCCESS] [enrollment_success] User: admin | Details: Usuário 149 matriculado no curso 114
[2025-10-16 19:24:33] [SUCCESS] [enrollment_success] User: admin | Details: Usuário 149 matriculado no curso 116
[2025-10-16 19:24:33] [SUCCESS] [enrollment_success] User: admin | Details: Usuário 149 matriculado no curso 117
[2025-10-16 19:24:33] [SUCCESS] [enrollment_success] User: admin | Details: Usuário 149 matriculado no curso 207
[2025-10-16 19:24:33] [SUCCESS] [enrollment_success] User: admin | Details: Usuário 149 matriculado no curso 218
[2025-10-16 19:24:34] [SUCCESS] [enrollment_success] User: admin | Details: Usuário 149 matriculado no curso 219
[2025-10-16 19:24:34] [SUCCESS] [enrollment_success] User: admin | Details: Usuário 149 matriculado no curso 221
[2025-10-16 19:24:34] [SUCCESS] [enrollment_success] User: admin | Details: Usuário 149 matriculado no curso 222
[2025-10-16 19:24:34] [SUCCESS] [enrollment_success] User: admin | Details: Usuário 149 matriculado no curso 278
[2025-10-16 19:24:34] [SUCCESS] [enrollment_success] User: admin | Details: Usuário 149 matriculado no curso 208
[2025-10-16 19:24:34] [SUCCESS] [enrollment_success] User: admin | Details: Usuário 149 matriculado no curso 210
[2025-10-16 19:24:34] [SUCCESS] [enrollment_success] User: admin | Details: Usuário 149 matriculado no curso 211
[2025-10-16 19:24:34] [SUCCESS] [enrollment_success] User: admin | Details: Usuário 149 matriculado no curso 212
[2025-10-16 19:24:35] [SUCCESS] [enrollment_success] User: admin | Details: Usuário 149 matriculado no curso 214
[2025-10-16 19:24:35] [SUCCESS] [enrollment_success] User: admin | Details: Usuário 149 matriculado no curso 216
[2025-10-16 19:24:35] [SUCCESS] [enrollment_success] User: admin | Details: Usuário 149 matriculado no curso 217
[2025-10-16 19:24:35] [SUCCESS] [enrollment_success] User: admin | Details: Usuário 149 matriculado no curso 279
[2025-10-16 19:24:35] [SUCCESS] [credentials_saved] User: admin | Pré-matrícula ID: 191 | Details: Credenciais salvas: lisboacarvalho2
[2025-10-16 19:24:35] [SUCCESS] [create_user_start] User: admin | Pré-matrícula ID: 191 | Details: Iniciando para lisboacarvalho2@gmail.com no polo ava
[2025-10-16 19:24:35] [SUCCESS] [update_password] User: admin | Details: Senha atualizada para usuário ID 149
[2025-10-16 19:24:35] [SUCCESS] [user_exists] User: admin | Pré-matrícula ID: 191 | Details: Reutilizando usuário: lisboacarvalho2 (ID: 149)
[2025-10-16 19:24:36] [SUCCESS] [enrollment_success] User: admin | Details: Usuário 149 matriculado no curso 112
[2025-10-16 19:24:36] [SUCCESS] [enrollment_success] User: admin | Details: Usuário 149 matriculado no curso 113
[2025-10-16 19:24:36] [SUCCESS] [enrollment_success] User: admin | Details: Usuário 149 matriculado no curso 114
[2025-10-16 19:24:36] [SUCCESS] [enrollment_success] User: admin | Details: Usuário 149 matriculado no curso 116
[2025-10-16 19:24:36] [SUCCESS] [enrollment_success] User: admin | Details: Usuário 149 matriculado no curso 117
[2025-10-16 19:24:36] [SUCCESS] [enrollment_success] User: admin | Details: Usuário 149 matriculado no curso 207
[2025-10-16 19:24:36] [SUCCESS] [enrollment_success] User: admin | Details: Usuário 149 matriculado no curso 218
[2025-10-16 19:24:36] [SUCCESS] [enrollment_success] User: admin | Details: Usuário 149 matriculado no curso 219
[2025-10-16 19:24:36] [SUCCESS] [enrollment_success] User: admin | Details: Usuário 149 matriculado no curso 221
[2025-10-16 19:24:36] [SUCCESS] [enrollment_success] User: admin | Details: Usuário 149 matriculado no curso 222
[2025-10-16 19:24:36] [SUCCESS] [enrollment_success] User: admin | Details: Usuário 149 matriculado no curso 278
[2025-10-16 19:24:37] [SUCCESS] [enrollment_success] User: admin | Details: Usuário 149 matriculado no curso 208
[2025-10-16 19:24:37] [SUCCESS] [enrollment_success] User: admin | Details: Usuário 149 matriculado no curso 210
[2025-10-16 19:24:37] [SUCCESS] [enrollment_success] User: admin | Details: Usuário 149 matriculado no curso 211
[2025-10-16 19:24:37] [SUCCESS] [enrollment_success] User: admin | Details: Usuário 149 matriculado no curso 212
[2025-10-16 19:24:37] [SUCCESS] [enrollment_success] User: admin | Details: Usuário 149 matriculado no curso 214
[2025-10-16 19:24:37] [SUCCESS] [enrollment_success] User: admin | Details: Usuário 149 matriculado no curso 216
[2025-10-16 19:24:37] [SUCCESS] [enrollment_success] User: admin | Details: Usuário 149 matriculado no curso 217
[2025-10-16 19:24:37] [SUCCESS] [enrollment_success] User: admin | Details: Usuário 149 matriculado no curso 279
[2025-10-16 19:24:37] [SUCCESS] [credentials_saved] User: admin | Pré-matrícula ID: 191 | Details: Credenciais salvas: lisboacarvalho2
[2025-10-16 19:24:38] [SUCCESS] [create_user_start] User: admin | Pré-matrícula ID: 191 | Details: Iniciando para lisboacarvalho2@gmail.com no polo ava
[2025-10-16 19:24:38] [SUCCESS] [update_password] User: admin | Details: Senha atualizada para usuário ID 149
[2025-10-16 19:24:38] [SUCCESS] [user_exists] User: admin | Pré-matrícula ID: 191 | Details: Reutilizando usuário: lisboacarvalho2 (ID: 149)
[2025-10-16 19:24:39] [SUCCESS] [enrollment_success] User: admin | Details: Usuário 149 matriculado no curso 112
[2025-10-16 19:24:39] [SUCCESS] [enrollment_success] User: admin | Details: Usuário 149 matriculado no curso 113
[2025-10-16 19:24:39] [SUCCESS] [enrollment_success] User: admin | Details: Usuário 149 matriculado no curso 114
[2025-10-16 19:24:39] [SUCCESS] [enrollment_success] User: admin | Details: Usuário 149 matriculado no curso 116
[2025-10-16 19:24:39] [SUCCESS] [approval_complete] User: admin | Pré-matrícula ID: 191 | Details: Pré-matrícula aprovada e usuário criado: lisboacarvalho2
[2025-10-16 19:24:39] [SUCCESS] [enrollment_success] User: admin | Details: Usuário 149 matriculado no curso 117
[2025-10-16 19:24:39] [SUCCESS] [enrollment_success] User: admin | Details: Usuário 149 matriculado no curso 207
[2025-10-16 19:24:39] [SUCCESS] [enrollment_success] User: admin | Details: Usuário 149 matriculado no curso 218
[2025-10-16 19:24:39] [SUCCESS] [enrollment_success] User: admin | Details: Usuário 149 matriculado no curso 219
[2025-10-16 19:24:39] [SUCCESS] [enrollment_success] User: admin | Details: Usuário 149 matriculado no curso 221
[2025-10-16 19:24:39] [SUCCESS] [enrollment_success] User: admin | Details: Usuário 149 matriculado no curso 222
[2025-10-16 19:24:39] [SUCCESS] [enrollment_success] User: admin | Details: Usuário 149 matriculado no curso 278
[2025-10-16 19:24:39] [SUCCESS] [enrollment_success] User: admin | Details: Usuário 149 matriculado no curso 208
[2025-10-16 19:24:40] [SUCCESS] [enrollment_success] User: admin | Details: Usuário 149 matriculado no curso 210
[2025-10-16 19:24:40] [SUCCESS] [enrollment_success] User: admin | Details: Usuário 149 matriculado no curso 211
[2025-10-16 19:24:40] [SUCCESS] [enrollment_success] User: admin | Details: Usuário 149 matriculado no curso 212
[2025-10-16 19:24:40] [SUCCESS] [enrollment_success] User: admin | Details: Usuário 149 matriculado no curso 214
[2025-10-16 19:24:40] [SUCCESS] [enrollment_success] User: admin | Details: Usuário 149 matriculado no curso 216
[2025-10-16 19:24:40] [SUCCESS] [enrollment_success] User: admin | Details: Usuário 149 matriculado no curso 217
[2025-10-16 19:24:40] [SUCCESS] [enrollment_success] User: admin | Details: Usuário 149 matriculado no curso 279
[2025-10-16 19:24:40] [SUCCESS] [credentials_saved] User: admin | Pré-matrícula ID: 191 | Details: Credenciais salvas: lisboacarvalho2
[2025-10-16 19:24:41] [SUCCESS] [approval_complete] User: admin | Pré-matrícula ID: 191 | Details: Pré-matrícula aprovada e usuário criado: lisboacarvalho2
[2025-10-16 19:24:44] [SUCCESS] [approval_complete] User: admin | Pré-matrícula ID: 191 | Details: Pré-matrícula aprovada e usuário criado: lisboacarvalho2
[2025-10-16 19:53:07] [SUCCESS] [create_user_start] User: admin | Pré-matrícula ID: 190 | Details: Iniciando para amanda_vieira4@icloud.com no polo ava
[2025-10-16 19:53:07] [SUCCESS] [creating_new_user] User: admin | Pré-matrícula ID: 190 | Details: Criando usuário: amandavieira4
[2025-10-16 19:53:07] [SUCCESS] [moodle_create_user_attempt] User: admin | Details: Criando usuário: amandavieira4 para email: amanda_vieira4@icloud.com
[2025-10-16 19:53:07] [SUCCESS] [moodle_create_user_success] User: admin | Details: Usuário criado com sucesso: amandavieira4 (ID: 150)
[2025-10-16 19:53:08] [SUCCESS] [enrollment_success] User: admin | Details: Usuário 150 matriculado no curso 2
[2025-10-16 19:53:08] [SUCCESS] [enrollment_success] User: admin | Details: Usuário 150 matriculado no curso 4
[2025-10-16 19:53:08] [SUCCESS] [enrollment_success] User: admin | Details: Usuário 150 matriculado no curso 5
[2025-10-16 19:53:08] [SUCCESS] [enrollment_success] User: admin | Details: Usuário 150 matriculado no curso 6
[2025-10-16 19:53:08] [SUCCESS] [enrollment_success] User: admin | Details: Usuário 150 matriculado no curso 7
[2025-10-16 19:53:08] [SUCCESS] [enrollment_success] User: admin | Details: Usuário 150 matriculado no curso 8
[2025-10-16 19:53:08] [SUCCESS] [enrollment_success] User: admin | Details: Usuário 150 matriculado no curso 9
[2025-10-16 19:53:08] [SUCCESS] [enrollment_success] User: admin | Details: Usuário 150 matriculado no curso 10
[2025-10-16 19:53:08] [SUCCESS] [enrollment_success] User: admin | Details: Usuário 150 matriculado no curso 280
[2025-10-16 19:53:08] [SUCCESS] [enrollment_success] User: admin | Details: Usuário 150 matriculado no curso 281
[2025-10-16 19:53:08] [SUCCESS] [create_user_start] User: admin | Pré-matrícula ID: 190 | Details: Iniciando para amanda_vieira4@icloud.com no polo ava
[2025-10-16 19:53:08] [SUCCESS] [enrollment_success] User: admin | Details: Usuário 150 matriculado no curso 11
[2025-10-16 19:53:08] [SUCCESS] [enrollment_success] User: admin | Details: Usuário 150 matriculado no curso 12
[2025-10-16 19:53:09] [SUCCESS] [enrollment_success] User: admin | Details: Usuário 150 matriculado no curso 13
[2025-10-16 19:53:09] [SUCCESS] [update_password] User: admin | Details: Senha atualizada para usuário ID 150
[2025-10-16 19:53:09] [SUCCESS] [user_exists] User: admin | Pré-matrícula ID: 190 | Details: Reutilizando usuário: amandavieira4 (ID: 150)
[2025-10-16 19:53:09] [SUCCESS] [enrollment_success] User: admin | Details: Usuário 150 matriculado no curso 14
[2025-10-16 19:53:09] [SUCCESS] [enrollment_success] User: admin | Details: Usuário 150 matriculado no curso 15
[2025-10-16 19:53:09] [SUCCESS] [enrollment_success] User: admin | Details: Usuário 150 matriculado no curso 16
[2025-10-16 19:53:09] [SUCCESS] [enrollment_success] User: admin | Details: Usuário 150 matriculado no curso 17
[2025-10-16 19:53:09] [SUCCESS] [enrollment_success] User: admin | Details: Usuário 150 matriculado no curso 18
[2025-10-16 19:53:09] [SUCCESS] [enrollment_success] User: admin | Details: Usuário 150 matriculado no curso 19
[2025-10-16 19:53:09] [SUCCESS] [enrollment_success] User: admin | Details: Usuário 150 matriculado no curso 21
[2025-10-16 19:53:09] [SUCCESS] [enrollment_success] User: admin | Details: Usuário 150 matriculado no curso 22
[2025-10-16 19:53:09] [SUCCESS] [credentials_saved] User: admin | Pré-matrícula ID: 190 | Details: Credenciais salvas: amandavieira4
[2025-10-16 19:53:09] [SUCCESS] [enrollment_success] User: admin | Details: Usuário 150 matriculado no curso 2
[2025-10-16 19:53:09] [SUCCESS] [enrollment_success] User: admin | Details: Usuário 150 matriculado no curso 4
[2025-10-16 19:53:09] [SUCCESS] [enrollment_success] User: admin | Details: Usuário 150 matriculado no curso 5
[2025-10-16 19:53:09] [SUCCESS] [enrollment_success] User: admin | Details: Usuário 150 matriculado no curso 6
[2025-10-16 19:53:09] [SUCCESS] [enrollment_success] User: admin | Details: Usuário 150 matriculado no curso 7
[2025-10-16 19:53:09] [SUCCESS] [enrollment_success] User: admin | Details: Usuário 150 matriculado no curso 8
[2025-10-16 19:53:09] [SUCCESS] [enrollment_success] User: admin | Details: Usuário 150 matriculado no curso 9
[2025-10-16 19:53:09] [SUCCESS] [enrollment_success] User: admin | Details: Usuário 150 matriculado no curso 10
[2025-10-16 19:53:09] [SUCCESS] [enrollment_success] User: admin | Details: Usuário 150 matriculado no curso 280
[2025-10-16 19:53:09] [SUCCESS] [enrollment_success] User: admin | Details: Usuário 150 matriculado no curso 281
[2025-10-16 19:53:09] [SUCCESS] [enrollment_success] User: admin | Details: Usuário 150 matriculado no curso 11
[2025-10-16 19:53:09] [SUCCESS] [enrollment_success] User: admin | Details: Usuário 150 matriculado no curso 12
[2025-10-16 19:53:09] [SUCCESS] [enrollment_success] User: admin | Details: Usuário 150 matriculado no curso 13
[2025-10-16 19:53:09] [SUCCESS] [enrollment_success] User: admin | Details: Usuário 150 matriculado no curso 14
[2025-10-16 19:53:09] [SUCCESS] [enrollment_success] User: admin | Details: Usuário 150 matriculado no curso 15
[2025-10-16 19:53:09] [SUCCESS] [enrollment_success] User: admin | Details: Usuário 150 matriculado no curso 16
[2025-10-16 19:53:09] [SUCCESS] [enrollment_success] User: admin | Details: Usuário 150 matriculado no curso 17
[2025-10-16 19:53:09] [SUCCESS] [enrollment_success] User: admin | Details: Usuário 150 matriculado no curso 18
[2025-10-16 19:53:09] [SUCCESS] [enrollment_success] User: admin | Details: Usuário 150 matriculado no curso 19
[2025-10-16 19:53:10] [SUCCESS] [enrollment_success] User: admin | Details: Usuário 150 matriculado no curso 21
[2025-10-16 19:53:10] [SUCCESS] [enrollment_success] User: admin | Details: Usuário 150 matriculado no curso 22
[2025-10-16 19:53:10] [SUCCESS] [credentials_saved] User: admin | Pré-matrícula ID: 190 | Details: Credenciais salvas: amandavieira4
[2025-10-16 19:53:13] [SUCCESS] [approval_complete] User: admin | Pré-matrícula ID: 190 | Details: Pré-matrícula aprovada e usuário criado: amandavieira4
[2025-10-16 19:53:13] [SUCCESS] [approval_complete] User: admin | Pré-matrícula ID: 190 | Details: Pré-matrícula aprovada e usuário criado: amandavieira4
[2025-10-16 19:53:20] [SUCCESS] [create_user_start] User: admin | Pré-matrícula ID: 189 | Details: Iniciando para nataliapires1209@gmail.com no polo ava
[2025-10-16 19:53:20] [SUCCESS] [creating_new_user] User: admin | Pré-matrícula ID: 189 | Details: Criando usuário: nataliapires1209
[2025-10-16 19:53:20] [SUCCESS] [moodle_create_user_attempt] User: admin | Details: Criando usuário: nataliapires1209 para email: nataliapires1209@gmail.com
[2025-10-16 19:53:20] [SUCCESS] [moodle_create_user_success] User: admin | Details: Usuário criado com sucesso: nataliapires1209 (ID: 151)
[2025-10-16 19:53:21] [SUCCESS] [enrollment_success] User: admin | Details: Usuário 151 matriculado no curso 2
[2025-10-16 19:53:21] [SUCCESS] [enrollment_success] User: admin | Details: Usuário 151 matriculado no curso 4
[2025-10-16 19:53:21] [SUCCESS] [enrollment_success] User: admin | Details: Usuário 151 matriculado no curso 5
[2025-10-16 19:53:21] [SUCCESS] [enrollment_success] User: admin | Details: Usuário 151 matriculado no curso 6
[2025-10-16 19:53:21] [SUCCESS] [enrollment_success] User: admin | Details: Usuário 151 matriculado no curso 7
[2025-10-16 19:53:21] [SUCCESS] [enrollment_success] User: admin | Details: Usuário 151 matriculado no curso 8
[2025-10-16 19:53:21] [SUCCESS] [enrollment_success] User: admin | Details: Usuário 151 matriculado no curso 9
[2025-10-16 19:53:21] [SUCCESS] [enrollment_success] User: admin | Details: Usuário 151 matriculado no curso 10
[2025-10-16 19:53:21] [SUCCESS] [enrollment_success] User: admin | Details: Usuário 151 matriculado no curso 280
[2025-10-16 19:53:21] [SUCCESS] [enrollment_success] User: admin | Details: Usuário 151 matriculado no curso 281
[2025-10-16 19:53:21] [SUCCESS] [enrollment_success] User: admin | Details: Usuário 151 matriculado no curso 11
[2025-10-16 19:53:21] [SUCCESS] [enrollment_success] User: admin | Details: Usuário 151 matriculado no curso 12
[2025-10-16 19:53:21] [SUCCESS] [enrollment_success] User: admin | Details: Usuário 151 matriculado no curso 13
[2025-10-16 19:53:21] [SUCCESS] [enrollment_success] User: admin | Details: Usuário 151 matriculado no curso 14
[2025-10-16 19:53:21] [SUCCESS] [enrollment_success] User: admin | Details: Usuário 151 matriculado no curso 15
[2025-10-16 19:53:21] [SUCCESS] [enrollment_success] User: admin | Details: Usuário 151 matriculado no curso 16
[2025-10-16 19:53:21] [SUCCESS] [enrollment_success] User: admin | Details: Usuário 151 matriculado no curso 17
[2025-10-16 19:53:21] [SUCCESS] [enrollment_success] User: admin | Details: Usuário 151 matriculado no curso 18
[2025-10-16 19:53:21] [SUCCESS] [enrollment_success] User: admin | Details: Usuário 151 matriculado no curso 19
[2025-10-16 19:53:21] [SUCCESS] [enrollment_success] User: admin | Details: Usuário 151 matriculado no curso 21
[2025-10-16 19:53:21] [SUCCESS] [enrollment_success] User: admin | Details: Usuário 151 matriculado no curso 22
[2025-10-16 19:53:21] [SUCCESS] [credentials_saved] User: admin | Pré-matrícula ID: 189 | Details: Credenciais salvas: nataliapires1209
[2025-10-16 19:53:25] [SUCCESS] [approval_complete] User: admin | Pré-matrícula ID: 189 | Details: Pré-matrícula aprovada e usuário criado: nataliapires1209
[2025-10-16 20:21:42] [SUCCESS] [create_user_start] User: admin | Pré-matrícula ID: 189 | Details: Iniciando para nataliapires1209@gmail.com no polo ava
[2025-10-16 20:21:42] [SUCCESS] [update_password] User: admin | Details: Senha atualizada para usuário ID 151
[2025-10-16 20:21:42] [SUCCESS] [user_exists] User: admin | Pré-matrícula ID: 189 | Details: Reutilizando usuário: nataliapires1209 (ID: 151)
[2025-10-16 20:21:42] [SUCCESS] [enrollment_success] User: admin | Details: Usuário 151 matriculado no curso 2
[2025-10-16 20:21:43] [SUCCESS] [enrollment_success] User: admin | Details: Usuário 151 matriculado no curso 4
[2025-10-16 20:21:43] [SUCCESS] [enrollment_success] User: admin | Details: Usuário 151 matriculado no curso 5
[2025-10-16 20:21:43] [SUCCESS] [enrollment_success] User: admin | Details: Usuário 151 matriculado no curso 6
[2025-10-16 20:21:43] [SUCCESS] [enrollment_success] User: admin | Details: Usuário 151 matriculado no curso 7
[2025-10-16 20:21:43] [SUCCESS] [enrollment_success] User: admin | Details: Usuário 151 matriculado no curso 8
[2025-10-16 20:21:43] [SUCCESS] [enrollment_success] User: admin | Details: Usuário 151 matriculado no curso 9
[2025-10-16 20:21:43] [SUCCESS] [enrollment_success] User: admin | Details: Usuário 151 matriculado no curso 10
[2025-10-16 20:21:43] [SUCCESS] [enrollment_success] User: admin | Details: Usuário 151 matriculado no curso 280
[2025-10-16 20:21:43] [SUCCESS] [enrollment_success] User: admin | Details: Usuário 151 matriculado no curso 281
[2025-10-16 20:21:43] [SUCCESS] [enrollment_success] User: admin | Details: Usuário 151 matriculado no curso 11
[2025-10-16 20:21:43] [SUCCESS] [enrollment_success] User: admin | Details: Usuário 151 matriculado no curso 12
[2025-10-16 20:21:43] [SUCCESS] [enrollment_success] User: admin | Details: Usuário 151 matriculado no curso 13
[2025-10-16 20:21:43] [SUCCESS] [enrollment_success] User: admin | Details: Usuário 151 matriculado no curso 14
[2025-10-16 20:21:43] [SUCCESS] [enrollment_success] User: admin | Details: Usuário 151 matriculado no curso 15
[2025-10-16 20:21:43] [SUCCESS] [enrollment_success] User: admin | Details: Usuário 151 matriculado no curso 16
[2025-10-16 20:21:43] [SUCCESS] [enrollment_success] User: admin | Details: Usuário 151 matriculado no curso 17
[2025-10-16 20:21:43] [SUCCESS] [enrollment_success] User: admin | Details: Usuário 151 matriculado no curso 18
[2025-10-16 20:21:43] [SUCCESS] [enrollment_success] User: admin | Details: Usuário 151 matriculado no curso 19
[2025-10-16 20:21:43] [SUCCESS] [enrollment_success] User: admin | Details: Usuário 151 matriculado no curso 21
[2025-10-16 20:21:43] [SUCCESS] [enrollment_success] User: admin | Details: Usuário 151 matriculado no curso 22
[2025-10-16 20:21:43] [SUCCESS] [credentials_saved] User: admin | Pré-matrícula ID: 189 | Details: Credenciais salvas: nataliapires1209
[2025-10-16 20:21:47] [SUCCESS] [approval_complete] User: admin | Pré-matrícula ID: 189 | Details: Pré-matrícula aprovada e usuário criado: nataliapires1209
[2025-10-16 20:21:55] [SUCCESS] [create_user_start] User: admin | Pré-matrícula ID: 192 | Details: Iniciando para kauakyllmy@gmail.com no polo ava
[2025-10-16 20:21:55] [SUCCESS] [creating_new_user] User: admin | Pré-matrícula ID: 192 | Details: Criando usuário: kauakyllmy
[2025-10-16 20:21:55] [SUCCESS] [moodle_create_user_attempt] User: admin | Details: Criando usuário: kauakyllmy para email: kauakyllmy@gmail.com
[2025-10-16 20:21:55] [SUCCESS] [moodle_create_user_success] User: admin | Details: Usuário criado com sucesso: kauakyllmy (ID: 152)
[2025-10-16 20:21:55] [SUCCESS] [enrollment_success] User: admin | Details: Usuário 152 matriculado no curso 112
[2025-10-16 20:21:55] [SUCCESS] [enrollment_success] User: admin | Details: Usuário 152 matriculado no curso 113
[2025-10-16 20:21:55] [SUCCESS] [enrollment_success] User: admin | Details: Usuário 152 matriculado no curso 114
[2025-10-16 20:21:55] [SUCCESS] [enrollment_success] User: admin | Details: Usuário 152 matriculado no curso 116
[2025-10-16 20:21:56] [SUCCESS] [enrollment_success] User: admin | Details: Usuário 152 matriculado no curso 117
[2025-10-16 20:21:56] [SUCCESS] [enrollment_success] User: admin | Details: Usuário 152 matriculado no curso 207
[2025-10-16 20:21:56] [SUCCESS] [enrollment_success] User: admin | Details: Usuário 152 matriculado no curso 218
[2025-10-16 20:21:56] [SUCCESS] [enrollment_success] User: admin | Details: Usuário 152 matriculado no curso 219
[2025-10-16 20:21:56] [SUCCESS] [enrollment_success] User: admin | Details: Usuário 152 matriculado no curso 221
[2025-10-16 20:21:56] [SUCCESS] [enrollment_success] User: admin | Details: Usuário 152 matriculado no curso 222
[2025-10-16 20:21:56] [SUCCESS] [enrollment_success] User: admin | Details: Usuário 152 matriculado no curso 278
[2025-10-16 20:21:56] [SUCCESS] [enrollment_success] User: admin | Details: Usuário 152 matriculado no curso 208
[2025-10-16 20:21:56] [SUCCESS] [enrollment_success] User: admin | Details: Usuário 152 matriculado no curso 210
[2025-10-16 20:21:56] [SUCCESS] [enrollment_success] User: admin | Details: Usuário 152 matriculado no curso 211
[2025-10-16 20:21:56] [SUCCESS] [enrollment_success] User: admin | Details: Usuário 152 matriculado no curso 212
[2025-10-16 20:21:56] [SUCCESS] [enrollment_success] User: admin | Details: Usuário 152 matriculado no curso 214
[2025-10-16 20:21:57] [SUCCESS] [enrollment_success] User: admin | Details: Usuário 152 matriculado no curso 216
[2025-10-16 20:21:57] [SUCCESS] [enrollment_success] User: admin | Details: Usuário 152 matriculado no curso 217
[2025-10-16 20:21:57] [SUCCESS] [enrollment_success] User: admin | Details: Usuário 152 matriculado no curso 279
[2025-10-16 20:21:57] [SUCCESS] [credentials_saved] User: admin | Pré-matrícula ID: 192 | Details: Credenciais salvas: kauakyllmy
[2025-10-16 20:22:00] [SUCCESS] [approval_complete] User: admin | Pré-matrícula ID: 192 | Details: Pré-matrícula aprovada e usuário criado: kauakyllmy
[2025-10-16 20:24:54] [SUCCESS] [create_user_start] User: admin | Pré-matrícula ID: 192 | Details: Iniciando para kauakyllmy@gmail.com no polo ava
[2025-10-16 20:24:54] [SUCCESS] [update_password] User: admin | Details: Senha atualizada para usuário ID 152
[2025-10-16 20:24:54] [SUCCESS] [user_exists] User: admin | Pré-matrícula ID: 192 | Details: Reutilizando usuário: kauakyllmy (ID: 152)
[2025-10-16 20:24:55] [SUCCESS] [enrollment_success] User: admin | Details: Usuário 152 matriculado no curso 112
[2025-10-16 20:24:55] [SUCCESS] [enrollment_success] User: admin | Details: Usuário 152 matriculado no curso 113
[2025-10-16 20:24:55] [SUCCESS] [enrollment_success] User: admin | Details: Usuário 152 matriculado no curso 114
[2025-10-16 20:24:55] [SUCCESS] [enrollment_success] User: admin | Details: Usuário 152 matriculado no curso 116
[2025-10-16 20:24:55] [SUCCESS] [enrollment_success] User: admin | Details: Usuário 152 matriculado no curso 117
[2025-10-16 20:24:55] [SUCCESS] [enrollment_success] User: admin | Details: Usuário 152 matriculado no curso 207
[2025-10-16 20:24:55] [SUCCESS] [enrollment_success] User: admin | Details: Usuário 152 matriculado no curso 218
[2025-10-16 20:24:55] [SUCCESS] [enrollment_success] User: admin | Details: Usuário 152 matriculado no curso 219
[2025-10-16 20:24:55] [SUCCESS] [enrollment_success] User: admin | Details: Usuário 152 matriculado no curso 221
[2025-10-16 20:24:55] [SUCCESS] [enrollment_success] User: admin | Details: Usuário 152 matriculado no curso 222
[2025-10-16 20:24:55] [SUCCESS] [enrollment_success] User: admin | Details: Usuário 152 matriculado no curso 278
[2025-10-16 20:24:55] [SUCCESS] [enrollment_success] User: admin | Details: Usuário 152 matriculado no curso 208
[2025-10-16 20:24:56] [SUCCESS] [enrollment_success] User: admin | Details: Usuário 152 matriculado no curso 210
[2025-10-16 20:24:56] [SUCCESS] [enrollment_success] User: admin | Details: Usuário 152 matriculado no curso 211
[2025-10-16 20:24:56] [SUCCESS] [enrollment_success] User: admin | Details: Usuário 152 matriculado no curso 212
[2025-10-16 20:24:56] [SUCCESS] [enrollment_success] User: admin | Details: Usuário 152 matriculado no curso 214
[2025-10-16 20:24:56] [SUCCESS] [enrollment_success] User: admin | Details: Usuário 152 matriculado no curso 216
[2025-10-16 20:24:56] [SUCCESS] [enrollment_success] User: admin | Details: Usuário 152 matriculado no curso 217
[2025-10-16 20:24:56] [SUCCESS] [enrollment_success] User: admin | Details: Usuário 152 matriculado no curso 279
[2025-10-16 20:24:56] [SUCCESS] [credentials_saved] User: admin | Pré-matrícula ID: 192 | Details: Credenciais salvas: kauakyllmy
[2025-10-16 20:24:59] [SUCCESS] [approval_complete] User: admin | Pré-matrícula ID: 192 | Details: Pré-matrícula aprovada e usuário criado: kauakyllmy
[2025-10-16 20:26:45] [SUCCESS] [create_user_start] User: admin | Pré-matrícula ID: 193 | Details: Iniciando para sc141192001@gmail.com no polo ava
[2025-10-16 20:26:45] [SUCCESS] [creating_new_user] User: admin | Pré-matrícula ID: 193 | Details: Criando usuário: sc141192001
[2025-10-16 20:26:45] [SUCCESS] [moodle_create_user_attempt] User: admin | Details: Criando usuário: sc141192001 para email: sc141192001@gmail.com
[2025-10-16 20:26:45] [SUCCESS] [moodle_create_user_success] User: admin | Details: Usuário criado com sucesso: sc141192001 (ID: 153)
[2025-10-16 20:26:46] [SUCCESS] [enrollment_success] User: admin | Details: Usuário 153 matriculado no curso 106
[2025-10-16 20:26:46] [SUCCESS] [enrollment_success] User: admin | Details: Usuário 153 matriculado no curso 107
[2025-10-16 20:26:46] [SUCCESS] [enrollment_success] User: admin | Details: Usuário 153 matriculado no curso 108
[2025-10-16 20:26:46] [SUCCESS] [enrollment_success] User: admin | Details: Usuário 153 matriculado no curso 109
[2025-10-16 20:26:46] [SUCCESS] [enrollment_success] User: admin | Details: Usuário 153 matriculado no curso 110
[2025-10-16 20:26:46] [SUCCESS] [enrollment_success] User: admin | Details: Usuário 153 matriculado no curso 111
[2025-10-16 20:26:46] [SUCCESS] [enrollment_success] User: admin | Details: Usuário 153 matriculado no curso 191
[2025-10-16 20:26:46] [SUCCESS] [enrollment_success] User: admin | Details: Usuário 153 matriculado no curso 192
[2025-10-16 20:26:46] [SUCCESS] [enrollment_success] User: admin | Details: Usuário 153 matriculado no curso 193
[2025-10-16 20:26:46] [SUCCESS] [enrollment_success] User: admin | Details: Usuário 153 matriculado no curso 194
[2025-10-16 20:26:46] [SUCCESS] [enrollment_success] User: admin | Details: Usuário 153 matriculado no curso 195
[2025-10-16 20:26:47] [SUCCESS] [enrollment_success] User: admin | Details: Usuário 153 matriculado no curso 196
[2025-10-16 20:26:47] [SUCCESS] [enrollment_success] User: admin | Details: Usuário 153 matriculado no curso 99
[2025-10-16 20:26:47] [SUCCESS] [enrollment_success] User: admin | Details: Usuário 153 matriculado no curso 100
[2025-10-16 20:26:47] [SUCCESS] [enrollment_success] User: admin | Details: Usuário 153 matriculado no curso 101
[2025-10-16 20:26:47] [SUCCESS] [enrollment_success] User: admin | Details: Usuário 153 matriculado no curso 102
[2025-10-16 20:26:47] [SUCCESS] [enrollment_success] User: admin | Details: Usuário 153 matriculado no curso 103
[2025-10-16 20:26:47] [SUCCESS] [enrollment_success] User: admin | Details: Usuário 153 matriculado no curso 104
[2025-10-16 20:26:47] [SUCCESS] [enrollment_success] User: admin | Details: Usuário 153 matriculado no curso 105
[2025-10-16 20:26:47] [SUCCESS] [enrollment_success] User: admin | Details: Usuário 153 matriculado no curso 198
[2025-10-16 20:26:47] [SUCCESS] [enrollment_success] User: admin | Details: Usuário 153 matriculado no curso 199
[2025-10-16 20:26:47] [SUCCESS] [enrollment_success] User: admin | Details: Usuário 153 matriculado no curso 200
[2025-10-16 20:26:47] [SUCCESS] [enrollment_success] User: admin | Details: Usuário 153 matriculado no curso 201
[2025-10-16 20:26:48] [SUCCESS] [enrollment_success] User: admin | Details: Usuário 153 matriculado no curso 202
[2025-10-16 20:26:48] [SUCCESS] [enrollment_success] User: admin | Details: Usuário 153 matriculado no curso 92
[2025-10-16 20:26:48] [SUCCESS] [enrollment_success] User: admin | Details: Usuário 153 matriculado no curso 93
[2025-10-16 20:26:48] [SUCCESS] [enrollment_success] User: admin | Details: Usuário 153 matriculado no curso 94
[2025-10-16 20:26:48] [SUCCESS] [enrollment_success] User: admin | Details: Usuário 153 matriculado no curso 95
[2025-10-16 20:26:48] [SUCCESS] [enrollment_success] User: admin | Details: Usuário 153 matriculado no curso 96
[2025-10-16 20:26:48] [SUCCESS] [enrollment_success] User: admin | Details: Usuário 153 matriculado no curso 97
[2025-10-16 20:26:48] [SUCCESS] [enrollment_success] User: admin | Details: Usuário 153 matriculado no curso 98
[2025-10-16 20:26:48] [SUCCESS] [enrollment_success] User: admin | Details: Usuário 153 matriculado no curso 203
[2025-10-16 20:26:48] [SUCCESS] [enrollment_success] User: admin | Details: Usuário 153 matriculado no curso 204
[2025-10-16 20:26:48] [SUCCESS] [enrollment_success] User: admin | Details: Usuário 153 matriculado no curso 205
[2025-10-16 20:26:48] [SUCCESS] [enrollment_success] User: admin | Details: Usuário 153 matriculado no curso 206
[2025-10-16 20:26:48] [SUCCESS] [credentials_saved] User: admin | Pré-matrícula ID: 193 | Details: Credenciais salvas: sc141192001
[2025-10-16 20:26:52] [SUCCESS] [approval_complete] User: admin | Pré-matrícula ID: 193 | Details: Pré-matrícula aprovada e usuário criado: sc141192001
[2025-10-17 00:25:47] [SUCCESS] [rejection] User: admin | Pré-matrícula ID: 194 | Details: Pré-matrícula rejeitada: dados incorretos
[2025-10-17 11:38:59] [SUCCESS] [create_user_start] User: admin | Pré-matrícula ID: 196 | Details: Iniciando para sc1401192001@gmail.com no polo ava
[2025-10-17 11:39:00] [SUCCESS] [creating_new_user] User: admin | Pré-matrícula ID: 196 | Details: Criando usuário: sc1401192001
[2025-10-17 11:39:00] [SUCCESS] [moodle_create_user_attempt] User: admin | Details: Criando usuário: sc1401192001 para email: sc1401192001@gmail.com
[2025-10-17 11:39:00] [SUCCESS] [moodle_create_user_success] User: admin | Details: Usuário criado com sucesso: sc1401192001 (ID: 154)
[2025-10-17 11:39:01] [SUCCESS] [enrollment_success] User: admin | Details: Usuário 154 matriculado no curso 112
[2025-10-17 11:39:01] [SUCCESS] [enrollment_success] User: admin | Details: Usuário 154 matriculado no curso 113
[2025-10-17 11:39:01] [SUCCESS] [enrollment_success] User: admin | Details: Usuário 154 matriculado no curso 114
[2025-10-17 11:39:01] [SUCCESS] [enrollment_success] User: admin | Details: Usuário 154 matriculado no curso 116
[2025-10-17 11:39:02] [SUCCESS] [enrollment_success] User: admin | Details: Usuário 154 matriculado no curso 117
[2025-10-17 11:39:02] [SUCCESS] [enrollment_success] User: admin | Details: Usuário 154 matriculado no curso 207
[2025-10-17 11:39:02] [SUCCESS] [enrollment_success] User: admin | Details: Usuário 154 matriculado no curso 218
[2025-10-17 11:39:03] [SUCCESS] [enrollment_success] User: admin | Details: Usuário 154 matriculado no curso 219
[2025-10-17 11:39:03] [SUCCESS] [enrollment_success] User: admin | Details: Usuário 154 matriculado no curso 221
[2025-10-17 11:39:03] [SUCCESS] [enrollment_success] User: admin | Details: Usuário 154 matriculado no curso 222
[2025-10-17 11:39:03] [SUCCESS] [enrollment_success] User: admin | Details: Usuário 154 matriculado no curso 278
[2025-10-17 11:39:03] [SUCCESS] [enrollment_success] User: admin | Details: Usuário 154 matriculado no curso 208
[2025-10-17 11:39:03] [SUCCESS] [enrollment_success] User: admin | Details: Usuário 154 matriculado no curso 210
[2025-10-17 11:39:03] [SUCCESS] [enrollment_success] User: admin | Details: Usuário 154 matriculado no curso 211
[2025-10-17 11:39:03] [SUCCESS] [enrollment_success] User: admin | Details: Usuário 154 matriculado no curso 212
[2025-10-17 11:39:03] [SUCCESS] [enrollment_success] User: admin | Details: Usuário 154 matriculado no curso 214
[2025-10-17 11:39:04] [SUCCESS] [enrollment_success] User: admin | Details: Usuário 154 matriculado no curso 216
[2025-10-17 11:39:04] [SUCCESS] [enrollment_success] User: admin | Details: Usuário 154 matriculado no curso 217
[2025-10-17 11:39:04] [SUCCESS] [enrollment_success] User: admin | Details: Usuário 154 matriculado no curso 279
[2025-10-17 11:39:04] [SUCCESS] [credentials_saved] User: admin | Pré-matrícula ID: 196 | Details: Credenciais salvas: sc1401192001
[2025-10-17 11:39:08] [SUCCESS] [approval_complete] User: admin | Pré-matrícula ID: 196 | Details: Pré-matrícula aprovada e usuário criado: sc1401192001
[2025-10-17 13:44:18] [SUCCESS] [create_user_start] User: admin | Pré-matrícula ID: 197 | Details: Iniciando para marciacarolineribeiroguimaraes@gmail.com no polo ava
[2025-10-17 13:44:18] [SUCCESS] [creating_new_user] User: admin | Pré-matrícula ID: 197 | Details: Criando usuário: marciacarolineribeiroguim
[2025-10-17 13:44:18] [SUCCESS] [moodle_create_user_attempt] User: admin | Details: Criando usuário: marciacarolineribeiroguim para email: marciacarolineribeiroguimaraes@gmail.com
[2025-10-17 13:44:19] [SUCCESS] [moodle_create_user_success] User: admin | Details: Usuário criado com sucesso: marciacarolineribeiroguim (ID: 155)
[2025-10-17 13:44:20] [SUCCESS] [enrollment_success] User: admin | Details: Usuário 155 matriculado no curso 112
[2025-10-17 13:44:20] [SUCCESS] [enrollment_success] User: admin | Details: Usuário 155 matriculado no curso 113
[2025-10-17 13:44:20] [SUCCESS] [enrollment_success] User: admin | Details: Usuário 155 matriculado no curso 114
[2025-10-17 13:44:20] [SUCCESS] [enrollment_success] User: admin | Details: Usuário 155 matriculado no curso 116
[2025-10-17 13:44:21] [SUCCESS] [enrollment_success] User: admin | Details: Usuário 155 matriculado no curso 117
[2025-10-17 13:44:21] [SUCCESS] [enrollment_success] User: admin | Details: Usuário 155 matriculado no curso 207
[2025-10-17 13:44:21] [SUCCESS] [enrollment_success] User: admin | Details: Usuário 155 matriculado no curso 218
[2025-10-17 13:44:21] [SUCCESS] [enrollment_success] User: admin | Details: Usuário 155 matriculado no curso 219
[2025-10-17 13:44:21] [SUCCESS] [enrollment_success] User: admin | Details: Usuário 155 matriculado no curso 221
[2025-10-17 13:44:21] [SUCCESS] [enrollment_success] User: admin | Details: Usuário 155 matriculado no curso 222
[2025-10-17 13:44:22] [SUCCESS] [enrollment_success] User: admin | Details: Usuário 155 matriculado no curso 278
[2025-10-17 13:44:22] [SUCCESS] [enrollment_success] User: admin | Details: Usuário 155 matriculado no curso 208
[2025-10-17 13:44:22] [SUCCESS] [enrollment_success] User: admin | Details: Usuário 155 matriculado no curso 210
[2025-10-17 13:44:22] [SUCCESS] [enrollment_success] User: admin | Details: Usuário 155 matriculado no curso 211
[2025-10-17 13:44:22] [SUCCESS] [enrollment_success] User: admin | Details: Usuário 155 matriculado no curso 212
[2025-10-17 13:44:22] [SUCCESS] [enrollment_success] User: admin | Details: Usuário 155 matriculado no curso 214
[2025-10-17 13:44:22] [SUCCESS] [enrollment_success] User: admin | Details: Usuário 155 matriculado no curso 216
[2025-10-17 13:44:23] [SUCCESS] [enrollment_success] User: admin | Details: Usuário 155 matriculado no curso 217
[2025-10-17 13:44:23] [SUCCESS] [enrollment_success] User: admin | Details: Usuário 155 matriculado no curso 279
[2025-10-17 13:44:23] [SUCCESS] [credentials_saved] User: admin | Pré-matrícula ID: 197 | Details: Credenciais salvas: marciacarolineribeiroguim
[2025-10-17 13:44:26] [SUCCESS] [approval_complete] User: admin | Pré-matrícula ID: 197 | Details: Pré-matrícula aprovada e usuário criado: marciacarolineribeiroguim
[2025-10-20 11:47:33] [SUCCESS] [create_user_start] User: admin | Pré-matrícula ID: 198 | Details: Iniciando para Anap90574@gmail.com no polo ava
[2025-10-20 11:47:34] [SUCCESS] [creating_new_user] User: admin | Pré-matrícula ID: 198 | Details: Criando usuário: anap90574
[2025-10-20 11:47:34] [SUCCESS] [moodle_create_user_attempt] User: admin | Details: Criando usuário: anap90574 para email: anap90574@gmail.com
[2025-10-20 11:47:34] [SUCCESS] [moodle_create_user_success] User: admin | Details: Usuário criado com sucesso: anap90574 (ID: 156)
[2025-10-20 11:47:36] [SUCCESS] [enrollment_success] User: admin | Details: Usuário 156 matriculado no curso 112
[2025-10-20 11:47:36] [SUCCESS] [enrollment_success] User: admin | Details: Usuário 156 matriculado no curso 113
[2025-10-20 11:47:36] [SUCCESS] [enrollment_success] User: admin | Details: Usuário 156 matriculado no curso 114
[2025-10-20 11:47:36] [SUCCESS] [enrollment_success] User: admin | Details: Usuário 156 matriculado no curso 116
[2025-10-20 11:47:36] [SUCCESS] [enrollment_success] User: admin | Details: Usuário 156 matriculado no curso 117
[2025-10-20 11:47:37] [SUCCESS] [enrollment_success] User: admin | Details: Usuário 156 matriculado no curso 207
[2025-10-20 11:47:37] [SUCCESS] [enrollment_success] User: admin | Details: Usuário 156 matriculado no curso 218
[2025-10-20 11:47:37] [SUCCESS] [enrollment_success] User: admin | Details: Usuário 156 matriculado no curso 219
[2025-10-20 11:47:37] [SUCCESS] [enrollment_success] User: admin | Details: Usuário 156 matriculado no curso 221
[2025-10-20 11:47:37] [SUCCESS] [enrollment_success] User: admin | Details: Usuário 156 matriculado no curso 222
[2025-10-20 11:47:37] [SUCCESS] [enrollment_success] User: admin | Details: Usuário 156 matriculado no curso 278
[2025-10-20 11:47:37] [SUCCESS] [enrollment_success] User: admin | Details: Usuário 156 matriculado no curso 208
[2025-10-20 11:47:37] [SUCCESS] [enrollment_success] User: admin | Details: Usuário 156 matriculado no curso 210
[2025-10-20 11:47:37] [SUCCESS] [enrollment_success] User: admin | Details: Usuário 156 matriculado no curso 211
[2025-10-20 11:47:37] [SUCCESS] [enrollment_success] User: admin | Details: Usuário 156 matriculado no curso 212
[2025-10-20 11:47:38] [SUCCESS] [enrollment_success] User: admin | Details: Usuário 156 matriculado no curso 214
[2025-10-20 11:47:38] [SUCCESS] [enrollment_success] User: admin | Details: Usuário 156 matriculado no curso 216
[2025-10-20 11:47:38] [SUCCESS] [enrollment_success] User: admin | Details: Usuário 156 matriculado no curso 217
[2025-10-20 11:47:38] [SUCCESS] [enrollment_success] User: admin | Details: Usuário 156 matriculado no curso 279
[2025-10-20 11:47:38] [SUCCESS] [credentials_saved] User: admin | Pré-matrícula ID: 198 | Details: Credenciais salvas: anap90574
[2025-10-20 11:47:43] [SUCCESS] [approval_complete] User: admin | Pré-matrícula ID: 198 | Details: Pré-matrícula aprovada e usuário criado: anap90574
[2025-10-22 12:46:00] [SUCCESS] [create_user_start] User: admin | Pré-matrícula ID: 161 | Details: Iniciando para karlavitoriamix@gmail.com no polo ava
[2025-10-22 12:46:00] [SUCCESS] [update_password] User: admin | Details: Senha atualizada para usuário ID 94
[2025-10-22 12:46:00] [SUCCESS] [user_exists] User: admin | Pré-matrícula ID: 161 | Details: Reutilizando usuário: karlavitoriamix (ID: 94)
[2025-10-22 12:46:02] [SUCCESS] [enrollment_success] User: admin | Details: Usuário 94 matriculado no curso 112
[2025-10-22 12:46:02] [SUCCESS] [enrollment_success] User: admin | Details: Usuário 94 matriculado no curso 113
[2025-10-22 12:46:02] [SUCCESS] [enrollment_success] User: admin | Details: Usuário 94 matriculado no curso 114
[2025-10-22 12:46:02] [SUCCESS] [enrollment_success] User: admin | Details: Usuário 94 matriculado no curso 116
[2025-10-22 12:46:03] [SUCCESS] [enrollment_success] User: admin | Details: Usuário 94 matriculado no curso 117
[2025-10-22 12:46:03] [SUCCESS] [enrollment_success] User: admin | Details: Usuário 94 matriculado no curso 207
[2025-10-22 12:46:03] [SUCCESS] [enrollment_success] User: admin | Details: Usuário 94 matriculado no curso 218
[2025-10-22 12:46:03] [SUCCESS] [enrollment_success] User: admin | Details: Usuário 94 matriculado no curso 219
[2025-10-22 12:46:03] [SUCCESS] [enrollment_success] User: admin | Details: Usuário 94 matriculado no curso 221
[2025-10-22 12:46:03] [SUCCESS] [enrollment_success] User: admin | Details: Usuário 94 matriculado no curso 222
[2025-10-22 12:46:04] [SUCCESS] [enrollment_success] User: admin | Details: Usuário 94 matriculado no curso 278
[2025-10-22 12:46:04] [SUCCESS] [enrollment_success] User: admin | Details: Usuário 94 matriculado no curso 208
[2025-10-22 12:46:04] [SUCCESS] [enrollment_success] User: admin | Details: Usuário 94 matriculado no curso 210
[2025-10-22 12:46:04] [SUCCESS] [enrollment_success] User: admin | Details: Usuário 94 matriculado no curso 211
[2025-10-22 12:46:04] [SUCCESS] [enrollment_success] User: admin | Details: Usuário 94 matriculado no curso 212
[2025-10-22 12:46:04] [SUCCESS] [enrollment_success] User: admin | Details: Usuário 94 matriculado no curso 214
[2025-10-22 12:46:04] [SUCCESS] [enrollment_success] User: admin | Details: Usuário 94 matriculado no curso 216
[2025-10-22 12:46:05] [SUCCESS] [enrollment_success] User: admin | Details: Usuário 94 matriculado no curso 217
[2025-10-22 12:46:05] [SUCCESS] [enrollment_success] User: admin | Details: Usuário 94 matriculado no curso 279
[2025-10-22 12:46:05] [SUCCESS] [credentials_saved] User: admin | Pré-matrícula ID: 161 | Details: Credenciais salvas: karlavitoriamix
[2025-10-22 12:46:09] [SUCCESS] [approval_complete] User: admin | Pré-matrícula ID: 161 | Details: Pré-matrícula aprovada e usuário criado: karlavitoriamix
[2025-11-05 12:01:40] [SUCCESS] [create_user_start] User: admin | Pré-matrícula ID: 201 | Details: Iniciando para bielsousa2004gt@gmail.com no polo ava
[2025-11-05 12:01:40] [SUCCESS] [creating_new_user] User: admin | Pré-matrícula ID: 201 | Details: Criando usuário: bielsousa2004gt
[2025-11-05 12:01:40] [SUCCESS] [moodle_create_user_attempt] User: admin | Details: Criando usuário: bielsousa2004gt para email: bielsousa2004gt@gmail.com
[2025-11-05 12:01:41] [SUCCESS] [moodle_create_user_success] User: admin | Details: Usuário criado com sucesso: bielsousa2004gt (ID: 160)
[2025-11-05 12:01:42] [SUCCESS] [enrollment_success] User: admin | Details: Usuário 160 matriculado no curso 112
[2025-11-05 12:01:42] [SUCCESS] [enrollment_success] User: admin | Details: Usuário 160 matriculado no curso 113
[2025-11-05 12:01:42] [SUCCESS] [enrollment_success] User: admin | Details: Usuário 160 matriculado no curso 114
[2025-11-05 12:01:42] [SUCCESS] [enrollment_success] User: admin | Details: Usuário 160 matriculado no curso 116
[2025-11-05 12:01:43] [SUCCESS] [enrollment_success] User: admin | Details: Usuário 160 matriculado no curso 117
[2025-11-05 12:01:43] [SUCCESS] [enrollment_success] User: admin | Details: Usuário 160 matriculado no curso 207
[2025-11-05 12:01:43] [SUCCESS] [enrollment_success] User: admin | Details: Usuário 160 matriculado no curso 218
[2025-11-05 12:01:43] [SUCCESS] [enrollment_success] User: admin | Details: Usuário 160 matriculado no curso 219
[2025-11-05 12:01:43] [SUCCESS] [enrollment_success] User: admin | Details: Usuário 160 matriculado no curso 221
[2025-11-05 12:01:43] [SUCCESS] [enrollment_success] User: admin | Details: Usuário 160 matriculado no curso 222
[2025-11-05 12:01:43] [SUCCESS] [enrollment_success] User: admin | Details: Usuário 160 matriculado no curso 278
[2025-11-05 12:01:43] [SUCCESS] [enrollment_success] User: admin | Details: Usuário 160 matriculado no curso 208
[2025-11-05 12:01:43] [SUCCESS] [enrollment_success] User: admin | Details: Usuário 160 matriculado no curso 210
[2025-11-05 12:01:44] [SUCCESS] [enrollment_success] User: admin | Details: Usuário 160 matriculado no curso 211
[2025-11-05 12:01:44] [SUCCESS] [enrollment_success] User: admin | Details: Usuário 160 matriculado no curso 212
[2025-11-05 12:01:44] [SUCCESS] [enrollment_success] User: admin | Details: Usuário 160 matriculado no curso 214
[2025-11-05 12:01:44] [SUCCESS] [create_user_start] User: admin | Pré-matrícula ID: 201 | Details: Iniciando para bielsousa2004gt@gmail.com no polo ava
[2025-11-05 12:01:44] [SUCCESS] [enrollment_success] User: admin | Details: Usuário 160 matriculado no curso 216
[2025-11-05 12:01:44] [SUCCESS] [update_password] User: admin | Details: Senha atualizada para usuário ID 160
[2025-11-05 12:01:44] [SUCCESS] [user_exists] User: admin | Pré-matrícula ID: 201 | Details: Reutilizando usuário: bielsousa2004gt (ID: 160)
[2025-11-05 12:01:44] [SUCCESS] [enrollment_success] User: admin | Details: Usuário 160 matriculado no curso 217
[2025-11-05 12:01:44] [SUCCESS] [enrollment_success] User: admin | Details: Usuário 160 matriculado no curso 279
[2025-11-05 12:01:44] [SUCCESS] [credentials_saved] User: admin | Pré-matrícula ID: 201 | Details: Credenciais salvas: bielsousa2004gt
[2025-11-05 12:01:44] [SUCCESS] [enrollment_success] User: admin | Details: Usuário 160 matriculado no curso 112
[2025-11-05 12:01:44] [SUCCESS] [enrollment_success] User: admin | Details: Usuário 160 matriculado no curso 113
[2025-11-05 12:01:44] [SUCCESS] [enrollment_success] User: admin | Details: Usuário 160 matriculado no curso 114
[2025-11-05 12:01:44] [SUCCESS] [enrollment_success] User: admin | Details: Usuário 160 matriculado no curso 116
[2025-11-05 12:01:45] [SUCCESS] [enrollment_success] User: admin | Details: Usuário 160 matriculado no curso 117
[2025-11-05 12:01:45] [SUCCESS] [enrollment_success] User: admin | Details: Usuário 160 matriculado no curso 207
[2025-11-05 12:01:45] [SUCCESS] [enrollment_success] User: admin | Details: Usuário 160 matriculado no curso 218
[2025-11-05 12:01:45] [SUCCESS] [enrollment_success] User: admin | Details: Usuário 160 matriculado no curso 219
[2025-11-05 12:01:45] [SUCCESS] [enrollment_success] User: admin | Details: Usuário 160 matriculado no curso 221
[2025-11-05 12:01:45] [SUCCESS] [enrollment_success] User: admin | Details: Usuário 160 matriculado no curso 222
[2025-11-05 12:01:45] [SUCCESS] [enrollment_success] User: admin | Details: Usuário 160 matriculado no curso 278
[2025-11-05 12:01:45] [SUCCESS] [enrollment_success] User: admin | Details: Usuário 160 matriculado no curso 208
[2025-11-05 12:01:45] [SUCCESS] [enrollment_success] User: admin | Details: Usuário 160 matriculado no curso 210
[2025-11-05 12:01:45] [SUCCESS] [enrollment_success] User: admin | Details: Usuário 160 matriculado no curso 211
[2025-11-05 12:01:45] [SUCCESS] [enrollment_success] User: admin | Details: Usuário 160 matriculado no curso 212
[2025-11-05 12:01:45] [SUCCESS] [enrollment_success] User: admin | Details: Usuário 160 matriculado no curso 214
[2025-11-05 12:01:45] [SUCCESS] [enrollment_success] User: admin | Details: Usuário 160 matriculado no curso 216
[2025-11-05 12:01:45] [SUCCESS] [enrollment_success] User: admin | Details: Usuário 160 matriculado no curso 217
[2025-11-05 12:01:45] [SUCCESS] [enrollment_success] User: admin | Details: Usuário 160 matriculado no curso 279
[2025-11-05 12:01:45] [SUCCESS] [credentials_saved] User: admin | Pré-matrícula ID: 201 | Details: Credenciais salvas: bielsousa2004gt
[2025-11-05 12:01:50] [SUCCESS] [approval_complete] User: admin | Pré-matrícula ID: 201 | Details: Pré-matrícula aprovada e usuário criado: bielsousa2004gt
[2025-11-05 12:01:50] [SUCCESS] [approval_complete] User: admin | Pré-matrícula ID: 201 | Details: Pré-matrícula aprovada e usuário criado: bielsousa2004gt
[2025-11-05 14:53:29] [SUCCESS] [create_user_start] User: admin | Pré-matrícula ID: 200 | Details: Iniciando para valverdeemilly30@gmail.com no polo ava
[2025-11-05 14:53:29] [SUCCESS] [creating_new_user] User: admin | Pré-matrícula ID: 200 | Details: Criando usuário: valverdeemilly30
[2025-11-05 14:53:29] [SUCCESS] [moodle_create_user_attempt] User: admin | Details: Criando usuário: valverdeemilly30 para email: valverdeemilly30@gmail.com
[2025-11-05 14:53:29] [SUCCESS] [moodle_create_user_success] User: admin | Details: Usuário criado com sucesso: valverdeemilly30 (ID: 161)
[2025-11-05 14:53:30] [SUCCESS] [enrollment_success] User: admin | Details: Usuário 161 matriculado no curso 2
[2025-11-05 14:53:30] [SUCCESS] [enrollment_success] User: admin | Details: Usuário 161 matriculado no curso 4
[2025-11-05 14:53:30] [SUCCESS] [enrollment_success] User: admin | Details: Usuário 161 matriculado no curso 5
[2025-11-05 14:53:30] [SUCCESS] [enrollment_success] User: admin | Details: Usuário 161 matriculado no curso 6
[2025-11-05 14:53:30] [SUCCESS] [enrollment_success] User: admin | Details: Usuário 161 matriculado no curso 7
[2025-11-05 14:53:30] [SUCCESS] [enrollment_success] User: admin | Details: Usuário 161 matriculado no curso 8
[2025-11-05 14:53:30] [SUCCESS] [enrollment_success] User: admin | Details: Usuário 161 matriculado no curso 9
[2025-11-05 14:53:30] [SUCCESS] [enrollment_success] User: admin | Details: Usuário 161 matriculado no curso 10
[2025-11-05 14:53:30] [SUCCESS] [enrollment_success] User: admin | Details: Usuário 161 matriculado no curso 280
[2025-11-05 14:53:31] [SUCCESS] [enrollment_success] User: admin | Details: Usuário 161 matriculado no curso 281
[2025-11-05 14:53:31] [SUCCESS] [enrollment_success] User: admin | Details: Usuário 161 matriculado no curso 11
[2025-11-05 14:53:31] [SUCCESS] [enrollment_success] User: admin | Details: Usuário 161 matriculado no curso 12
[2025-11-05 14:53:31] [SUCCESS] [enrollment_success] User: admin | Details: Usuário 161 matriculado no curso 13
[2025-11-05 14:53:31] [SUCCESS] [enrollment_success] User: admin | Details: Usuário 161 matriculado no curso 14
[2025-11-05 14:53:31] [SUCCESS] [enrollment_success] User: admin | Details: Usuário 161 matriculado no curso 15
[2025-11-05 14:53:31] [SUCCESS] [enrollment_success] User: admin | Details: Usuário 161 matriculado no curso 16
[2025-11-05 14:53:31] [SUCCESS] [enrollment_success] User: admin | Details: Usuário 161 matriculado no curso 17
[2025-11-05 14:53:31] [SUCCESS] [enrollment_success] User: admin | Details: Usuário 161 matriculado no curso 18
[2025-11-05 14:53:31] [SUCCESS] [enrollment_success] User: admin | Details: Usuário 161 matriculado no curso 19
[2025-11-05 14:53:31] [SUCCESS] [enrollment_success] User: admin | Details: Usuário 161 matriculado no curso 21
[2025-11-05 14:53:31] [SUCCESS] [enrollment_success] User: admin | Details: Usuário 161 matriculado no curso 22
[2025-11-05 14:53:31] [SUCCESS] [credentials_saved] User: admin | Pré-matrícula ID: 200 | Details: Credenciais salvas: valverdeemilly30
[2025-11-05 14:53:35] [SUCCESS] [create_user_start] User: admin | Pré-matrícula ID: 200 | Details: Iniciando para valverdeemilly30@gmail.com no polo ava
[2025-11-05 14:53:35] [SUCCESS] [update_password] User: admin | Details: Senha atualizada para usuário ID 161
[2025-11-05 14:53:35] [SUCCESS] [user_exists] User: admin | Pré-matrícula ID: 200 | Details: Reutilizando usuário: valverdeemilly30 (ID: 161)
[2025-11-05 14:53:35] [SUCCESS] [approval_complete] User: admin | Pré-matrícula ID: 200 | Details: Pré-matrícula aprovada e usuário criado: valverdeemilly30
[2025-11-05 14:53:35] [SUCCESS] [enrollment_success] User: admin | Details: Usuário 161 matriculado no curso 2
[2025-11-05 14:53:35] [SUCCESS] [enrollment_success] User: admin | Details: Usuário 161 matriculado no curso 4
[2025-11-05 14:53:35] [SUCCESS] [enrollment_success] User: admin | Details: Usuário 161 matriculado no curso 5
[2025-11-05 14:53:35] [SUCCESS] [enrollment_success] User: admin | Details: Usuário 161 matriculado no curso 6
[2025-11-05 14:53:35] [SUCCESS] [enrollment_success] User: admin | Details: Usuário 161 matriculado no curso 7
[2025-11-05 14:53:35] [SUCCESS] [enrollment_success] User: admin | Details: Usuário 161 matriculado no curso 8
[2025-11-05 14:53:35] [SUCCESS] [enrollment_success] User: admin | Details: Usuário 161 matriculado no curso 9
[2025-11-05 14:53:35] [SUCCESS] [enrollment_success] User: admin | Details: Usuário 161 matriculado no curso 10
[2025-11-05 14:53:35] [SUCCESS] [enrollment_success] User: admin | Details: Usuário 161 matriculado no curso 280
[2025-11-05 14:53:35] [SUCCESS] [enrollment_success] User: admin | Details: Usuário 161 matriculado no curso 281
[2025-11-05 14:53:35] [SUCCESS] [enrollment_success] User: admin | Details: Usuário 161 matriculado no curso 11
[2025-11-05 14:53:35] [SUCCESS] [enrollment_success] User: admin | Details: Usuário 161 matriculado no curso 12
[2025-11-05 14:53:35] [SUCCESS] [enrollment_success] User: admin | Details: Usuário 161 matriculado no curso 13
[2025-11-05 14:53:35] [SUCCESS] [enrollment_success] User: admin | Details: Usuário 161 matriculado no curso 14
[2025-11-05 14:53:35] [SUCCESS] [enrollment_success] User: admin | Details: Usuário 161 matriculado no curso 15
[2025-11-05 14:53:35] [SUCCESS] [enrollment_success] User: admin | Details: Usuário 161 matriculado no curso 16
[2025-11-05 14:53:35] [SUCCESS] [enrollment_success] User: admin | Details: Usuário 161 matriculado no curso 17
[2025-11-05 14:53:35] [SUCCESS] [enrollment_success] User: admin | Details: Usuário 161 matriculado no curso 18
[2025-11-05 14:53:36] [SUCCESS] [enrollment_success] User: admin | Details: Usuário 161 matriculado no curso 19
[2025-11-05 14:53:36] [SUCCESS] [enrollment_success] User: admin | Details: Usuário 161 matriculado no curso 21
[2025-11-05 14:53:36] [SUCCESS] [enrollment_success] User: admin | Details: Usuário 161 matriculado no curso 22
[2025-11-05 14:53:36] [SUCCESS] [credentials_saved] User: admin | Pré-matrícula ID: 200 | Details: Credenciais salvas: valverdeemilly30
[2025-11-05 14:53:39] [SUCCESS] [approval_complete] User: admin | Pré-matrícula ID: 200 | Details: Pré-matrícula aprovada e usuário criado: valverdeemilly30
[2025-11-05 14:53:46] [SUCCESS] [create_user_start] User: admin | Pré-matrícula ID: 147 | Details: Iniciando para diego2008tuc@gmail.com no polo ava
[2025-11-05 14:53:46] [SUCCESS] [update_password] User: admin | Details: Senha atualizada para usuário ID 109
[2025-11-05 14:53:46] [SUCCESS] [user_exists] User: admin | Pré-matrícula ID: 147 | Details: Reutilizando usuário: diego2008tuc (ID: 109)
[2025-11-05 14:53:47] [SUCCESS] [enrollment_success] User: admin | Details: Usuário 109 matriculado no curso 112
[2025-11-05 14:53:47] [SUCCESS] [enrollment_success] User: admin | Details: Usuário 109 matriculado no curso 113
[2025-11-05 14:53:47] [SUCCESS] [enrollment_success] User: admin | Details: Usuário 109 matriculado no curso 114
[2025-11-05 14:53:47] [SUCCESS] [enrollment_success] User: admin | Details: Usuário 109 matriculado no curso 116
[2025-11-05 14:53:47] [SUCCESS] [enrollment_success] User: admin | Details: Usuário 109 matriculado no curso 117
[2025-11-05 14:53:47] [SUCCESS] [enrollment_success] User: admin | Details: Usuário 109 matriculado no curso 207
[2025-11-05 14:53:47] [SUCCESS] [enrollment_success] User: admin | Details: Usuário 109 matriculado no curso 218
[2025-11-05 14:53:47] [SUCCESS] [enrollment_success] User: admin | Details: Usuário 109 matriculado no curso 219
[2025-11-05 14:53:47] [SUCCESS] [enrollment_success] User: admin | Details: Usuário 109 matriculado no curso 221
[2025-11-05 14:53:47] [SUCCESS] [enrollment_success] User: admin | Details: Usuário 109 matriculado no curso 222
[2025-11-05 14:53:47] [SUCCESS] [enrollment_success] User: admin | Details: Usuário 109 matriculado no curso 278
[2025-11-05 14:53:47] [SUCCESS] [enrollment_success] User: admin | Details: Usuário 109 matriculado no curso 208
[2025-11-05 14:53:47] [SUCCESS] [enrollment_success] User: admin | Details: Usuário 109 matriculado no curso 210
[2025-11-05 14:53:48] [SUCCESS] [enrollment_success] User: admin | Details: Usuário 109 matriculado no curso 211
[2025-11-05 14:53:48] [SUCCESS] [enrollment_success] User: admin | Details: Usuário 109 matriculado no curso 212
[2025-11-05 14:53:48] [SUCCESS] [enrollment_success] User: admin | Details: Usuário 109 matriculado no curso 214
[2025-11-05 14:53:48] [SUCCESS] [enrollment_success] User: admin | Details: Usuário 109 matriculado no curso 216
[2025-11-05 14:53:48] [SUCCESS] [enrollment_success] User: admin | Details: Usuário 109 matriculado no curso 217
[2025-11-05 14:53:48] [SUCCESS] [enrollment_success] User: admin | Details: Usuário 109 matriculado no curso 279
[2025-11-05 14:53:48] [SUCCESS] [credentials_saved] User: admin | Pré-matrícula ID: 147 | Details: Credenciais salvas: diego2008tuc
[2025-11-05 14:53:51] [SUCCESS] [approval_complete] User: admin | Pré-matrícula ID: 147 | Details: Pré-matrícula aprovada e usuário criado: diego2008tuc
[2025-11-05 14:53:58] [SUCCESS] [create_user_start] User: admin | Pré-matrícula ID: 195 | Details: Iniciando para oliveiradyego407@gmail.com no polo ava
[2025-11-05 14:53:58] [SUCCESS] [creating_new_user] User: admin | Pré-matrícula ID: 195 | Details: Criando usuário: oliveiradyego407
[2025-11-05 14:53:58] [SUCCESS] [moodle_create_user_attempt] User: admin | Details: Criando usuário: oliveiradyego407 para email: oliveiradyego407@gmail.com
[2025-11-05 14:53:58] [SUCCESS] [moodle_create_user_success] User: admin | Details: Usuário criado com sucesso: oliveiradyego407 (ID: 162)
[2025-11-05 14:53:58] [SUCCESS] [enrollment_success] User: admin | Details: Usuário 162 matriculado no curso 112
[2025-11-05 14:53:59] [SUCCESS] [enrollment_success] User: admin | Details: Usuário 162 matriculado no curso 113
[2025-11-05 14:53:59] [SUCCESS] [enrollment_success] User: admin | Details: Usuário 162 matriculado no curso 114
[2025-11-05 14:53:59] [SUCCESS] [enrollment_success] User: admin | Details: Usuário 162 matriculado no curso 116
[2025-11-05 14:53:59] [SUCCESS] [enrollment_success] User: admin | Details: Usuário 162 matriculado no curso 117
[2025-11-05 14:53:59] [SUCCESS] [enrollment_success] User: admin | Details: Usuário 162 matriculado no curso 207
[2025-11-05 14:53:59] [SUCCESS] [enrollment_success] User: admin | Details: Usuário 162 matriculado no curso 218
[2025-11-05 14:53:59] [SUCCESS] [enrollment_success] User: admin | Details: Usuário 162 matriculado no curso 219
[2025-11-05 14:53:59] [SUCCESS] [enrollment_success] User: admin | Details: Usuário 162 matriculado no curso 221
[2025-11-05 14:53:59] [SUCCESS] [enrollment_success] User: admin | Details: Usuário 162 matriculado no curso 222
[2025-11-05 14:53:59] [SUCCESS] [enrollment_success] User: admin | Details: Usuário 162 matriculado no curso 278
[2025-11-05 14:53:59] [SUCCESS] [enrollment_success] User: admin | Details: Usuário 162 matriculado no curso 208
[2025-11-05 14:53:59] [SUCCESS] [enrollment_success] User: admin | Details: Usuário 162 matriculado no curso 210
[2025-11-05 14:53:59] [SUCCESS] [enrollment_success] User: admin | Details: Usuário 162 matriculado no curso 211
[2025-11-05 14:53:59] [SUCCESS] [enrollment_success] User: admin | Details: Usuário 162 matriculado no curso 212
[2025-11-05 14:54:00] [SUCCESS] [enrollment_success] User: admin | Details: Usuário 162 matriculado no curso 214
[2025-11-05 14:54:00] [SUCCESS] [enrollment_success] User: admin | Details: Usuário 162 matriculado no curso 216
[2025-11-05 14:54:00] [SUCCESS] [enrollment_success] User: admin | Details: Usuário 162 matriculado no curso 217
[2025-11-05 14:54:00] [SUCCESS] [enrollment_success] User: admin | Details: Usuário 162 matriculado no curso 279
[2025-11-05 14:54:00] [SUCCESS] [credentials_saved] User: admin | Pré-matrícula ID: 195 | Details: Credenciais salvas: oliveiradyego407
[2025-11-05 14:54:03] [SUCCESS] [approval_complete] User: admin | Pré-matrícula ID: 195 | Details: Pré-matrícula aprovada e usuário criado: oliveiradyego407
[2025-11-05 14:54:09] [SUCCESS] [create_user_start] User: admin | Pré-matrícula ID: 199 | Details: Iniciando para norleidesandrade@gmail.com no polo ava
[2025-11-05 14:54:09] [SUCCESS] [creating_new_user] User: admin | Pré-matrícula ID: 199 | Details: Criando usuário: norleidesandrade
[2025-11-05 14:54:09] [SUCCESS] [moodle_create_user_attempt] User: admin | Details: Criando usuário: norleidesandrade para email: norleidesandrade@gmail.com
[2025-11-05 14:54:09] [SUCCESS] [moodle_create_user_success] User: admin | Details: Usuário criado com sucesso: norleidesandrade (ID: 163)
[2025-11-05 14:54:09] [SUCCESS] [enrollment_success] User: admin | Details: Usuário 163 matriculado no curso 2
[2025-11-05 14:54:09] [SUCCESS] [enrollment_success] User: admin | Details: Usuário 163 matriculado no curso 4
[2025-11-05 14:54:09] [SUCCESS] [enrollment_success] User: admin | Details: Usuário 163 matriculado no curso 5
[2025-11-05 14:54:09] [SUCCESS] [enrollment_success] User: admin | Details: Usuário 163 matriculado no curso 6
[2025-11-05 14:54:09] [SUCCESS] [enrollment_success] User: admin | Details: Usuário 163 matriculado no curso 7
[2025-11-05 14:54:09] [SUCCESS] [enrollment_success] User: admin | Details: Usuário 163 matriculado no curso 8
[2025-11-05 14:54:09] [SUCCESS] [enrollment_success] User: admin | Details: Usuário 163 matriculado no curso 9
[2025-11-05 14:54:09] [SUCCESS] [enrollment_success] User: admin | Details: Usuário 163 matriculado no curso 10
[2025-11-05 14:54:09] [SUCCESS] [enrollment_success] User: admin | Details: Usuário 163 matriculado no curso 280
[2025-11-05 14:54:09] [SUCCESS] [enrollment_success] User: admin | Details: Usuário 163 matriculado no curso 281
[2025-11-05 14:54:09] [SUCCESS] [enrollment_success] User: admin | Details: Usuário 163 matriculado no curso 11
[2025-11-05 14:54:09] [SUCCESS] [enrollment_success] User: admin | Details: Usuário 163 matriculado no curso 12
[2025-11-05 14:54:09] [SUCCESS] [enrollment_success] User: admin | Details: Usuário 163 matriculado no curso 13
[2025-11-05 14:54:09] [SUCCESS] [enrollment_success] User: admin | Details: Usuário 163 matriculado no curso 14
[2025-11-05 14:54:10] [SUCCESS] [enrollment_success] User: admin | Details: Usuário 163 matriculado no curso 15
[2025-11-05 14:54:10] [SUCCESS] [enrollment_success] User: admin | Details: Usuário 163 matriculado no curso 16
[2025-11-05 14:54:10] [SUCCESS] [enrollment_success] User: admin | Details: Usuário 163 matriculado no curso 17
[2025-11-05 14:54:10] [SUCCESS] [enrollment_success] User: admin | Details: Usuário 163 matriculado no curso 18
[2025-11-05 14:54:10] [SUCCESS] [enrollment_success] User: admin | Details: Usuário 163 matriculado no curso 19
[2025-11-05 14:54:10] [SUCCESS] [enrollment_success] User: admin | Details: Usuário 163 matriculado no curso 21
[2025-11-05 14:54:10] [SUCCESS] [enrollment_success] User: admin | Details: Usuário 163 matriculado no curso 22
[2025-11-05 14:54:10] [SUCCESS] [credentials_saved] User: admin | Pré-matrícula ID: 199 | Details: Credenciais salvas: norleidesandrade
[2025-11-05 14:54:14] [SUCCESS] [approval_complete] User: admin | Pré-matrícula ID: 199 | Details: Pré-matrícula aprovada e usuário criado: norleidesandrade
[2025-11-05 14:54:51] [SUCCESS] [export_credentials] User: admin | Details: Exportados 58 registros de credenciais
[2025-11-05 22:35:26] [SUCCESS] [create_user_start] User: admin | Pré-matrícula ID: 202 | Details: Iniciando para jhonmaykdeoliveiraoliveira@gmail.com no polo ava
[2025-11-05 22:35:26] [SUCCESS] [creating_new_user] User: admin | Pré-matrícula ID: 202 | Details: Criando usuário: jhonmaykdeoliveiraoliveir
[2025-11-05 22:35:26] [SUCCESS] [moodle_create_user_attempt] User: admin | Details: Criando usuário: jhonmaykdeoliveiraoliveir para email: jhonmaykdeoliveiraoliveira@gmail.com
[2025-11-05 22:35:26] [SUCCESS] [moodle_create_user_success] User: admin | Details: Usuário criado com sucesso: jhonmaykdeoliveiraoliveir (ID: 164)
[2025-11-05 22:35:26] [SUCCESS] [enrollment_success] User: admin | Details: Usuário 164 matriculado no curso 112
[2025-11-05 22:35:26] [SUCCESS] [enrollment_success] User: admin | Details: Usuário 164 matriculado no curso 113
[2025-11-05 22:35:26] [SUCCESS] [enrollment_success] User: admin | Details: Usuário 164 matriculado no curso 114
[2025-11-05 22:35:27] [SUCCESS] [enrollment_success] User: admin | Details: Usuário 164 matriculado no curso 116
[2025-11-05 22:35:27] [SUCCESS] [enrollment_success] User: admin | Details: Usuário 164 matriculado no curso 117
[2025-11-05 22:35:27] [SUCCESS] [enrollment_success] User: admin | Details: Usuário 164 matriculado no curso 207
[2025-11-05 22:35:27] [SUCCESS] [enrollment_success] User: admin | Details: Usuário 164 matriculado no curso 218
[2025-11-05 22:35:27] [SUCCESS] [enrollment_success] User: admin | Details: Usuário 164 matriculado no curso 219
[2025-11-05 22:35:27] [SUCCESS] [enrollment_success] User: admin | Details: Usuário 164 matriculado no curso 221
[2025-11-05 22:35:27] [SUCCESS] [enrollment_success] User: admin | Details: Usuário 164 matriculado no curso 222
[2025-11-05 22:35:27] [SUCCESS] [enrollment_success] User: admin | Details: Usuário 164 matriculado no curso 278
[2025-11-05 22:35:27] [SUCCESS] [enrollment_success] User: admin | Details: Usuário 164 matriculado no curso 208
[2025-11-05 22:35:27] [SUCCESS] [enrollment_success] User: admin | Details: Usuário 164 matriculado no curso 210
[2025-11-05 22:35:27] [SUCCESS] [enrollment_success] User: admin | Details: Usuário 164 matriculado no curso 211
[2025-11-05 22:35:27] [SUCCESS] [enrollment_success] User: admin | Details: Usuário 164 matriculado no curso 212
[2025-11-05 22:35:27] [SUCCESS] [enrollment_success] User: admin | Details: Usuário 164 matriculado no curso 214
[2025-11-05 22:35:27] [SUCCESS] [enrollment_success] User: admin | Details: Usuário 164 matriculado no curso 216
[2025-11-05 22:35:28] [SUCCESS] [enrollment_success] User: admin | Details: Usuário 164 matriculado no curso 217
[2025-11-05 22:35:28] [SUCCESS] [enrollment_success] User: admin | Details: Usuário 164 matriculado no curso 279
[2025-11-05 22:35:28] [SUCCESS] [credentials_saved] User: admin | Pré-matrícula ID: 202 | Details: Credenciais salvas: jhonmaykdeoliveiraoliveir
[2025-11-05 22:35:31] [SUCCESS] [approval_complete] User: admin | Pré-matrícula ID: 202 | Details: Pré-matrícula aprovada e usuário criado: jhonmaykdeoliveiraoliveir
[2025-11-06 22:25:37] [SUCCESS] [create_user_start] User: admin | Pré-matrícula ID: 203 | Details: Iniciando para andreiamachado402@gmail.com no polo ava
[2025-11-06 22:25:37] [SUCCESS] [creating_new_user] User: admin | Pré-matrícula ID: 203 | Details: Criando usuário: andreiamachado402
[2025-11-06 22:25:37] [SUCCESS] [moodle_create_user_attempt] User: admin | Details: Criando usuário: andreiamachado402 para email: andreiamachado402@gmail.com
[2025-11-06 22:25:38] [SUCCESS] [moodle_create_user_success] User: admin | Details: Usuário criado com sucesso: andreiamachado402 (ID: 165)
[2025-11-06 22:25:38] [SUCCESS] [enrollment_success] User: admin | Details: Usuário 165 matriculado no curso 2
[2025-11-06 22:25:38] [SUCCESS] [enrollment_success] User: admin | Details: Usuário 165 matriculado no curso 4
[2025-11-06 22:25:38] [SUCCESS] [enrollment_success] User: admin | Details: Usuário 165 matriculado no curso 5
[2025-11-06 22:25:38] [SUCCESS] [enrollment_success] User: admin | Details: Usuário 165 matriculado no curso 6
[2025-11-06 22:25:38] [SUCCESS] [enrollment_success] User: admin | Details: Usuário 165 matriculado no curso 7
[2025-11-06 22:25:38] [SUCCESS] [enrollment_success] User: admin | Details: Usuário 165 matriculado no curso 8
[2025-11-06 22:25:38] [SUCCESS] [enrollment_success] User: admin | Details: Usuário 165 matriculado no curso 9
[2025-11-06 22:25:38] [SUCCESS] [enrollment_success] User: admin | Details: Usuário 165 matriculado no curso 10
[2025-11-06 22:25:39] [SUCCESS] [enrollment_success] User: admin | Details: Usuário 165 matriculado no curso 280
[2025-11-06 22:25:39] [SUCCESS] [enrollment_success] User: admin | Details: Usuário 165 matriculado no curso 281
[2025-11-06 22:25:39] [SUCCESS] [enrollment_success] User: admin | Details: Usuário 165 matriculado no curso 11
[2025-11-06 22:25:39] [SUCCESS] [enrollment_success] User: admin | Details: Usuário 165 matriculado no curso 12
[2025-11-06 22:25:39] [SUCCESS] [enrollment_success] User: admin | Details: Usuário 165 matriculado no curso 13
[2025-11-06 22:25:39] [SUCCESS] [enrollment_success] User: admin | Details: Usuário 165 matriculado no curso 14
[2025-11-06 22:25:39] [SUCCESS] [enrollment_success] User: admin | Details: Usuário 165 matriculado no curso 15
[2025-11-06 22:25:39] [SUCCESS] [enrollment_success] User: admin | Details: Usuário 165 matriculado no curso 16
[2025-11-06 22:25:39] [SUCCESS] [enrollment_success] User: admin | Details: Usuário 165 matriculado no curso 17
[2025-11-06 22:25:39] [SUCCESS] [enrollment_success] User: admin | Details: Usuário 165 matriculado no curso 18
[2025-11-06 22:25:39] [SUCCESS] [enrollment_success] User: admin | Details: Usuário 165 matriculado no curso 19
[2025-11-06 22:25:39] [SUCCESS] [enrollment_success] User: admin | Details: Usuário 165 matriculado no curso 21
[2025-11-06 22:25:39] [SUCCESS] [enrollment_success] User: admin | Details: Usuário 165 matriculado no curso 22
[2025-11-06 22:25:39] [SUCCESS] [credentials_saved] User: admin | Pré-matrícula ID: 203 | Details: Credenciais salvas: andreiamachado402
[2025-11-06 22:25:43] [SUCCESS] [approval_complete] User: admin | Pré-matrícula ID: 203 | Details: Pré-matrícula aprovada e usuário criado: andreiamachado402
[2025-11-06 23:20:24] [SUCCESS] [create_user_start] User: admin | Pré-matrícula ID: 204 | Details: Iniciando para cd8354413@gmail.com no polo ava
[2025-11-06 23:20:24] [SUCCESS] [creating_new_user] User: admin | Pré-matrícula ID: 204 | Details: Criando usuário: cd8354413
[2025-11-06 23:20:24] [SUCCESS] [moodle_create_user_attempt] User: admin | Details: Criando usuário: cd8354413 para email: cd8354413@gmail.com
[2025-11-06 23:20:24] [SUCCESS] [moodle_create_user_success] User: admin | Details: Usuário criado com sucesso: cd8354413 (ID: 166)
[2025-11-06 23:20:24] [SUCCESS] [enrollment_success] User: admin | Details: Usuário 166 matriculado no curso 112
[2025-11-06 23:20:25] [SUCCESS] [enrollment_success] User: admin | Details: Usuário 166 matriculado no curso 113
[2025-11-06 23:20:25] [SUCCESS] [enrollment_success] User: admin | Details: Usuário 166 matriculado no curso 114
[2025-11-06 23:20:25] [SUCCESS] [enrollment_success] User: admin | Details: Usuário 166 matriculado no curso 116
[2025-11-06 23:20:25] [SUCCESS] [enrollment_success] User: admin | Details: Usuário 166 matriculado no curso 117
[2025-11-06 23:20:25] [SUCCESS] [enrollment_success] User: admin | Details: Usuário 166 matriculado no curso 207
[2025-11-06 23:20:25] [SUCCESS] [enrollment_success] User: admin | Details: Usuário 166 matriculado no curso 218
[2025-11-06 23:20:25] [SUCCESS] [enrollment_success] User: admin | Details: Usuário 166 matriculado no curso 219
[2025-11-06 23:20:25] [SUCCESS] [enrollment_success] User: admin | Details: Usuário 166 matriculado no curso 221
[2025-11-06 23:20:25] [SUCCESS] [enrollment_success] User: admin | Details: Usuário 166 matriculado no curso 222
[2025-11-06 23:20:25] [SUCCESS] [enrollment_success] User: admin | Details: Usuário 166 matriculado no curso 278
[2025-11-06 23:20:25] [SUCCESS] [enrollment_success] User: admin | Details: Usuário 166 matriculado no curso 208
[2025-11-06 23:20:25] [SUCCESS] [enrollment_success] User: admin | Details: Usuário 166 matriculado no curso 210
[2025-11-06 23:20:25] [SUCCESS] [enrollment_success] User: admin | Details: Usuário 166 matriculado no curso 211
[2025-11-06 23:20:25] [SUCCESS] [enrollment_success] User: admin | Details: Usuário 166 matriculado no curso 212
[2025-11-06 23:20:26] [SUCCESS] [enrollment_success] User: admin | Details: Usuário 166 matriculado no curso 214
[2025-11-06 23:20:26] [SUCCESS] [enrollment_success] User: admin | Details: Usuário 166 matriculado no curso 216
[2025-11-06 23:20:26] [SUCCESS] [enrollment_success] User: admin | Details: Usuário 166 matriculado no curso 217
[2025-11-06 23:20:26] [SUCCESS] [enrollment_success] User: admin | Details: Usuário 166 matriculado no curso 279
[2025-11-06 23:20:26] [SUCCESS] [credentials_saved] User: admin | Pré-matrícula ID: 204 | Details: Credenciais salvas: cd8354413
[2025-11-06 23:20:29] [SUCCESS] [approval_complete] User: admin | Pré-matrícula ID: 204 | Details: Pré-matrícula aprovada e usuário criado: cd8354413
[2025-11-10 11:58:09] [SUCCESS] [create_user_start] User: admin | Pré-matrícula ID: 208 | Details: Iniciando para annalu8713@gmail.com no polo ava
[2025-11-10 11:58:09] [SUCCESS] [creating_new_user] User: admin | Pré-matrícula ID: 208 | Details: Criando usuário: annalu8713
[2025-11-10 11:58:09] [SUCCESS] [moodle_create_user_attempt] User: admin | Details: Criando usuário: annalu8713 para email: annalu8713@gmail.com
[2025-11-10 11:58:09] [SUCCESS] [moodle_create_user_success] User: admin | Details: Usuário criado com sucesso: annalu8713 (ID: 169)
[2025-11-10 11:58:10] [SUCCESS] [enrollment_success] User: admin | Details: Usuário 169 matriculado no curso 112
[2025-11-10 11:58:10] [SUCCESS] [enrollment_success] User: admin | Details: Usuário 169 matriculado no curso 113
[2025-11-10 11:58:10] [SUCCESS] [enrollment_success] User: admin | Details: Usuário 169 matriculado no curso 114
[2025-11-10 11:58:10] [SUCCESS] [enrollment_success] User: admin | Details: Usuário 169 matriculado no curso 116
[2025-11-10 11:58:11] [SUCCESS] [enrollment_success] User: admin | Details: Usuário 169 matriculado no curso 117
[2025-11-10 11:58:11] [SUCCESS] [enrollment_success] User: admin | Details: Usuário 169 matriculado no curso 207
[2025-11-10 11:58:11] [SUCCESS] [enrollment_success] User: admin | Details: Usuário 169 matriculado no curso 218
[2025-11-10 11:58:11] [SUCCESS] [enrollment_success] User: admin | Details: Usuário 169 matriculado no curso 219
[2025-11-10 11:58:11] [SUCCESS] [enrollment_success] User: admin | Details: Usuário 169 matriculado no curso 221
[2025-11-10 11:58:11] [SUCCESS] [enrollment_success] User: admin | Details: Usuário 169 matriculado no curso 222
[2025-11-10 11:58:11] [SUCCESS] [enrollment_success] User: admin | Details: Usuário 169 matriculado no curso 278
[2025-11-10 11:58:11] [SUCCESS] [enrollment_success] User: admin | Details: Usuário 169 matriculado no curso 208
[2025-11-10 11:58:11] [SUCCESS] [enrollment_success] User: admin | Details: Usuário 169 matriculado no curso 210
[2025-11-10 11:58:11] [SUCCESS] [enrollment_success] User: admin | Details: Usuário 169 matriculado no curso 211
[2025-11-10 11:58:12] [SUCCESS] [enrollment_success] User: admin | Details: Usuário 169 matriculado no curso 212
[2025-11-10 11:58:12] [SUCCESS] [enrollment_success] User: admin | Details: Usuário 169 matriculado no curso 214
[2025-11-10 11:58:12] [SUCCESS] [enrollment_success] User: admin | Details: Usuário 169 matriculado no curso 216
[2025-11-10 11:58:12] [SUCCESS] [enrollment_success] User: admin | Details: Usuário 169 matriculado no curso 217
[2025-11-10 11:58:12] [SUCCESS] [enrollment_success] User: admin | Details: Usuário 169 matriculado no curso 279
[2025-11-10 11:58:12] [SUCCESS] [credentials_saved] User: admin | Pré-matrícula ID: 208 | Details: Credenciais salvas: annalu8713
[2025-11-10 11:58:15] [SUCCESS] [approval_complete] User: admin | Pré-matrícula ID: 208 | Details: Pré-matrícula aprovada e usuário criado: annalu8713
[2025-11-10 23:34:29] [SUCCESS] [create_user_start] User: admin | Pré-matrícula ID: 209 | Details: Iniciando para marykamado2@gmail.com no polo ava
[2025-11-10 23:34:29] [SUCCESS] [creating_new_user] User: admin | Pré-matrícula ID: 209 | Details: Criando usuário: marykamado2
[2025-11-10 23:34:29] [SUCCESS] [moodle_create_user_attempt] User: admin | Details: Criando usuário: marykamado2 para email: marykamado2@gmail.com
[2025-11-10 23:34:30] [SUCCESS] [moodle_create_user_success] User: admin | Details: Usuário criado com sucesso: marykamado2 (ID: 170)
[2025-11-10 23:34:30] [SUCCESS] [enrollment_success] User: admin | Details: Usuário 170 matriculado no curso 2
[2025-11-10 23:34:30] [SUCCESS] [enrollment_success] User: admin | Details: Usuário 170 matriculado no curso 4
[2025-11-10 23:34:30] [SUCCESS] [enrollment_success] User: admin | Details: Usuário 170 matriculado no curso 5
[2025-11-10 23:34:30] [SUCCESS] [enrollment_success] User: admin | Details: Usuário 170 matriculado no curso 6
[2025-11-10 23:34:30] [SUCCESS] [enrollment_success] User: admin | Details: Usuário 170 matriculado no curso 7
[2025-11-10 23:34:31] [SUCCESS] [enrollment_success] User: admin | Details: Usuário 170 matriculado no curso 8
[2025-11-10 23:34:31] [SUCCESS] [enrollment_success] User: admin | Details: Usuário 170 matriculado no curso 9
[2025-11-10 23:34:31] [SUCCESS] [enrollment_success] User: admin | Details: Usuário 170 matriculado no curso 10
[2025-11-10 23:34:31] [SUCCESS] [enrollment_success] User: admin | Details: Usuário 170 matriculado no curso 280
[2025-11-10 23:34:31] [SUCCESS] [enrollment_success] User: admin | Details: Usuário 170 matriculado no curso 281
[2025-11-10 23:34:31] [SUCCESS] [enrollment_success] User: admin | Details: Usuário 170 matriculado no curso 11
[2025-11-10 23:34:31] [SUCCESS] [enrollment_success] User: admin | Details: Usuário 170 matriculado no curso 12
[2025-11-10 23:34:31] [SUCCESS] [enrollment_success] User: admin | Details: Usuário 170 matriculado no curso 13
[2025-11-10 23:34:31] [SUCCESS] [enrollment_success] User: admin | Details: Usuário 170 matriculado no curso 14
[2025-11-10 23:34:31] [SUCCESS] [enrollment_success] User: admin | Details: Usuário 170 matriculado no curso 15
[2025-11-10 23:34:31] [SUCCESS] [enrollment_success] User: admin | Details: Usuário 170 matriculado no curso 16
[2025-11-10 23:34:31] [SUCCESS] [enrollment_success] User: admin | Details: Usuário 170 matriculado no curso 17
[2025-11-10 23:34:31] [SUCCESS] [enrollment_success] User: admin | Details: Usuário 170 matriculado no curso 18
[2025-11-10 23:34:31] [SUCCESS] [enrollment_success] User: admin | Details: Usuário 170 matriculado no curso 19
[2025-11-10 23:34:31] [SUCCESS] [enrollment_success] User: admin | Details: Usuário 170 matriculado no curso 21
[2025-11-10 23:34:32] [SUCCESS] [enrollment_success] User: admin | Details: Usuário 170 matriculado no curso 22
[2025-11-10 23:34:32] [SUCCESS] [credentials_saved] User: admin | Pré-matrícula ID: 209 | Details: Credenciais salvas: marykamado2
[2025-11-10 23:34:35] [SUCCESS] [approval_complete] User: admin | Pré-matrícula ID: 209 | Details: Pré-matrícula aprovada e usuário criado: marykamado2
[2025-11-13 23:10:35] [SUCCESS] [export_credentials] User: admin | Details: Exportados 63 registros de credenciais
[2025-11-14 12:13:36] [SUCCESS] [export_credentials] User: admin | Details: Exportados 63 registros de credenciais
[2025-11-14 12:17:56] [SUCCESS] [export_credentials] User: admin | Details: Exportados 63 registros de credenciais
[2025-11-14 13:51:07] [SUCCESS] [create_user_start] User: admin | Pré-matrícula ID: 212 | Details: Iniciando para akillaholly.17@gmail.com no polo ava
[2025-11-14 13:51:08] [SUCCESS] [creating_new_user] User: admin | Pré-matrícula ID: 212 | Details: Criando usuário: akillaholly17
[2025-11-14 13:51:08] [SUCCESS] [moodle_create_user_attempt] User: admin | Details: Criando usuário: akillaholly17 para email: akillaholly.17@gmail.com
[2025-11-14 13:51:08] [SUCCESS] [moodle_create_user_success] User: admin | Details: Usuário criado com sucesso: akillaholly17 (ID: 171)
[2025-11-14 13:51:09] [SUCCESS] [enrollment_success] User: admin | Details: Usuário 171 matriculado no curso 2
[2025-11-14 13:51:09] [SUCCESS] [enrollment_success] User: admin | Details: Usuário 171 matriculado no curso 4
[2025-11-14 13:51:09] [SUCCESS] [enrollment_success] User: admin | Details: Usuário 171 matriculado no curso 5
[2025-11-14 13:51:09] [SUCCESS] [enrollment_success] User: admin | Details: Usuário 171 matriculado no curso 6
[2025-11-14 13:51:09] [SUCCESS] [enrollment_success] User: admin | Details: Usuário 171 matriculado no curso 7
[2025-11-14 13:51:09] [SUCCESS] [enrollment_success] User: admin | Details: Usuário 171 matriculado no curso 8
[2025-11-14 13:51:09] [SUCCESS] [enrollment_success] User: admin | Details: Usuário 171 matriculado no curso 9
[2025-11-14 13:51:09] [SUCCESS] [enrollment_success] User: admin | Details: Usuário 171 matriculado no curso 10
[2025-11-14 13:51:09] [SUCCESS] [enrollment_success] User: admin | Details: Usuário 171 matriculado no curso 280
[2025-11-14 13:51:09] [SUCCESS] [enrollment_success] User: admin | Details: Usuário 171 matriculado no curso 281
[2025-11-14 13:51:09] [SUCCESS] [enrollment_success] User: admin | Details: Usuário 171 matriculado no curso 11
[2025-11-14 13:51:09] [SUCCESS] [enrollment_success] User: admin | Details: Usuário 171 matriculado no curso 12
[2025-11-14 13:51:09] [SUCCESS] [enrollment_success] User: admin | Details: Usuário 171 matriculado no curso 13
[2025-11-14 13:51:09] [SUCCESS] [enrollment_success] User: admin | Details: Usuário 171 matriculado no curso 14
[2025-11-14 13:51:09] [SUCCESS] [enrollment_success] User: admin | Details: Usuário 171 matriculado no curso 15
[2025-11-14 13:51:09] [SUCCESS] [enrollment_success] User: admin | Details: Usuário 171 matriculado no curso 16
[2025-11-14 13:51:10] [SUCCESS] [enrollment_success] User: admin | Details: Usuário 171 matriculado no curso 17
[2025-11-14 13:51:10] [SUCCESS] [enrollment_success] User: admin | Details: Usuário 171 matriculado no curso 18
[2025-11-14 13:51:10] [SUCCESS] [enrollment_success] User: admin | Details: Usuário 171 matriculado no curso 19
[2025-11-14 13:51:10] [SUCCESS] [enrollment_success] User: admin | Details: Usuário 171 matriculado no curso 21
[2025-11-14 13:51:10] [SUCCESS] [enrollment_success] User: admin | Details: Usuário 171 matriculado no curso 22
[2025-11-14 13:51:10] [SUCCESS] [credentials_saved] User: admin | Pré-matrícula ID: 212 | Details: Credenciais salvas: akillaholly17
[2025-11-14 13:51:13] [SUCCESS] [approval_complete] User: admin | Pré-matrícula ID: 212 | Details: Pré-matrícula aprovada e usuário criado: akillaholly17
[2025-11-14 13:51:44] [SUCCESS] [create_user_start] User: admin | Pré-matrícula ID: 211 | Details: Iniciando para pachecorochadanilo@gmail.com no polo ava
[2025-11-14 13:51:44] [SUCCESS] [creating_new_user] User: admin | Pré-matrícula ID: 211 | Details: Criando usuário: pachecorochadanilo
[2025-11-14 13:51:44] [SUCCESS] [moodle_create_user_attempt] User: admin | Details: Criando usuário: pachecorochadanilo para email: pachecorochadanilo@gmail.com
[2025-11-14 13:51:44] [SUCCESS] [moodle_create_user_success] User: admin | Details: Usuário criado com sucesso: pachecorochadanilo (ID: 172)
[2025-11-14 13:51:44] [SUCCESS] [enrollment_success] User: admin | Details: Usuário 172 matriculado no curso 2
[2025-11-14 13:51:44] [SUCCESS] [enrollment_success] User: admin | Details: Usuário 172 matriculado no curso 4
[2025-11-14 13:51:44] [SUCCESS] [enrollment_success] User: admin | Details: Usuário 172 matriculado no curso 5
[2025-11-14 13:51:44] [SUCCESS] [enrollment_success] User: admin | Details: Usuário 172 matriculado no curso 6
[2025-11-14 13:51:44] [SUCCESS] [enrollment_success] User: admin | Details: Usuário 172 matriculado no curso 7
[2025-11-14 13:51:44] [SUCCESS] [enrollment_success] User: admin | Details: Usuário 172 matriculado no curso 8
[2025-11-14 13:51:45] [SUCCESS] [enrollment_success] User: admin | Details: Usuário 172 matriculado no curso 9
[2025-11-14 13:51:45] [SUCCESS] [enrollment_success] User: admin | Details: Usuário 172 matriculado no curso 10
[2025-11-14 13:51:45] [SUCCESS] [enrollment_success] User: admin | Details: Usuário 172 matriculado no curso 280
[2025-11-14 13:51:45] [SUCCESS] [enrollment_success] User: admin | Details: Usuário 172 matriculado no curso 281
[2025-11-14 13:51:45] [SUCCESS] [enrollment_success] User: admin | Details: Usuário 172 matriculado no curso 11
[2025-11-14 13:51:45] [SUCCESS] [enrollment_success] User: admin | Details: Usuário 172 matriculado no curso 12
[2025-11-14 13:51:45] [SUCCESS] [enrollment_success] User: admin | Details: Usuário 172 matriculado no curso 13
[2025-11-14 13:51:45] [SUCCESS] [enrollment_success] User: admin | Details: Usuário 172 matriculado no curso 14
[2025-11-14 13:51:45] [SUCCESS] [enrollment_success] User: admin | Details: Usuário 172 matriculado no curso 15
[2025-11-14 13:51:45] [SUCCESS] [enrollment_success] User: admin | Details: Usuário 172 matriculado no curso 16
[2025-11-14 13:51:45] [SUCCESS] [enrollment_success] User: admin | Details: Usuário 172 matriculado no curso 17
[2025-11-14 13:51:45] [SUCCESS] [enrollment_success] User: admin | Details: Usuário 172 matriculado no curso 18
[2025-11-14 13:51:45] [SUCCESS] [enrollment_success] User: admin | Details: Usuário 172 matriculado no curso 19
[2025-11-14 13:51:45] [SUCCESS] [enrollment_success] User: admin | Details: Usuário 172 matriculado no curso 21
[2025-11-14 13:51:45] [SUCCESS] [enrollment_success] User: admin | Details: Usuário 172 matriculado no curso 22
[2025-11-14 13:51:45] [SUCCESS] [credentials_saved] User: admin | Pré-matrícula ID: 211 | Details: Credenciais salvas: pachecorochadanilo
[2025-11-14 13:51:49] [SUCCESS] [approval_complete] User: admin | Pré-matrícula ID: 211 | Details: Pré-matrícula aprovada e usuário criado: pachecorochadanilo
[2025-11-14 14:15:15] [SUCCESS] [create_user_start] User: admin | Pré-matrícula ID: 206 | Details: Iniciando para kalinycorreia9@gmail.com no polo ava
[2025-11-14 14:15:15] [SUCCESS] [creating_new_user] User: admin | Pré-matrícula ID: 206 | Details: Criando usuário: kalinycorreia9
[2025-11-14 14:15:15] [SUCCESS] [moodle_create_user_attempt] User: admin | Details: Criando usuário: kalinycorreia9 para email: kalinycorreia9@gmail.com
[2025-11-14 14:15:15] [SUCCESS] [moodle_create_user_success] User: admin | Details: Usuário criado com sucesso: kalinycorreia9 (ID: 173)
[2025-11-14 14:15:15] [SUCCESS] [enrollment_success] User: admin | Details: Usuário 173 matriculado no curso 2
[2025-11-14 14:15:15] [SUCCESS] [enrollment_success] User: admin | Details: Usuário 173 matriculado no curso 4
[2025-11-14 14:15:15] [SUCCESS] [enrollment_success] User: admin | Details: Usuário 173 matriculado no curso 5
[2025-11-14 14:15:15] [SUCCESS] [enrollment_success] User: admin | Details: Usuário 173 matriculado no curso 6
[2025-11-14 14:15:15] [SUCCESS] [enrollment_success] User: admin | Details: Usuário 173 matriculado no curso 7
[2025-11-14 14:15:16] [SUCCESS] [enrollment_success] User: admin | Details: Usuário 173 matriculado no curso 8
[2025-11-14 14:15:16] [SUCCESS] [enrollment_success] User: admin | Details: Usuário 173 matriculado no curso 9
[2025-11-14 14:15:16] [SUCCESS] [enrollment_success] User: admin | Details: Usuário 173 matriculado no curso 10
[2025-11-14 14:15:16] [SUCCESS] [enrollment_success] User: admin | Details: Usuário 173 matriculado no curso 280
[2025-11-14 14:15:16] [SUCCESS] [enrollment_success] User: admin | Details: Usuário 173 matriculado no curso 281
[2025-11-14 14:15:16] [SUCCESS] [enrollment_success] User: admin | Details: Usuário 173 matriculado no curso 11
[2025-11-14 14:15:16] [SUCCESS] [enrollment_success] User: admin | Details: Usuário 173 matriculado no curso 12
[2025-11-14 14:15:16] [SUCCESS] [enrollment_success] User: admin | Details: Usuário 173 matriculado no curso 13
[2025-11-14 14:15:16] [SUCCESS] [enrollment_success] User: admin | Details: Usuário 173 matriculado no curso 14
[2025-11-14 14:15:16] [SUCCESS] [enrollment_success] User: admin | Details: Usuário 173 matriculado no curso 15
[2025-11-14 14:15:16] [SUCCESS] [enrollment_success] User: admin | Details: Usuário 173 matriculado no curso 16
[2025-11-14 14:15:16] [SUCCESS] [enrollment_success] User: admin | Details: Usuário 173 matriculado no curso 17
[2025-11-14 14:15:16] [SUCCESS] [enrollment_success] User: admin | Details: Usuário 173 matriculado no curso 18
[2025-11-14 14:15:16] [SUCCESS] [enrollment_success] User: admin | Details: Usuário 173 matriculado no curso 19
[2025-11-14 14:15:16] [SUCCESS] [enrollment_success] User: admin | Details: Usuário 173 matriculado no curso 21
[2025-11-14 14:15:16] [SUCCESS] [enrollment_success] User: admin | Details: Usuário 173 matriculado no curso 22
[2025-11-14 14:15:16] [SUCCESS] [credentials_saved] User: admin | Pré-matrícula ID: 206 | Details: Credenciais salvas: kalinycorreia9
[2025-11-14 14:15:21] [SUCCESS] [approval_complete] User: admin | Pré-matrícula ID: 206 | Details: Pré-matrícula aprovada e usuário criado: kalinycorreia9
[2025-11-14 14:32:38] [SUCCESS] [create_user_start] User: admin | Pré-matrícula ID: 207 | Details: Iniciando para gabrielasilva3981@gmail.com no polo ava
[2025-11-14 14:32:38] [SUCCESS] [creating_new_user] User: admin | Pré-matrícula ID: 207 | Details: Criando usuário: gabrielasilva3981
[2025-11-14 14:32:38] [SUCCESS] [moodle_create_user_attempt] User: admin | Details: Criando usuário: gabrielasilva3981 para email: gabrielasilva3981@gmail.com
[2025-11-14 14:32:38] [SUCCESS] [moodle_create_user_success] User: admin | Details: Usuário criado com sucesso: gabrielasilva3981 (ID: 174)
[2025-11-14 14:32:38] [SUCCESS] [enrollment_success] User: admin | Details: Usuário 174 matriculado no curso 2
[2025-11-14 14:32:38] [SUCCESS] [enrollment_success] User: admin | Details: Usuário 174 matriculado no curso 4
[2025-11-14 14:32:38] [SUCCESS] [enrollment_success] User: admin | Details: Usuário 174 matriculado no curso 5
[2025-11-14 14:32:39] [SUCCESS] [enrollment_success] User: admin | Details: Usuário 174 matriculado no curso 6
[2025-11-14 14:32:39] [SUCCESS] [enrollment_success] User: admin | Details: Usuário 174 matriculado no curso 7
[2025-11-14 14:32:39] [SUCCESS] [enrollment_success] User: admin | Details: Usuário 174 matriculado no curso 8
[2025-11-14 14:32:39] [SUCCESS] [enrollment_success] User: admin | Details: Usuário 174 matriculado no curso 9
[2025-11-14 14:32:39] [SUCCESS] [enrollment_success] User: admin | Details: Usuário 174 matriculado no curso 10
[2025-11-14 14:32:39] [SUCCESS] [enrollment_success] User: admin | Details: Usuário 174 matriculado no curso 280
[2025-11-14 14:32:39] [SUCCESS] [enrollment_success] User: admin | Details: Usuário 174 matriculado no curso 281
[2025-11-14 14:32:39] [SUCCESS] [enrollment_success] User: admin | Details: Usuário 174 matriculado no curso 11
[2025-11-14 14:32:39] [SUCCESS] [enrollment_success] User: admin | Details: Usuário 174 matriculado no curso 12
[2025-11-14 14:32:39] [SUCCESS] [enrollment_success] User: admin | Details: Usuário 174 matriculado no curso 13
[2025-11-14 14:32:39] [SUCCESS] [enrollment_success] User: admin | Details: Usuário 174 matriculado no curso 14
[2025-11-14 14:32:39] [SUCCESS] [enrollment_success] User: admin | Details: Usuário 174 matriculado no curso 15
[2025-11-14 14:32:39] [SUCCESS] [enrollment_success] User: admin | Details: Usuário 174 matriculado no curso 16
[2025-11-14 14:32:39] [SUCCESS] [enrollment_success] User: admin | Details: Usuário 174 matriculado no curso 17
[2025-11-14 14:32:39] [SUCCESS] [enrollment_success] User: admin | Details: Usuário 174 matriculado no curso 18
[2025-11-14 14:32:39] [SUCCESS] [enrollment_success] User: admin | Details: Usuário 174 matriculado no curso 19
[2025-11-14 14:32:39] [SUCCESS] [enrollment_success] User: admin | Details: Usuário 174 matriculado no curso 21
[2025-11-14 14:32:39] [SUCCESS] [enrollment_success] User: admin | Details: Usuário 174 matriculado no curso 22
[2025-11-14 14:32:39] [SUCCESS] [credentials_saved] User: admin | Pré-matrícula ID: 207 | Details: Credenciais salvas: gabrielasilva3981
[2025-11-14 14:32:43] [SUCCESS] [approval_complete] User: admin | Pré-matrícula ID: 207 | Details: Pré-matrícula aprovada e usuário criado: gabrielasilva3981
[2025-11-14 14:34:22] [SUCCESS] [create_user_start] User: admin | Pré-matrícula ID: 205 | Details: Iniciando para SUELISUNEILTON@GMAIL.COM no polo ava
[2025-11-14 14:34:22] [SUCCESS] [creating_new_user] User: admin | Pré-matrícula ID: 205 | Details: Criando usuário: suelisuneilton
[2025-11-14 14:34:22] [SUCCESS] [moodle_create_user_attempt] User: admin | Details: Criando usuário: suelisuneilton para email: suelisuneilton@gmail.com
[2025-11-14 14:34:22] [SUCCESS] [moodle_create_user_success] User: admin | Details: Usuário criado com sucesso: suelisuneilton (ID: 175)
[2025-11-14 14:34:22] [SUCCESS] [enrollment_success] User: admin | Details: Usuário 175 matriculado no curso 2
[2025-11-14 14:34:22] [SUCCESS] [enrollment_success] User: admin | Details: Usuário 175 matriculado no curso 4
[2025-11-14 14:34:22] [SUCCESS] [enrollment_success] User: admin | Details: Usuário 175 matriculado no curso 5
[2025-11-14 14:34:22] [SUCCESS] [enrollment_success] User: admin | Details: Usuário 175 matriculado no curso 6
[2025-11-14 14:34:22] [SUCCESS] [enrollment_success] User: admin | Details: Usuário 175 matriculado no curso 7
[2025-11-14 14:34:23] [SUCCESS] [enrollment_success] User: admin | Details: Usuário 175 matriculado no curso 8
[2025-11-14 14:34:23] [SUCCESS] [enrollment_success] User: admin | Details: Usuário 175 matriculado no curso 9
[2025-11-14 14:34:23] [SUCCESS] [enrollment_success] User: admin | Details: Usuário 175 matriculado no curso 10
[2025-11-14 14:34:23] [SUCCESS] [enrollment_success] User: admin | Details: Usuário 175 matriculado no curso 280
[2025-11-14 14:34:23] [SUCCESS] [enrollment_success] User: admin | Details: Usuário 175 matriculado no curso 281
[2025-11-14 14:34:23] [SUCCESS] [enrollment_success] User: admin | Details: Usuário 175 matriculado no curso 11
[2025-11-14 14:34:23] [SUCCESS] [enrollment_success] User: admin | Details: Usuário 175 matriculado no curso 12
[2025-11-14 14:34:23] [SUCCESS] [enrollment_success] User: admin | Details: Usuário 175 matriculado no curso 13
[2025-11-14 14:34:23] [SUCCESS] [enrollment_success] User: admin | Details: Usuário 175 matriculado no curso 14
[2025-11-14 14:34:23] [SUCCESS] [enrollment_success] User: admin | Details: Usuário 175 matriculado no curso 15
[2025-11-14 14:34:23] [SUCCESS] [enrollment_success] User: admin | Details: Usuário 175 matriculado no curso 16
[2025-11-14 14:34:23] [SUCCESS] [enrollment_success] User: admin | Details: Usuário 175 matriculado no curso 17
[2025-11-14 14:34:23] [SUCCESS] [enrollment_success] User: admin | Details: Usuário 175 matriculado no curso 18
[2025-11-14 14:34:23] [SUCCESS] [enrollment_success] User: admin | Details: Usuário 175 matriculado no curso 19
[2025-11-14 14:34:23] [SUCCESS] [enrollment_success] User: admin | Details: Usuário 175 matriculado no curso 21
[2025-11-14 14:34:23] [SUCCESS] [enrollment_success] User: admin | Details: Usuário 175 matriculado no curso 22
[2025-11-14 14:34:23] [SUCCESS] [credentials_saved] User: admin | Pré-matrícula ID: 205 | Details: Credenciais salvas: suelisuneilton
[2025-11-14 14:34:27] [SUCCESS] [approval_complete] User: admin | Pré-matrícula ID: 205 | Details: Pré-matrícula aprovada e usuário criado: suelisuneilton
[2025-11-14 14:35:22] [SUCCESS] [export_credentials] User: admin | Details: Exportados 68 registros de credenciais
[2025-11-14 20:13:36] [SUCCESS] [create_user_start] User: admin | Pré-matrícula ID: 213 | Details: Iniciando para alan.silva@parceiro-kroton.com.br no polo ava
[2025-11-14 20:13:36] [SUCCESS] [creating_new_user] User: admin | Pré-matrícula ID: 213 | Details: Criando usuário: alansilva
[2025-11-14 20:13:36] [SUCCESS] [moodle_create_user_attempt] User: admin | Details: Criando usuário: alansilva para email: alan.silva@parceiro-kroton.com.br
[2025-11-14 20:13:36] [SUCCESS] [moodle_create_user_success] User: admin | Details: Usuário criado com sucesso: alansilva (ID: 177)
[2025-11-14 20:13:37] [SUCCESS] [enrollment_success] User: admin | Details: Usuário 177 matriculado no curso 2
[2025-11-14 20:13:37] [SUCCESS] [enrollment_success] User: admin | Details: Usuário 177 matriculado no curso 4
[2025-11-14 20:13:37] [SUCCESS] [enrollment_success] User: admin | Details: Usuário 177 matriculado no curso 5
[2025-11-14 20:13:37] [SUCCESS] [enrollment_success] User: admin | Details: Usuário 177 matriculado no curso 6
[2025-11-14 20:13:37] [SUCCESS] [enrollment_success] User: admin | Details: Usuário 177 matriculado no curso 7
[2025-11-14 20:13:37] [SUCCESS] [enrollment_success] User: admin | Details: Usuário 177 matriculado no curso 8
[2025-11-14 20:13:37] [SUCCESS] [enrollment_success] User: admin | Details: Usuário 177 matriculado no curso 9
[2025-11-14 20:13:37] [SUCCESS] [enrollment_success] User: admin | Details: Usuário 177 matriculado no curso 10
[2025-11-14 20:13:37] [SUCCESS] [enrollment_success] User: admin | Details: Usuário 177 matriculado no curso 280
[2025-11-14 20:13:38] [SUCCESS] [enrollment_success] User: admin | Details: Usuário 177 matriculado no curso 281
[2025-11-14 20:13:38] [SUCCESS] [enrollment_success] User: admin | Details: Usuário 177 matriculado no curso 11
[2025-11-14 20:13:38] [SUCCESS] [enrollment_success] User: admin | Details: Usuário 177 matriculado no curso 12
[2025-11-14 20:13:38] [SUCCESS] [enrollment_success] User: admin | Details: Usuário 177 matriculado no curso 13
[2025-11-14 20:13:38] [SUCCESS] [enrollment_success] User: admin | Details: Usuário 177 matriculado no curso 14
[2025-11-14 20:13:38] [SUCCESS] [enrollment_success] User: admin | Details: Usuário 177 matriculado no curso 15
[2025-11-14 20:13:38] [SUCCESS] [enrollment_success] User: admin | Details: Usuário 177 matriculado no curso 16
[2025-11-14 20:13:38] [SUCCESS] [enrollment_success] User: admin | Details: Usuário 177 matriculado no curso 17
[2025-11-14 20:13:38] [SUCCESS] [enrollment_success] User: admin | Details: Usuário 177 matriculado no curso 18
[2025-11-14 20:13:38] [SUCCESS] [enrollment_success] User: admin | Details: Usuário 177 matriculado no curso 19
[2025-11-14 20:13:38] [SUCCESS] [enrollment_success] User: admin | Details: Usuário 177 matriculado no curso 21
[2025-11-14 20:13:38] [SUCCESS] [enrollment_success] User: admin | Details: Usuário 177 matriculado no curso 22
[2025-11-14 20:13:38] [SUCCESS] [credentials_saved] User: admin | Pré-matrícula ID: 213 | Details: Credenciais salvas: alansilva
[2025-11-14 20:13:42] [SUCCESS] [approval_complete] User: admin | Pré-matrícula ID: 213 | Details: Pré-matrícula aprovada e usuário criado: alansilva
[2025-11-14 21:19:17] [SUCCESS] [create_user_start] User: admin | Pré-matrícula ID: 215 | Details: Iniciando para viniciusdelopes@gmail.com no polo ava
[2025-11-14 21:19:17] [SUCCESS] [update_password] User: admin | Details: Senha atualizada para usuário ID 116
[2025-11-14 21:19:17] [SUCCESS] [user_exists] User: admin | Pré-matrícula ID: 215 | Details: Reutilizando usuário: viniciusdelopes (ID: 116)
[2025-11-14 21:19:17] [SUCCESS] [enrollment_success] User: admin | Details: Usuário 116 matriculado no curso 112
[2025-11-14 21:19:17] [SUCCESS] [enrollment_success] User: admin | Details: Usuário 116 matriculado no curso 113
[2025-11-14 21:19:18] [SUCCESS] [enrollment_success] User: admin | Details: Usuário 116 matriculado no curso 114
[2025-11-14 21:19:18] [SUCCESS] [enrollment_success] User: admin | Details: Usuário 116 matriculado no curso 116
[2025-11-14 21:19:18] [SUCCESS] [enrollment_success] User: admin | Details: Usuário 116 matriculado no curso 117
[2025-11-14 21:19:18] [SUCCESS] [enrollment_success] User: admin | Details: Usuário 116 matriculado no curso 207
[2025-11-14 21:19:18] [SUCCESS] [enrollment_success] User: admin | Details: Usuário 116 matriculado no curso 218
[2025-11-14 21:19:18] [SUCCESS] [enrollment_success] User: admin | Details: Usuário 116 matriculado no curso 219
[2025-11-14 21:19:18] [SUCCESS] [enrollment_success] User: admin | Details: Usuário 116 matriculado no curso 221
[2025-11-14 21:19:18] [SUCCESS] [enrollment_success] User: admin | Details: Usuário 116 matriculado no curso 222
[2025-11-14 21:19:18] [SUCCESS] [enrollment_success] User: admin | Details: Usuário 116 matriculado no curso 278
[2025-11-14 21:19:18] [SUCCESS] [enrollment_success] User: admin | Details: Usuário 116 matriculado no curso 208
[2025-11-14 21:19:18] [SUCCESS] [enrollment_success] User: admin | Details: Usuário 116 matriculado no curso 210
[2025-11-14 21:19:18] [SUCCESS] [enrollment_success] User: admin | Details: Usuário 116 matriculado no curso 211
[2025-11-14 21:19:19] [SUCCESS] [enrollment_success] User: admin | Details: Usuário 116 matriculado no curso 212
[2025-11-14 21:19:19] [SUCCESS] [enrollment_success] User: admin | Details: Usuário 116 matriculado no curso 214
[2025-11-14 21:19:19] [SUCCESS] [enrollment_success] User: admin | Details: Usuário 116 matriculado no curso 216
[2025-11-14 21:19:19] [SUCCESS] [enrollment_success] User: admin | Details: Usuário 116 matriculado no curso 217
[2025-11-14 21:19:19] [SUCCESS] [enrollment_success] User: admin | Details: Usuário 116 matriculado no curso 279
[2025-11-14 21:19:19] [SUCCESS] [credentials_saved] User: admin | Pré-matrícula ID: 215 | Details: Credenciais salvas: viniciusdelopes
[2025-11-14 21:19:22] [SUCCESS] [approval_complete] User: admin | Pré-matrícula ID: 215 | Details: Pré-matrícula aprovada e usuário criado: viniciusdelopes
[2025-11-18 14:26:00] [SUCCESS] [export_credentials] User: admin | Details: Exportados 70 registros de credenciais
[2025-11-18 20:23:57] [SUCCESS] [create_user_start] User: admin | Pré-matrícula ID: 214 | Details: Iniciando para ericakaelbb@gmail.com no polo ava
[2025-11-18 20:23:57] [SUCCESS] [creating_new_user] User: admin | Pré-matrícula ID: 214 | Details: Criando usuário: ericakaelbb
[2025-11-18 20:23:57] [SUCCESS] [moodle_create_user_attempt] User: admin | Details: Criando usuário: ericakaelbb para email: ericakaelbb@gmail.com
[2025-11-18 20:23:57] [SUCCESS] [moodle_create_user_success] User: admin | Details: Usuário criado com sucesso: ericakaelbb (ID: 178)
[2025-11-18 20:23:58] [SUCCESS] [enrollment_success] User: admin | Details: Usuário 178 matriculado no curso 2
[2025-11-18 20:23:58] [SUCCESS] [enrollment_success] User: admin | Details: Usuário 178 matriculado no curso 4
[2025-11-18 20:23:58] [SUCCESS] [enrollment_success] User: admin | Details: Usuário 178 matriculado no curso 5
[2025-11-18 20:23:58] [SUCCESS] [enrollment_success] User: admin | Details: Usuário 178 matriculado no curso 6
[2025-11-18 20:23:58] [SUCCESS] [enrollment_success] User: admin | Details: Usuário 178 matriculado no curso 7
[2025-11-18 20:23:58] [SUCCESS] [enrollment_success] User: admin | Details: Usuário 178 matriculado no curso 8
[2025-11-18 20:23:58] [SUCCESS] [enrollment_success] User: admin | Details: Usuário 178 matriculado no curso 9
[2025-11-18 20:23:58] [SUCCESS] [enrollment_success] User: admin | Details: Usuário 178 matriculado no curso 10
[2025-11-18 20:23:58] [SUCCESS] [enrollment_success] User: admin | Details: Usuário 178 matriculado no curso 280
[2025-11-18 20:23:58] [SUCCESS] [enrollment_success] User: admin | Details: Usuário 178 matriculado no curso 281
[2025-11-18 20:23:59] [SUCCESS] [enrollment_success] User: admin | Details: Usuário 178 matriculado no curso 11
[2025-11-18 20:23:59] [SUCCESS] [enrollment_success] User: admin | Details: Usuário 178 matriculado no curso 12
[2025-11-18 20:23:59] [SUCCESS] [enrollment_success] User: admin | Details: Usuário 178 matriculado no curso 13
[2025-11-18 20:23:59] [SUCCESS] [enrollment_success] User: admin | Details: Usuário 178 matriculado no curso 14
[2025-11-18 20:23:59] [SUCCESS] [enrollment_success] User: admin | Details: Usuário 178 matriculado no curso 15
[2025-11-18 20:23:59] [SUCCESS] [enrollment_success] User: admin | Details: Usuário 178 matriculado no curso 16
[2025-11-18 20:23:59] [SUCCESS] [enrollment_success] User: admin | Details: Usuário 178 matriculado no curso 17
[2025-11-18 20:23:59] [SUCCESS] [enrollment_success] User: admin | Details: Usuário 178 matriculado no curso 18
[2025-11-18 20:23:59] [SUCCESS] [enrollment_success] User: admin | Details: Usuário 178 matriculado no curso 19
[2025-11-18 20:23:59] [SUCCESS] [enrollment_success] User: admin | Details: Usuário 178 matriculado no curso 21
[2025-11-18 20:23:59] [SUCCESS] [enrollment_success] User: admin | Details: Usuário 178 matriculado no curso 22
[2025-11-18 20:23:59] [SUCCESS] [credentials_saved] User: admin | Pré-matrícula ID: 214 | Details: Credenciais salvas: ericakaelbb
[2025-11-18 20:24:03] [SUCCESS] [approval_complete] User: admin | Pré-matrícula ID: 214 | Details: Pré-matrícula aprovada e usuário criado: ericakaelbb
[2025-11-18 20:29:21] [SUCCESS] [create_user_start] User: admin | Pré-matrícula ID: 216 | Details: Iniciando para angelicafreitassantos27@gmail.com no polo ava
[2025-11-18 20:29:22] [SUCCESS] [creating_new_user] User: admin | Pré-matrícula ID: 216 | Details: Criando usuário: angelicafreitassantos27
[2025-11-18 20:29:22] [SUCCESS] [moodle_create_user_attempt] User: admin | Details: Criando usuário: angelicafreitassantos27 para email: angelicafreitassantos27@gmail.com
[2025-11-18 20:29:22] [SUCCESS] [moodle_create_user_success] User: admin | Details: Usuário criado com sucesso: angelicafreitassantos27 (ID: 179)
[2025-11-18 20:29:22] [SUCCESS] [enrollment_success] User: admin | Details: Usuário 179 matriculado no curso 2
[2025-11-18 20:29:22] [SUCCESS] [enrollment_success] User: admin | Details: Usuário 179 matriculado no curso 4
[2025-11-18 20:29:22] [SUCCESS] [enrollment_success] User: admin | Details: Usuário 179 matriculado no curso 5
[2025-11-18 20:29:22] [SUCCESS] [enrollment_success] User: admin | Details: Usuário 179 matriculado no curso 6
[2025-11-18 20:29:22] [SUCCESS] [enrollment_success] User: admin | Details: Usuário 179 matriculado no curso 7
[2025-11-18 20:29:22] [SUCCESS] [enrollment_success] User: admin | Details: Usuário 179 matriculado no curso 8
[2025-11-18 20:29:22] [SUCCESS] [enrollment_success] User: admin | Details: Usuário 179 matriculado no curso 9
[2025-11-18 20:29:22] [SUCCESS] [enrollment_success] User: admin | Details: Usuário 179 matriculado no curso 10
[2025-11-18 20:29:22] [SUCCESS] [enrollment_success] User: admin | Details: Usuário 179 matriculado no curso 280
[2025-11-18 20:29:22] [SUCCESS] [enrollment_success] User: admin | Details: Usuário 179 matriculado no curso 281
[2025-11-18 20:29:22] [SUCCESS] [enrollment_success] User: admin | Details: Usuário 179 matriculado no curso 11
[2025-11-18 20:29:23] [SUCCESS] [enrollment_success] User: admin | Details: Usuário 179 matriculado no curso 12
[2025-11-18 20:29:23] [SUCCESS] [enrollment_success] User: admin | Details: Usuário 179 matriculado no curso 13
[2025-11-18 20:29:23] [SUCCESS] [enrollment_success] User: admin | Details: Usuário 179 matriculado no curso 14
[2025-11-18 20:29:23] [SUCCESS] [enrollment_success] User: admin | Details: Usuário 179 matriculado no curso 15
[2025-11-18 20:29:23] [SUCCESS] [enrollment_success] User: admin | Details: Usuário 179 matriculado no curso 16
[2025-11-18 20:29:23] [SUCCESS] [enrollment_success] User: admin | Details: Usuário 179 matriculado no curso 17
[2025-11-18 20:29:23] [SUCCESS] [enrollment_success] User: admin | Details: Usuário 179 matriculado no curso 18
[2025-11-18 20:29:23] [SUCCESS] [enrollment_success] User: admin | Details: Usuário 179 matriculado no curso 19
[2025-11-18 20:29:23] [SUCCESS] [enrollment_success] User: admin | Details: Usuário 179 matriculado no curso 21
[2025-11-18 20:29:23] [SUCCESS] [enrollment_success] User: admin | Details: Usuário 179 matriculado no curso 22
[2025-11-18 20:29:23] [SUCCESS] [credentials_saved] User: admin | Pré-matrícula ID: 216 | Details: Credenciais salvas: angelicafreitassantos27
[2025-11-18 20:29:26] [SUCCESS] [create_user_start] User: admin | Pré-matrícula ID: 216 | Details: Iniciando para angelicafreitassantos27@gmail.com no polo ava
[2025-11-18 20:29:26] [SUCCESS] [approval_complete] User: admin | Pré-matrícula ID: 216 | Details: Pré-matrícula aprovada e usuário criado: angelicafreitassantos27
[2025-11-18 20:29:26] [SUCCESS] [update_password] User: admin | Details: Senha atualizada para usuário ID 179
[2025-11-18 20:29:26] [SUCCESS] [user_exists] User: admin | Pré-matrícula ID: 216 | Details: Reutilizando usuário: angelicafreitassantos27 (ID: 179)
[2025-11-18 20:29:27] [SUCCESS] [enrollment_success] User: admin | Details: Usuário 179 matriculado no curso 2
[2025-11-18 20:29:27] [SUCCESS] [enrollment_success] User: admin | Details: Usuário 179 matriculado no curso 4
[2025-11-18 20:29:27] [SUCCESS] [enrollment_success] User: admin | Details: Usuário 179 matriculado no curso 5
[2025-11-18 20:29:27] [SUCCESS] [enrollment_success] User: admin | Details: Usuário 179 matriculado no curso 6
[2025-11-18 20:29:27] [SUCCESS] [enrollment_success] User: admin | Details: Usuário 179 matriculado no curso 7
[2025-11-18 20:29:27] [SUCCESS] [enrollment_success] User: admin | Details: Usuário 179 matriculado no curso 8
[2025-11-18 20:29:27] [SUCCESS] [enrollment_success] User: admin | Details: Usuário 179 matriculado no curso 9
[2025-11-18 20:29:27] [SUCCESS] [enrollment_success] User: admin | Details: Usuário 179 matriculado no curso 10
[2025-11-18 20:29:27] [SUCCESS] [enrollment_success] User: admin | Details: Usuário 179 matriculado no curso 280
[2025-11-18 20:29:27] [SUCCESS] [enrollment_success] User: admin | Details: Usuário 179 matriculado no curso 281
[2025-11-18 20:29:27] [SUCCESS] [enrollment_success] User: admin | Details: Usuário 179 matriculado no curso 11
[2025-11-18 20:29:27] [SUCCESS] [enrollment_success] User: admin | Details: Usuário 179 matriculado no curso 12
[2025-11-18 20:29:27] [SUCCESS] [enrollment_success] User: admin | Details: Usuário 179 matriculado no curso 13
[2025-11-18 20:29:27] [SUCCESS] [enrollment_success] User: admin | Details: Usuário 179 matriculado no curso 14
[2025-11-18 20:29:27] [SUCCESS] [enrollment_success] User: admin | Details: Usuário 179 matriculado no curso 15
[2025-11-18 20:29:27] [SUCCESS] [enrollment_success] User: admin | Details: Usuário 179 matriculado no curso 16
[2025-11-18 20:29:27] [SUCCESS] [enrollment_success] User: admin | Details: Usuário 179 matriculado no curso 17
[2025-11-18 20:29:27] [SUCCESS] [enrollment_success] User: admin | Details: Usuário 179 matriculado no curso 18
[2025-11-18 20:29:27] [SUCCESS] [enrollment_success] User: admin | Details: Usuário 179 matriculado no curso 19
[2025-11-18 20:29:27] [SUCCESS] [enrollment_success] User: admin | Details: Usuário 179 matriculado no curso 21
[2025-11-18 20:29:27] [SUCCESS] [enrollment_success] User: admin | Details: Usuário 179 matriculado no curso 22
[2025-11-18 20:29:27] [SUCCESS] [credentials_saved] User: admin | Pré-matrícula ID: 216 | Details: Credenciais salvas: angelicafreitassantos27
[2025-11-18 20:29:30] [SUCCESS] [approval_complete] User: admin | Pré-matrícula ID: 216 | Details: Pré-matrícula aprovada e usuário criado: angelicafreitassantos27
[2025-11-18 20:45:15] [SUCCESS] [create_user_start] User: admin | Pré-matrícula ID: 217 | Details: Iniciando para betaniagomesdossantos7@gmail.com no polo ava
[2025-11-18 20:45:15] [SUCCESS] [creating_new_user] User: admin | Pré-matrícula ID: 217 | Details: Criando usuário: betaniagomesdossantos7
[2025-11-18 20:45:15] [SUCCESS] [moodle_create_user_attempt] User: admin | Details: Criando usuário: betaniagomesdossantos7 para email: betaniagomesdossantos7@gmail.com
[2025-11-18 20:45:15] [SUCCESS] [moodle_create_user_success] User: admin | Details: Usuário criado com sucesso: betaniagomesdossantos7 (ID: 180)
[2025-11-18 20:45:15] [SUCCESS] [enrollment_success] User: admin | Details: Usuário 180 matriculado no curso 2
[2025-11-18 20:45:16] [SUCCESS] [enrollment_success] User: admin | Details: Usuário 180 matriculado no curso 4
[2025-11-18 20:45:16] [SUCCESS] [enrollment_success] User: admin | Details: Usuário 180 matriculado no curso 5
[2025-11-18 20:45:16] [SUCCESS] [enrollment_success] User: admin | Details: Usuário 180 matriculado no curso 6
[2025-11-18 20:45:16] [SUCCESS] [enrollment_success] User: admin | Details: Usuário 180 matriculado no curso 7
[2025-11-18 20:45:16] [SUCCESS] [enrollment_success] User: admin | Details: Usuário 180 matriculado no curso 8
[2025-11-18 20:45:16] [SUCCESS] [enrollment_success] User: admin | Details: Usuário 180 matriculado no curso 9
[2025-11-18 20:45:16] [SUCCESS] [enrollment_success] User: admin | Details: Usuário 180 matriculado no curso 10
[2025-11-18 20:45:16] [SUCCESS] [enrollment_success] User: admin | Details: Usuário 180 matriculado no curso 280
[2025-11-18 20:45:16] [SUCCESS] [enrollment_success] User: admin | Details: Usuário 180 matriculado no curso 281
[2025-11-18 20:45:16] [SUCCESS] [enrollment_success] User: admin | Details: Usuário 180 matriculado no curso 11
[2025-11-18 20:45:16] [SUCCESS] [enrollment_success] User: admin | Details: Usuário 180 matriculado no curso 12
[2025-11-18 20:45:16] [SUCCESS] [enrollment_success] User: admin | Details: Usuário 180 matriculado no curso 13
[2025-11-18 20:45:16] [SUCCESS] [enrollment_success] User: admin | Details: Usuário 180 matriculado no curso 14
[2025-11-18 20:45:16] [SUCCESS] [enrollment_success] User: admin | Details: Usuário 180 matriculado no curso 15
[2025-11-18 20:45:16] [SUCCESS] [enrollment_success] User: admin | Details: Usuário 180 matriculado no curso 16
[2025-11-18 20:45:16] [SUCCESS] [enrollment_success] User: admin | Details: Usuário 180 matriculado no curso 17
[2025-11-18 20:45:16] [SUCCESS] [enrollment_success] User: admin | Details: Usuário 180 matriculado no curso 18
[2025-11-18 20:45:16] [SUCCESS] [enrollment_success] User: admin | Details: Usuário 180 matriculado no curso 19
[2025-11-18 20:45:16] [SUCCESS] [enrollment_success] User: admin | Details: Usuário 180 matriculado no curso 21
[2025-11-18 20:45:16] [SUCCESS] [enrollment_success] User: admin | Details: Usuário 180 matriculado no curso 22
[2025-11-18 20:45:16] [SUCCESS] [credentials_saved] User: admin | Pré-matrícula ID: 217 | Details: Credenciais salvas: betaniagomesdossantos7
[2025-11-18 20:45:19] [SUCCESS] [approval_complete] User: admin | Pré-matrícula ID: 217 | Details: Pré-matrícula aprovada e usuário criado: betaniagomesdossantos7
[2025-11-18 21:26:00] [SUCCESS] [create_user_start] User: admin | Pré-matrícula ID: 221 | Details: Iniciando para maikellybonfimbraga@gmail.com no polo ava
[2025-11-18 21:26:00] [SUCCESS] [creating_new_user] User: admin | Pré-matrícula ID: 221 | Details: Criando usuário: maikellybonfimbraga
[2025-11-18 21:26:00] [SUCCESS] [moodle_create_user_attempt] User: admin | Details: Criando usuário: maikellybonfimbraga para email: maikellybonfimbraga@gmail.com
[2025-11-18 21:26:00] [SUCCESS] [moodle_create_user_success] User: admin | Details: Usuário criado com sucesso: maikellybonfimbraga (ID: 181)
[2025-11-18 21:26:01] [SUCCESS] [enrollment_success] User: admin | Details: Usuário 181 matriculado no curso 2
[2025-11-18 21:26:01] [SUCCESS] [enrollment_success] User: admin | Details: Usuário 181 matriculado no curso 4
[2025-11-18 21:26:01] [SUCCESS] [enrollment_success] User: admin | Details: Usuário 181 matriculado no curso 5
[2025-11-18 21:26:01] [SUCCESS] [enrollment_success] User: admin | Details: Usuário 181 matriculado no curso 6
[2025-11-18 21:26:01] [SUCCESS] [enrollment_success] User: admin | Details: Usuário 181 matriculado no curso 7
[2025-11-18 21:26:01] [SUCCESS] [enrollment_success] User: admin | Details: Usuário 181 matriculado no curso 8
[2025-11-18 21:26:01] [SUCCESS] [enrollment_success] User: admin | Details: Usuário 181 matriculado no curso 9
[2025-11-18 21:26:01] [SUCCESS] [enrollment_success] User: admin | Details: Usuário 181 matriculado no curso 10
[2025-11-18 21:26:01] [SUCCESS] [enrollment_success] User: admin | Details: Usuário 181 matriculado no curso 280
[2025-11-18 21:26:02] [SUCCESS] [enrollment_success] User: admin | Details: Usuário 181 matriculado no curso 281
[2025-11-18 21:26:02] [SUCCESS] [enrollment_success] User: admin | Details: Usuário 181 matriculado no curso 11
[2025-11-18 21:26:02] [SUCCESS] [enrollment_success] User: admin | Details: Usuário 181 matriculado no curso 12
[2025-11-18 21:26:02] [SUCCESS] [enrollment_success] User: admin | Details: Usuário 181 matriculado no curso 13
[2025-11-18 21:26:02] [SUCCESS] [enrollment_success] User: admin | Details: Usuário 181 matriculado no curso 14
[2025-11-18 21:26:02] [SUCCESS] [enrollment_success] User: admin | Details: Usuário 181 matriculado no curso 15
[2025-11-18 21:26:02] [SUCCESS] [enrollment_success] User: admin | Details: Usuário 181 matriculado no curso 16
[2025-11-18 21:26:02] [SUCCESS] [enrollment_success] User: admin | Details: Usuário 181 matriculado no curso 17
[2025-11-18 21:26:02] [SUCCESS] [enrollment_success] User: admin | Details: Usuário 181 matriculado no curso 18
[2025-11-18 21:26:02] [SUCCESS] [enrollment_success] User: admin | Details: Usuário 181 matriculado no curso 19
[2025-11-18 21:26:02] [SUCCESS] [enrollment_success] User: admin | Details: Usuário 181 matriculado no curso 21
[2025-11-18 21:26:02] [SUCCESS] [enrollment_success] User: admin | Details: Usuário 181 matriculado no curso 22
[2025-11-18 21:26:02] [SUCCESS] [credentials_saved] User: admin | Pré-matrícula ID: 221 | Details: Credenciais salvas: maikellybonfimbraga
[2025-11-18 21:26:06] [SUCCESS] [approval_complete] User: admin | Pré-matrícula ID: 221 | Details: Pré-matrícula aprovada e usuário criado: maikellybonfimbraga
[2025-11-18 21:28:11] [SUCCESS] [create_user_start] User: admin | Pré-matrícula ID: 220 | Details: Iniciando para kemyllydejesusmartins@gmail.com no polo ava
[2025-11-18 21:28:11] [SUCCESS] [creating_new_user] User: admin | Pré-matrícula ID: 220 | Details: Criando usuário: kemyllydejesusmartins
[2025-11-18 21:28:11] [SUCCESS] [moodle_create_user_attempt] User: admin | Details: Criando usuário: kemyllydejesusmartins para email: kemyllydejesusmartins@gmail.com
[2025-11-18 21:28:11] [SUCCESS] [moodle_create_user_success] User: admin | Details: Usuário criado com sucesso: kemyllydejesusmartins (ID: 182)
[2025-11-18 21:28:12] [SUCCESS] [enrollment_success] User: admin | Details: Usuário 182 matriculado no curso 2
[2025-11-18 21:28:12] [SUCCESS] [enrollment_success] User: admin | Details: Usuário 182 matriculado no curso 4
[2025-11-18 21:28:12] [SUCCESS] [enrollment_success] User: admin | Details: Usuário 182 matriculado no curso 5
[2025-11-18 21:28:12] [SUCCESS] [enrollment_success] User: admin | Details: Usuário 182 matriculado no curso 6
[2025-11-18 21:28:12] [SUCCESS] [enrollment_success] User: admin | Details: Usuário 182 matriculado no curso 7
[2025-11-18 21:28:12] [SUCCESS] [enrollment_success] User: admin | Details: Usuário 182 matriculado no curso 8
[2025-11-18 21:28:12] [SUCCESS] [enrollment_success] User: admin | Details: Usuário 182 matriculado no curso 9
[2025-11-18 21:28:12] [SUCCESS] [enrollment_success] User: admin | Details: Usuário 182 matriculado no curso 10
[2025-11-18 21:28:12] [SUCCESS] [enrollment_success] User: admin | Details: Usuário 182 matriculado no curso 280
[2025-11-18 21:28:12] [SUCCESS] [enrollment_success] User: admin | Details: Usuário 182 matriculado no curso 281
[2025-11-18 21:28:12] [SUCCESS] [enrollment_success] User: admin | Details: Usuário 182 matriculado no curso 11
[2025-11-18 21:28:12] [SUCCESS] [enrollment_success] User: admin | Details: Usuário 182 matriculado no curso 12
[2025-11-18 21:28:12] [SUCCESS] [enrollment_success] User: admin | Details: Usuário 182 matriculado no curso 13
[2025-11-18 21:28:12] [SUCCESS] [enrollment_success] User: admin | Details: Usuário 182 matriculado no curso 14
[2025-11-18 21:28:12] [SUCCESS] [enrollment_success] User: admin | Details: Usuário 182 matriculado no curso 15
[2025-11-18 21:28:12] [SUCCESS] [enrollment_success] User: admin | Details: Usuário 182 matriculado no curso 16
[2025-11-18 21:28:12] [SUCCESS] [enrollment_success] User: admin | Details: Usuário 182 matriculado no curso 17
[2025-11-18 21:28:12] [SUCCESS] [enrollment_success] User: admin | Details: Usuário 182 matriculado no curso 18
[2025-11-18 21:28:13] [SUCCESS] [enrollment_success] User: admin | Details: Usuário 182 matriculado no curso 19
[2025-11-18 21:28:13] [SUCCESS] [enrollment_success] User: admin | Details: Usuário 182 matriculado no curso 21
[2025-11-18 21:28:13] [SUCCESS] [enrollment_success] User: admin | Details: Usuário 182 matriculado no curso 22
[2025-11-18 21:28:13] [SUCCESS] [credentials_saved] User: admin | Pré-matrícula ID: 220 | Details: Credenciais salvas: kemyllydejesusmartins
[2025-11-18 21:28:16] [SUCCESS] [approval_complete] User: admin | Pré-matrícula ID: 220 | Details: Pré-matrícula aprovada e usuário criado: kemyllydejesusmartins
[2025-11-18 21:29:02] [SUCCESS] [create_user_start] User: admin | Pré-matrícula ID: 218 | Details: Iniciando para machadoclaudiane19@gmail.com no polo ava
[2025-11-18 21:29:02] [SUCCESS] [creating_new_user] User: admin | Pré-matrícula ID: 218 | Details: Criando usuário: machadoclaudiane19
[2025-11-18 21:29:02] [SUCCESS] [moodle_create_user_attempt] User: admin | Details: Criando usuário: machadoclaudiane19 para email: machadoclaudiane19@gmail.com
[2025-11-18 21:29:02] [SUCCESS] [moodle_create_user_success] User: admin | Details: Usuário criado com sucesso: machadoclaudiane19 (ID: 183)
[2025-11-18 21:29:02] [SUCCESS] [enrollment_success] User: admin | Details: Usuário 183 matriculado no curso 2
[2025-11-18 21:29:02] [SUCCESS] [enrollment_success] User: admin | Details: Usuário 183 matriculado no curso 4
[2025-11-18 21:29:02] [SUCCESS] [enrollment_success] User: admin | Details: Usuário 183 matriculado no curso 5
[2025-11-18 21:29:02] [SUCCESS] [enrollment_success] User: admin | Details: Usuário 183 matriculado no curso 6
[2025-11-18 21:29:02] [SUCCESS] [enrollment_success] User: admin | Details: Usuário 183 matriculado no curso 7
[2025-11-18 21:29:02] [SUCCESS] [enrollment_success] User: admin | Details: Usuário 183 matriculado no curso 8
[2025-11-18 21:29:02] [SUCCESS] [enrollment_success] User: admin | Details: Usuário 183 matriculado no curso 9
[2025-11-18 21:29:03] [SUCCESS] [enrollment_success] User: admin | Details: Usuário 183 matriculado no curso 10
[2025-11-18 21:29:03] [SUCCESS] [enrollment_success] User: admin | Details: Usuário 183 matriculado no curso 280
[2025-11-18 21:29:03] [SUCCESS] [enrollment_success] User: admin | Details: Usuário 183 matriculado no curso 281
[2025-11-18 21:29:03] [SUCCESS] [enrollment_success] User: admin | Details: Usuário 183 matriculado no curso 11
[2025-11-18 21:29:03] [SUCCESS] [enrollment_success] User: admin | Details: Usuário 183 matriculado no curso 12
[2025-11-18 21:29:03] [SUCCESS] [enrollment_success] User: admin | Details: Usuário 183 matriculado no curso 13
[2025-11-18 21:29:03] [SUCCESS] [enrollment_success] User: admin | Details: Usuário 183 matriculado no curso 14
[2025-11-18 21:29:03] [SUCCESS] [enrollment_success] User: admin | Details: Usuário 183 matriculado no curso 15
[2025-11-18 21:29:03] [SUCCESS] [enrollment_success] User: admin | Details: Usuário 183 matriculado no curso 16
[2025-11-18 21:29:03] [SUCCESS] [enrollment_success] User: admin | Details: Usuário 183 matriculado no curso 17
[2025-11-18 21:29:03] [SUCCESS] [enrollment_success] User: admin | Details: Usuário 183 matriculado no curso 18
[2025-11-18 21:29:03] [SUCCESS] [enrollment_success] User: admin | Details: Usuário 183 matriculado no curso 19
[2025-11-18 21:29:03] [SUCCESS] [enrollment_success] User: admin | Details: Usuário 183 matriculado no curso 21
[2025-11-18 21:29:03] [SUCCESS] [enrollment_success] User: admin | Details: Usuário 183 matriculado no curso 22
[2025-11-18 21:29:03] [SUCCESS] [credentials_saved] User: admin | Pré-matrícula ID: 218 | Details: Credenciais salvas: machadoclaudiane19
[2025-11-18 21:29:07] [SUCCESS] [approval_complete] User: admin | Pré-matrícula ID: 218 | Details: Pré-matrícula aprovada e usuário criado: machadoclaudiane19
[2025-11-19 22:27:35] [SUCCESS] [create_user_start] User: admin | Pré-matrícula ID: 223 | Details: Iniciando para SOUSABIANCA3239@GMAIL.COM no polo ava
[2025-11-19 22:27:35] [SUCCESS] [creating_new_user] User: admin | Pré-matrícula ID: 223 | Details: Criando usuário: sousabianca3239
[2025-11-19 22:27:35] [SUCCESS] [moodle_create_user_attempt] User: admin | Details: Criando usuário: sousabianca3239 para email: sousabianca3239@gmail.com
[2025-11-19 22:27:35] [SUCCESS] [moodle_create_user_success] User: admin | Details: Usuário criado com sucesso: sousabianca3239 (ID: 185)
[2025-11-19 22:27:36] [SUCCESS] [enrollment_success] User: admin | Details: Usuário 185 matriculado no curso 2
[2025-11-19 22:27:36] [SUCCESS] [enrollment_success] User: admin | Details: Usuário 185 matriculado no curso 4
[2025-11-19 22:27:36] [SUCCESS] [enrollment_success] User: admin | Details: Usuário 185 matriculado no curso 5
[2025-11-19 22:27:36] [SUCCESS] [enrollment_success] User: admin | Details: Usuário 185 matriculado no curso 6
[2025-11-19 22:27:37] [SUCCESS] [enrollment_success] User: admin | Details: Usuário 185 matriculado no curso 7
[2025-11-19 22:27:37] [SUCCESS] [enrollment_success] User: admin | Details: Usuário 185 matriculado no curso 8
[2025-11-19 22:27:37] [SUCCESS] [enrollment_success] User: admin | Details: Usuário 185 matriculado no curso 9
[2025-11-19 22:27:37] [SUCCESS] [enrollment_success] User: admin | Details: Usuário 185 matriculado no curso 10
[2025-11-19 22:27:37] [SUCCESS] [enrollment_success] User: admin | Details: Usuário 185 matriculado no curso 280
[2025-11-19 22:27:37] [SUCCESS] [enrollment_success] User: admin | Details: Usuário 185 matriculado no curso 281
[2025-11-19 22:27:37] [SUCCESS] [enrollment_success] User: admin | Details: Usuário 185 matriculado no curso 11
[2025-11-19 22:27:37] [SUCCESS] [enrollment_success] User: admin | Details: Usuário 185 matriculado no curso 12
[2025-11-19 22:27:37] [SUCCESS] [enrollment_success] User: admin | Details: Usuário 185 matriculado no curso 13
[2025-11-19 22:27:37] [SUCCESS] [enrollment_success] User: admin | Details: Usuário 185 matriculado no curso 14
[2025-11-19 22:27:37] [SUCCESS] [enrollment_success] User: admin | Details: Usuário 185 matriculado no curso 15
[2025-11-19 22:27:38] [SUCCESS] [enrollment_success] User: admin | Details: Usuário 185 matriculado no curso 16
[2025-11-19 22:27:38] [SUCCESS] [enrollment_success] User: admin | Details: Usuário 185 matriculado no curso 17
[2025-11-19 22:27:38] [SUCCESS] [enrollment_success] User: admin | Details: Usuário 185 matriculado no curso 18
[2025-11-19 22:27:38] [SUCCESS] [enrollment_success] User: admin | Details: Usuário 185 matriculado no curso 19
[2025-11-19 22:27:38] [SUCCESS] [enrollment_success] User: admin | Details: Usuário 185 matriculado no curso 21
[2025-11-19 22:27:38] [SUCCESS] [enrollment_success] User: admin | Details: Usuário 185 matriculado no curso 22
[2025-11-19 22:27:38] [SUCCESS] [credentials_saved] User: admin | Pré-matrícula ID: 223 | Details: Credenciais salvas: sousabianca3239
[2025-11-19 22:27:41] [SUCCESS] [approval_complete] User: admin | Pré-matrícula ID: 223 | Details: Pré-matrícula aprovada e usuário criado: sousabianca3239
[2025-11-21 22:56:31] [SUCCESS] [create_user_start] User: admin | Pré-matrícula ID: 219 | Details: Iniciando para rocilelmadosanjosnascimento@gmail.com no polo ava
[2025-11-21 22:56:31] [SUCCESS] [creating_new_user] User: admin | Pré-matrícula ID: 219 | Details: Criando usuário: rocilelmadosanjosnascimen
[2025-11-21 22:56:31] [SUCCESS] [moodle_create_user_attempt] User: admin | Details: Criando usuário: rocilelmadosanjosnascimen para email: rocilelmadosanjosnascimento@gmail.com
[2025-11-21 22:56:31] [SUCCESS] [moodle_create_user_success] User: admin | Details: Usuário criado com sucesso: rocilelmadosanjosnascimen (ID: 186)
[2025-11-21 22:56:32] [SUCCESS] [enrollment_success] User: admin | Details: Usuário 186 matriculado no curso 2
[2025-11-21 22:56:32] [SUCCESS] [enrollment_success] User: admin | Details: Usuário 186 matriculado no curso 4
[2025-11-21 22:56:32] [SUCCESS] [enrollment_success] User: admin | Details: Usuário 186 matriculado no curso 5
[2025-11-21 22:56:32] [SUCCESS] [enrollment_success] User: admin | Details: Usuário 186 matriculado no curso 6
[2025-11-21 22:56:32] [SUCCESS] [enrollment_success] User: admin | Details: Usuário 186 matriculado no curso 7
[2025-11-21 22:56:32] [SUCCESS] [enrollment_success] User: admin | Details: Usuário 186 matriculado no curso 8
[2025-11-21 22:56:32] [SUCCESS] [enrollment_success] User: admin | Details: Usuário 186 matriculado no curso 9
[2025-11-21 22:56:32] [SUCCESS] [enrollment_success] User: admin | Details: Usuário 186 matriculado no curso 10
[2025-11-21 22:56:32] [SUCCESS] [enrollment_success] User: admin | Details: Usuário 186 matriculado no curso 280
[2025-11-21 22:56:32] [SUCCESS] [enrollment_success] User: admin | Details: Usuário 186 matriculado no curso 281
[2025-11-21 22:56:32] [SUCCESS] [enrollment_success] User: admin | Details: Usuário 186 matriculado no curso 11
[2025-11-21 22:56:32] [SUCCESS] [enrollment_success] User: admin | Details: Usuário 186 matriculado no curso 12
[2025-11-21 22:56:32] [SUCCESS] [enrollment_success] User: admin | Details: Usuário 186 matriculado no curso 13
[2025-11-21 22:56:33] [SUCCESS] [enrollment_success] User: admin | Details: Usuário 186 matriculado no curso 14
[2025-11-21 22:56:33] [SUCCESS] [enrollment_success] User: admin | Details: Usuário 186 matriculado no curso 15
[2025-11-21 22:56:33] [SUCCESS] [enrollment_success] User: admin | Details: Usuário 186 matriculado no curso 16
[2025-11-21 22:56:33] [SUCCESS] [enrollment_success] User: admin | Details: Usuário 186 matriculado no curso 17
[2025-11-21 22:56:33] [SUCCESS] [enrollment_success] User: admin | Details: Usuário 186 matriculado no curso 18
[2025-11-21 22:56:33] [SUCCESS] [enrollment_success] User: admin | Details: Usuário 186 matriculado no curso 19
[2025-11-21 22:56:33] [SUCCESS] [enrollment_success] User: admin | Details: Usuário 186 matriculado no curso 21
[2025-11-21 22:56:33] [SUCCESS] [enrollment_success] User: admin | Details: Usuário 186 matriculado no curso 22
[2025-11-21 22:56:33] [SUCCESS] [credentials_saved] User: admin | Pré-matrícula ID: 219 | Details: Credenciais salvas: rocilelmadosanjosnascimen
[2025-11-21 22:56:36] [SUCCESS] [approval_complete] User: admin | Pré-matrícula ID: 219 | Details: Pré-matrícula aprovada e usuário criado: rocilelmadosanjosnascimen
[2025-11-21 23:17:08] [SUCCESS] [create_user_start] User: admin | Pré-matrícula ID: 222 | Details: Iniciando para kamillasdossantos@icloud.com.br no polo ava
[2025-11-21 23:17:08] [SUCCESS] [creating_new_user] User: admin | Pré-matrícula ID: 222 | Details: Criando usuário: kamillasdossantos
[2025-11-21 23:17:08] [SUCCESS] [moodle_create_user_attempt] User: admin | Details: Criando usuário: kamillasdossantos para email: kamillasdossantos@icloud.com.br
[2025-11-21 23:17:08] [SUCCESS] [moodle_create_user_success] User: admin | Details: Usuário criado com sucesso: kamillasdossantos (ID: 187)
[2025-11-21 23:17:08] [SUCCESS] [enrollment_success] User: admin | Details: Usuário 187 matriculado no curso 2
[2025-11-21 23:17:08] [SUCCESS] [enrollment_success] User: admin | Details: Usuário 187 matriculado no curso 4
[2025-11-21 23:17:08] [SUCCESS] [enrollment_success] User: admin | Details: Usuário 187 matriculado no curso 5
[2025-11-21 23:17:08] [SUCCESS] [enrollment_success] User: admin | Details: Usuário 187 matriculado no curso 6
[2025-11-21 23:17:08] [SUCCESS] [enrollment_success] User: admin | Details: Usuário 187 matriculado no curso 7
[2025-11-21 23:17:08] [SUCCESS] [enrollment_success] User: admin | Details: Usuário 187 matriculado no curso 8
[2025-11-21 23:17:09] [SUCCESS] [enrollment_success] User: admin | Details: Usuário 187 matriculado no curso 9
[2025-11-21 23:17:09] [SUCCESS] [enrollment_success] User: admin | Details: Usuário 187 matriculado no curso 10
[2025-11-21 23:17:09] [SUCCESS] [enrollment_success] User: admin | Details: Usuário 187 matriculado no curso 280
[2025-11-21 23:17:09] [SUCCESS] [enrollment_success] User: admin | Details: Usuário 187 matriculado no curso 281
[2025-11-21 23:17:09] [SUCCESS] [enrollment_success] User: admin | Details: Usuário 187 matriculado no curso 11
[2025-11-21 23:17:09] [SUCCESS] [enrollment_success] User: admin | Details: Usuário 187 matriculado no curso 12
[2025-11-21 23:17:09] [SUCCESS] [enrollment_success] User: admin | Details: Usuário 187 matriculado no curso 13
[2025-11-21 23:17:09] [SUCCESS] [enrollment_success] User: admin | Details: Usuário 187 matriculado no curso 14
[2025-11-21 23:17:09] [SUCCESS] [enrollment_success] User: admin | Details: Usuário 187 matriculado no curso 15
[2025-11-21 23:17:09] [SUCCESS] [enrollment_success] User: admin | Details: Usuário 187 matriculado no curso 16
[2025-11-21 23:17:09] [SUCCESS] [enrollment_success] User: admin | Details: Usuário 187 matriculado no curso 17
[2025-11-21 23:17:09] [SUCCESS] [enrollment_success] User: admin | Details: Usuário 187 matriculado no curso 18
[2025-11-21 23:17:09] [SUCCESS] [enrollment_success] User: admin | Details: Usuário 187 matriculado no curso 19
[2025-11-21 23:17:09] [SUCCESS] [enrollment_success] User: admin | Details: Usuário 187 matriculado no curso 21
[2025-11-21 23:17:09] [SUCCESS] [enrollment_success] User: admin | Details: Usuário 187 matriculado no curso 22
[2025-11-21 23:17:09] [SUCCESS] [credentials_saved] User: admin | Pré-matrícula ID: 222 | Details: Credenciais salvas: kamillasdossantos
[2025-11-21 23:17:12] [SUCCESS] [approval_complete] User: admin | Pré-matrícula ID: 222 | Details: Pré-matrícula aprovada e usuário criado: kamillasdossantos
[2025-11-22 19:24:34] [SUCCESS] [create_user_start] User: admin | Pré-matrícula ID: 224 | Details: Iniciando para Joelmasoares.ad@gmail.com no polo ava
[2025-11-22 19:24:35] [SUCCESS] [creating_new_user] User: admin | Pré-matrícula ID: 224 | Details: Criando usuário: joelmasoaresad
[2025-11-22 19:24:35] [SUCCESS] [moodle_create_user_attempt] User: admin | Details: Criando usuário: joelmasoaresad para email: joelmasoares.ad@gmail.com
[2025-11-22 19:24:35] [SUCCESS] [moodle_create_user_success] User: admin | Details: Usuário criado com sucesso: joelmasoaresad (ID: 188)
[2025-11-22 19:24:36] [SUCCESS] [enrollment_success] User: admin | Details: Usuário 188 matriculado no curso 2
[2025-11-22 19:24:37] [SUCCESS] [enrollment_success] User: admin | Details: Usuário 188 matriculado no curso 4
[2025-11-22 19:24:37] [SUCCESS] [enrollment_success] User: admin | Details: Usuário 188 matriculado no curso 5
[2025-11-22 19:24:37] [SUCCESS] [enrollment_success] User: admin | Details: Usuário 188 matriculado no curso 6
[2025-11-22 19:24:37] [SUCCESS] [enrollment_success] User: admin | Details: Usuário 188 matriculado no curso 7
[2025-11-22 19:24:37] [SUCCESS] [enrollment_success] User: admin | Details: Usuário 188 matriculado no curso 8
[2025-11-22 19:24:37] [SUCCESS] [enrollment_success] User: admin | Details: Usuário 188 matriculado no curso 9
[2025-11-22 19:24:37] [SUCCESS] [enrollment_success] User: admin | Details: Usuário 188 matriculado no curso 10
[2025-11-22 19:24:37] [SUCCESS] [enrollment_success] User: admin | Details: Usuário 188 matriculado no curso 280
[2025-11-22 19:24:38] [SUCCESS] [enrollment_success] User: admin | Details: Usuário 188 matriculado no curso 281
[2025-11-22 19:24:38] [SUCCESS] [enrollment_success] User: admin | Details: Usuário 188 matriculado no curso 11
[2025-11-22 19:24:38] [SUCCESS] [enrollment_success] User: admin | Details: Usuário 188 matriculado no curso 12
[2025-11-22 19:24:38] [SUCCESS] [enrollment_success] User: admin | Details: Usuário 188 matriculado no curso 13
[2025-11-22 19:24:38] [SUCCESS] [enrollment_success] User: admin | Details: Usuário 188 matriculado no curso 14
[2025-11-22 19:24:38] [SUCCESS] [enrollment_success] User: admin | Details: Usuário 188 matriculado no curso 15
[2025-11-22 19:24:38] [SUCCESS] [enrollment_success] User: admin | Details: Usuário 188 matriculado no curso 16
[2025-11-22 19:24:38] [SUCCESS] [enrollment_success] User: admin | Details: Usuário 188 matriculado no curso 17
[2025-11-22 19:24:38] [SUCCESS] [enrollment_success] User: admin | Details: Usuário 188 matriculado no curso 18
[2025-11-22 19:24:38] [SUCCESS] [enrollment_success] User: admin | Details: Usuário 188 matriculado no curso 19
[2025-11-22 19:24:38] [SUCCESS] [enrollment_success] User: admin | Details: Usuário 188 matriculado no curso 21
[2025-11-22 19:24:38] [SUCCESS] [enrollment_success] User: admin | Details: Usuário 188 matriculado no curso 22
[2025-11-22 19:24:38] [SUCCESS] [credentials_saved] User: admin | Pré-matrícula ID: 224 | Details: Credenciais salvas: joelmasoaresad
[2025-11-22 19:24:42] [SUCCESS] [approval_complete] User: admin | Pré-matrícula ID: 224 | Details: Pré-matrícula aprovada e usuário criado: joelmasoaresad
[2025-11-22 19:34:25] [SUCCESS] [create_user_start] User: admin | Pré-matrícula ID: 227 | Details: Iniciando para christianenunesdonascimento@gmail.com no polo ava
[2025-11-22 19:34:25] [SUCCESS] [creating_new_user] User: admin | Pré-matrícula ID: 227 | Details: Criando usuário: christianenunesdonascimen
[2025-11-22 19:34:25] [SUCCESS] [moodle_create_user_attempt] User: admin | Details: Criando usuário: christianenunesdonascimen para email: christianenunesdonascimento@gmail.com
[2025-11-22 19:34:25] [SUCCESS] [moodle_create_user_success] User: admin | Details: Usuário criado com sucesso: christianenunesdonascimen (ID: 189)
[2025-11-22 19:34:25] [SUCCESS] [enrollment_success] User: admin | Details: Usuário 189 matriculado no curso 2
[2025-11-22 19:34:25] [SUCCESS] [enrollment_success] User: admin | Details: Usuário 189 matriculado no curso 4
[2025-11-22 19:34:25] [SUCCESS] [enrollment_success] User: admin | Details: Usuário 189 matriculado no curso 5
[2025-11-22 19:34:25] [SUCCESS] [enrollment_success] User: admin | Details: Usuário 189 matriculado no curso 6
[2025-11-22 19:34:25] [SUCCESS] [enrollment_success] User: admin | Details: Usuário 189 matriculado no curso 7
[2025-11-22 19:34:25] [SUCCESS] [enrollment_success] User: admin | Details: Usuário 189 matriculado no curso 8
[2025-11-22 19:34:25] [SUCCESS] [enrollment_success] User: admin | Details: Usuário 189 matriculado no curso 9
[2025-11-22 19:34:25] [SUCCESS] [enrollment_success] User: admin | Details: Usuário 189 matriculado no curso 10
[2025-11-22 19:34:26] [SUCCESS] [enrollment_success] User: admin | Details: Usuário 189 matriculado no curso 280
[2025-11-22 19:34:26] [SUCCESS] [enrollment_success] User: admin | Details: Usuário 189 matriculado no curso 281
[2025-11-22 19:34:26] [SUCCESS] [enrollment_success] User: admin | Details: Usuário 189 matriculado no curso 11
[2025-11-22 19:34:26] [SUCCESS] [enrollment_success] User: admin | Details: Usuário 189 matriculado no curso 12
[2025-11-22 19:34:26] [SUCCESS] [enrollment_success] User: admin | Details: Usuário 189 matriculado no curso 13
[2025-11-22 19:34:26] [SUCCESS] [enrollment_success] User: admin | Details: Usuário 189 matriculado no curso 14
[2025-11-22 19:34:26] [SUCCESS] [enrollment_success] User: admin | Details: Usuário 189 matriculado no curso 15
[2025-11-22 19:34:26] [SUCCESS] [enrollment_success] User: admin | Details: Usuário 189 matriculado no curso 16
[2025-11-22 19:34:26] [SUCCESS] [enrollment_success] User: admin | Details: Usuário 189 matriculado no curso 17
[2025-11-22 19:34:26] [SUCCESS] [enrollment_success] User: admin | Details: Usuário 189 matriculado no curso 18
[2025-11-22 19:34:26] [SUCCESS] [enrollment_success] User: admin | Details: Usuário 189 matriculado no curso 19
[2025-11-22 19:34:26] [SUCCESS] [enrollment_success] User: admin | Details: Usuário 189 matriculado no curso 21
[2025-11-22 19:34:26] [SUCCESS] [enrollment_success] User: admin | Details: Usuário 189 matriculado no curso 22
[2025-11-22 19:34:26] [SUCCESS] [credentials_saved] User: admin | Pré-matrícula ID: 227 | Details: Credenciais salvas: christianenunesdonascimen
[2025-11-22 19:34:29] [SUCCESS] [approval_complete] User: admin | Pré-matrícula ID: 227 | Details: Pré-matrícula aprovada e usuário criado: christianenunesdonascimen
[2025-11-24 20:29:57] [SUCCESS] [create_user_start] User: admin | Pré-matrícula ID: 229 | Details: Iniciando para deby100@live.com no polo ava
[2025-11-24 20:29:57] [SUCCESS] [creating_new_user] User: admin | Pré-matrícula ID: 229 | Details: Criando usuário: deby100
[2025-11-24 20:29:57] [SUCCESS] [moodle_create_user_attempt] User: admin | Details: Criando usuário: deby100 para email: deby100@live.com
[2025-11-24 20:29:58] [SUCCESS] [moodle_create_user_success] User: admin | Details: Usuário criado com sucesso: deby100 (ID: 190)
[2025-11-24 20:29:58] [SUCCESS] [enrollment_success] User: admin | Details: Usuário 190 matriculado no curso 2
[2025-11-24 20:29:58] [SUCCESS] [enrollment_success] User: admin | Details: Usuário 190 matriculado no curso 4
[2025-11-24 20:29:58] [SUCCESS] [enrollment_success] User: admin | Details: Usuário 190 matriculado no curso 5
[2025-11-24 20:29:58] [SUCCESS] [enrollment_success] User: admin | Details: Usuário 190 matriculado no curso 6
[2025-11-24 20:29:58] [SUCCESS] [enrollment_success] User: admin | Details: Usuário 190 matriculado no curso 7
[2025-11-24 20:29:58] [SUCCESS] [enrollment_success] User: admin | Details: Usuário 190 matriculado no curso 8
[2025-11-24 20:29:58] [SUCCESS] [enrollment_success] User: admin | Details: Usuário 190 matriculado no curso 9
[2025-11-24 20:29:58] [SUCCESS] [enrollment_success] User: admin | Details: Usuário 190 matriculado no curso 10
[2025-11-24 20:29:58] [SUCCESS] [enrollment_success] User: admin | Details: Usuário 190 matriculado no curso 280
[2025-11-24 20:29:58] [SUCCESS] [enrollment_success] User: admin | Details: Usuário 190 matriculado no curso 281
[2025-11-24 20:29:59] [SUCCESS] [enrollment_success] User: admin | Details: Usuário 190 matriculado no curso 11
[2025-11-24 20:29:59] [SUCCESS] [enrollment_success] User: admin | Details: Usuário 190 matriculado no curso 12
[2025-11-24 20:29:59] [SUCCESS] [enrollment_success] User: admin | Details: Usuário 190 matriculado no curso 13
[2025-11-24 20:29:59] [SUCCESS] [enrollment_success] User: admin | Details: Usuário 190 matriculado no curso 14
[2025-11-24 20:29:59] [SUCCESS] [enrollment_success] User: admin | Details: Usuário 190 matriculado no curso 15
[2025-11-24 20:29:59] [SUCCESS] [enrollment_success] User: admin | Details: Usuário 190 matriculado no curso 16
[2025-11-24 20:29:59] [SUCCESS] [enrollment_success] User: admin | Details: Usuário 190 matriculado no curso 17
[2025-11-24 20:29:59] [SUCCESS] [enrollment_success] User: admin | Details: Usuário 190 matriculado no curso 18
[2025-11-24 20:29:59] [SUCCESS] [enrollment_success] User: admin | Details: Usuário 190 matriculado no curso 19
[2025-11-24 20:29:59] [SUCCESS] [enrollment_success] User: admin | Details: Usuário 190 matriculado no curso 21
[2025-11-24 20:29:59] [SUCCESS] [enrollment_success] User: admin | Details: Usuário 190 matriculado no curso 22
[2025-11-24 20:29:59] [SUCCESS] [credentials_saved] User: admin | Pré-matrícula ID: 229 | Details: Credenciais salvas: deby100
[2025-11-24 20:30:03] [SUCCESS] [approval_complete] User: admin | Pré-matrícula ID: 229 | Details: Pré-matrícula aprovada e usuário criado: deby100
[2025-11-24 20:32:33] [SUCCESS] [create_user_start] User: admin | Pré-matrícula ID: 228 | Details: Iniciando para tavaresrosane68@gmail.com no polo ava
[2025-11-24 20:32:33] [SUCCESS] [creating_new_user] User: admin | Pré-matrícula ID: 228 | Details: Criando usuário: tavaresrosane68
[2025-11-24 20:32:33] [SUCCESS] [moodle_create_user_attempt] User: admin | Details: Criando usuário: tavaresrosane68 para email: tavaresrosane68@gmail.com
[2025-11-24 20:32:33] [SUCCESS] [moodle_create_user_success] User: admin | Details: Usuário criado com sucesso: tavaresrosane68 (ID: 191)
[2025-11-24 20:32:33] [SUCCESS] [enrollment_success] User: admin | Details: Usuário 191 matriculado no curso 2
[2025-11-24 20:32:33] [SUCCESS] [enrollment_success] User: admin | Details: Usuário 191 matriculado no curso 4
[2025-11-24 20:32:33] [SUCCESS] [enrollment_success] User: admin | Details: Usuário 191 matriculado no curso 5
[2025-11-24 20:32:33] [SUCCESS] [enrollment_success] User: admin | Details: Usuário 191 matriculado no curso 6
[2025-11-24 20:32:33] [SUCCESS] [enrollment_success] User: admin | Details: Usuário 191 matriculado no curso 7
[2025-11-24 20:32:33] [SUCCESS] [enrollment_success] User: admin | Details: Usuário 191 matriculado no curso 8
[2025-11-24 20:32:33] [SUCCESS] [enrollment_success] User: admin | Details: Usuário 191 matriculado no curso 9
[2025-11-24 20:32:33] [SUCCESS] [enrollment_success] User: admin | Details: Usuário 191 matriculado no curso 10
[2025-11-24 20:32:33] [SUCCESS] [enrollment_success] User: admin | Details: Usuário 191 matriculado no curso 280
[2025-11-24 20:32:33] [SUCCESS] [enrollment_success] User: admin | Details: Usuário 191 matriculado no curso 281
[2025-11-24 20:32:33] [SUCCESS] [enrollment_success] User: admin | Details: Usuário 191 matriculado no curso 11
[2025-11-24 20:32:33] [SUCCESS] [enrollment_success] User: admin | Details: Usuário 191 matriculado no curso 12
[2025-11-24 20:32:34] [SUCCESS] [enrollment_success] User: admin | Details: Usuário 191 matriculado no curso 13
[2025-11-24 20:32:34] [SUCCESS] [enrollment_success] User: admin | Details: Usuário 191 matriculado no curso 14
[2025-11-24 20:32:34] [SUCCESS] [enrollment_success] User: admin | Details: Usuário 191 matriculado no curso 15
[2025-11-24 20:32:34] [SUCCESS] [enrollment_success] User: admin | Details: Usuário 191 matriculado no curso 16
[2025-11-24 20:32:34] [SUCCESS] [enrollment_success] User: admin | Details: Usuário 191 matriculado no curso 17
[2025-11-24 20:32:34] [SUCCESS] [enrollment_success] User: admin | Details: Usuário 191 matriculado no curso 18
[2025-11-24 20:32:34] [SUCCESS] [enrollment_success] User: admin | Details: Usuário 191 matriculado no curso 19
[2025-11-24 20:32:34] [SUCCESS] [enrollment_success] User: admin | Details: Usuário 191 matriculado no curso 21
[2025-11-24 20:32:34] [SUCCESS] [enrollment_success] User: admin | Details: Usuário 191 matriculado no curso 22
[2025-11-24 20:32:34] [SUCCESS] [credentials_saved] User: admin | Pré-matrícula ID: 228 | Details: Credenciais salvas: tavaresrosane68
[2025-11-24 20:32:38] [SUCCESS] [approval_complete] User: admin | Pré-matrícula ID: 228 | Details: Pré-matrícula aprovada e usuário criado: tavaresrosane68
[2025-11-24 20:41:17] [SUCCESS] [create_user_start] User: admin | Pré-matrícula ID: 225 | Details: Iniciando para nuvaldobenk@gmail.com no polo ava
[2025-11-24 20:41:17] [SUCCESS] [creating_new_user] User: admin | Pré-matrícula ID: 225 | Details: Criando usuário: nuvaldobenk
[2025-11-24 20:41:17] [SUCCESS] [moodle_create_user_attempt] User: admin | Details: Criando usuário: nuvaldobenk para email: nuvaldobenk@gmail.com
[2025-11-24 20:41:17] [SUCCESS] [moodle_create_user_success] User: admin | Details: Usuário criado com sucesso: nuvaldobenk (ID: 192)
[2025-11-24 20:41:18] [SUCCESS] [enrollment_success] User: admin | Details: Usuário 192 matriculado no curso 2
[2025-11-24 20:41:18] [SUCCESS] [enrollment_success] User: admin | Details: Usuário 192 matriculado no curso 4
[2025-11-24 20:41:18] [SUCCESS] [enrollment_success] User: admin | Details: Usuário 192 matriculado no curso 5
[2025-11-24 20:41:18] [SUCCESS] [enrollment_success] User: admin | Details: Usuário 192 matriculado no curso 6
[2025-11-24 20:41:18] [SUCCESS] [enrollment_success] User: admin | Details: Usuário 192 matriculado no curso 7
[2025-11-24 20:41:18] [SUCCESS] [enrollment_success] User: admin | Details: Usuário 192 matriculado no curso 8
[2025-11-24 20:41:18] [SUCCESS] [enrollment_success] User: admin | Details: Usuário 192 matriculado no curso 9
[2025-11-24 20:41:18] [SUCCESS] [enrollment_success] User: admin | Details: Usuário 192 matriculado no curso 10
[2025-11-24 20:41:18] [SUCCESS] [enrollment_success] User: admin | Details: Usuário 192 matriculado no curso 280
[2025-11-24 20:41:18] [SUCCESS] [enrollment_success] User: admin | Details: Usuário 192 matriculado no curso 281
[2025-11-24 20:41:18] [SUCCESS] [enrollment_success] User: admin | Details: Usuário 192 matriculado no curso 11
[2025-11-24 20:41:18] [SUCCESS] [enrollment_success] User: admin | Details: Usuário 192 matriculado no curso 12
[2025-11-24 20:41:18] [SUCCESS] [enrollment_success] User: admin | Details: Usuário 192 matriculado no curso 13
[2025-11-24 20:41:18] [SUCCESS] [enrollment_success] User: admin | Details: Usuário 192 matriculado no curso 14
[2025-11-24 20:41:18] [SUCCESS] [enrollment_success] User: admin | Details: Usuário 192 matriculado no curso 15
[2025-11-24 20:41:18] [SUCCESS] [enrollment_success] User: admin | Details: Usuário 192 matriculado no curso 16
[2025-11-24 20:41:18] [SUCCESS] [enrollment_success] User: admin | Details: Usuário 192 matriculado no curso 17
[2025-11-24 20:41:19] [SUCCESS] [enrollment_success] User: admin | Details: Usuário 192 matriculado no curso 18
[2025-11-24 20:41:19] [SUCCESS] [enrollment_success] User: admin | Details: Usuário 192 matriculado no curso 19
[2025-11-24 20:41:19] [SUCCESS] [enrollment_success] User: admin | Details: Usuário 192 matriculado no curso 21
[2025-11-24 20:41:19] [SUCCESS] [enrollment_success] User: admin | Details: Usuário 192 matriculado no curso 22
[2025-11-24 20:41:19] [SUCCESS] [credentials_saved] User: admin | Pré-matrícula ID: 225 | Details: Credenciais salvas: nuvaldobenk
[2025-11-24 20:41:22] [SUCCESS] [approval_complete] User: admin | Pré-matrícula ID: 225 | Details: Pré-matrícula aprovada e usuário criado: nuvaldobenk
[2025-11-24 20:41:46] [SUCCESS] [create_user_start] User: admin | Pré-matrícula ID: 226 | Details: Iniciando para suelisuneilton10@gmail.com no polo ava
[2025-11-24 20:41:46] [SUCCESS] [creating_new_user] User: admin | Pré-matrícula ID: 226 | Details: Criando usuário: suelisuneilton10
[2025-11-24 20:41:46] [SUCCESS] [moodle_create_user_attempt] User: admin | Details: Criando usuário: suelisuneilton10 para email: suelisuneilton10@gmail.com
[2025-11-24 20:41:46] [SUCCESS] [moodle_create_user_success] User: admin | Details: Usuário criado com sucesso: suelisuneilton10 (ID: 193)
[2025-11-24 20:41:46] [SUCCESS] [enrollment_success] User: admin | Details: Usuário 193 matriculado no curso 2
[2025-11-24 20:41:46] [SUCCESS] [enrollment_success] User: admin | Details: Usuário 193 matriculado no curso 4
[2025-11-24 20:41:47] [SUCCESS] [enrollment_success] User: admin | Details: Usuário 193 matriculado no curso 5
[2025-11-24 20:41:47] [SUCCESS] [enrollment_success] User: admin | Details: Usuário 193 matriculado no curso 6
[2025-11-24 20:41:47] [SUCCESS] [enrollment_success] User: admin | Details: Usuário 193 matriculado no curso 7
[2025-11-24 20:41:47] [SUCCESS] [enrollment_success] User: admin | Details: Usuário 193 matriculado no curso 8
[2025-11-24 20:41:47] [SUCCESS] [enrollment_success] User: admin | Details: Usuário 193 matriculado no curso 9
[2025-11-24 20:41:47] [SUCCESS] [enrollment_success] User: admin | Details: Usuário 193 matriculado no curso 10
[2025-11-24 20:41:47] [SUCCESS] [enrollment_success] User: admin | Details: Usuário 193 matriculado no curso 280
[2025-11-24 20:41:47] [SUCCESS] [enrollment_success] User: admin | Details: Usuário 193 matriculado no curso 281
[2025-11-24 20:41:47] [SUCCESS] [enrollment_success] User: admin | Details: Usuário 193 matriculado no curso 11
[2025-11-24 20:41:47] [SUCCESS] [enrollment_success] User: admin | Details: Usuário 193 matriculado no curso 12
[2025-11-24 20:41:47] [SUCCESS] [enrollment_success] User: admin | Details: Usuário 193 matriculado no curso 13
[2025-11-24 20:41:47] [SUCCESS] [enrollment_success] User: admin | Details: Usuário 193 matriculado no curso 14
[2025-11-24 20:41:47] [SUCCESS] [enrollment_success] User: admin | Details: Usuário 193 matriculado no curso 15
[2025-11-24 20:41:47] [SUCCESS] [enrollment_success] User: admin | Details: Usuário 193 matriculado no curso 16
[2025-11-24 20:41:47] [SUCCESS] [enrollment_success] User: admin | Details: Usuário 193 matriculado no curso 17
[2025-11-24 20:41:47] [SUCCESS] [enrollment_success] User: admin | Details: Usuário 193 matriculado no curso 18
[2025-11-24 20:41:47] [SUCCESS] [enrollment_success] User: admin | Details: Usuário 193 matriculado no curso 19
[2025-11-24 20:41:47] [SUCCESS] [enrollment_success] User: admin | Details: Usuário 193 matriculado no curso 21
[2025-11-24 20:41:47] [SUCCESS] [enrollment_success] User: admin | Details: Usuário 193 matriculado no curso 22
[2025-11-24 20:41:47] [SUCCESS] [credentials_saved] User: admin | Pré-matrícula ID: 226 | Details: Credenciais salvas: suelisuneilton10
[2025-11-24 20:41:51] [SUCCESS] [approval_complete] User: admin | Pré-matrícula ID: 226 | Details: Pré-matrícula aprovada e usuário criado: suelisuneilton10
[2025-12-10 00:05:13] [SUCCESS] [create_user_start] User: admin | Pré-matrícula ID: 233 | Details: Iniciando para sadraquesilva893@gmail.com no polo ava
[2025-12-10 00:05:13] [SUCCESS] [creating_new_user] User: admin | Pré-matrícula ID: 233 | Details: Criando usuário: sadraquesilva893
[2025-12-10 00:05:13] [SUCCESS] [moodle_create_user_attempt] User: admin | Details: Criando usuário: sadraquesilva893 para email: sadraquesilva893@gmail.com
[2025-12-10 00:05:13] [SUCCESS] [moodle_create_user_success] User: admin | Details: Usuário criado com sucesso: sadraquesilva893 (ID: 195)
[2025-12-10 00:05:14] [SUCCESS] [enrollment_success] User: admin | Details: Usuário 195 matriculado no curso 282
[2025-12-10 00:05:14] [SUCCESS] [credentials_saved] User: admin | Pré-matrícula ID: 233 | Details: Credenciais salvas: sadraquesilva893
[2025-12-10 00:05:16] [SUCCESS] [approval_complete] User: admin | Pré-matrícula ID: 233 | Details: Pré-matrícula aprovada e usuário criado: sadraquesilva893
[2025-12-10 00:05:30] [SUCCESS] [create_user_start] User: admin | Pré-matrícula ID: 232 | Details: Iniciando para mailansadrak@gmail.com no polo ava
[2025-12-10 00:05:30] [SUCCESS] [creating_new_user] User: admin | Pré-matrícula ID: 232 | Details: Criando usuário: mailansadrak
[2025-12-10 00:05:30] [SUCCESS] [moodle_create_user_attempt] User: admin | Details: Criando usuário: mailansadrak para email: mailansadrak@gmail.com
[2025-12-10 00:05:30] [SUCCESS] [moodle_create_user_success] User: admin | Details: Usuário criado com sucesso: mailansadrak (ID: 196)
[2025-12-10 00:05:30] [SUCCESS] [enrollment_success] User: admin | Details: Usuário 196 matriculado no curso 283
[2025-12-10 00:05:30] [SUCCESS] [credentials_saved] User: admin | Pré-matrícula ID: 232 | Details: Credenciais salvas: mailansadrak
[2025-12-10 00:05:32] [SUCCESS] [approval_complete] User: admin | Pré-matrícula ID: 232 | Details: Pré-matrícula aprovada e usuário criado: mailansadrak
[2025-12-10 12:52:58] [SUCCESS] [create_user_start] User: admin | Pré-matrícula ID: 234 | Details: Iniciando para katrianamachado3@gmail.com no polo ava
[2025-12-10 12:52:58] [SUCCESS] [creating_new_user] User: admin | Pré-matrícula ID: 234 | Details: Criando usuário: katrianamachado3
[2025-12-10 12:52:58] [SUCCESS] [moodle_create_user_attempt] User: admin | Details: Criando usuário: katrianamachado3 para email: katrianamachado3@gmail.com
[2025-12-10 12:52:58] [SUCCESS] [moodle_create_user_success] User: admin | Details: Usuário criado com sucesso: katrianamachado3 (ID: 197)
[2025-12-10 12:52:58] [SUCCESS] [enrollment_success] User: admin | Details: Usuário 197 matriculado no curso 283
[2025-12-10 12:52:58] [SUCCESS] [credentials_saved] User: admin | Pré-matrícula ID: 234 | Details: Credenciais salvas: katrianamachado3
[2025-12-10 12:53:01] [SUCCESS] [approval_complete] User: admin | Pré-matrícula ID: 234 | Details: Pré-matrícula aprovada e usuário criado: katrianamachado3
[2025-12-10 18:49:20] [SUCCESS] [create_user_start] User: admin | Pré-matrícula ID: 235 | Details: Iniciando para gracilapereira07@hotmail.com no polo ava
[2025-12-10 18:49:21] [SUCCESS] [creating_new_user] User: admin | Pré-matrícula ID: 235 | Details: Criando usuário: gracilapereira07
[2025-12-10 18:49:21] [SUCCESS] [moodle_create_user_attempt] User: admin | Details: Criando usuário: gracilapereira07 para email: gracilapereira07@hotmail.com
[2025-12-10 18:49:21] [SUCCESS] [moodle_create_user_success] User: admin | Details: Usuário criado com sucesso: gracilapereira07 (ID: 198)
[2025-12-10 18:49:22] [SUCCESS] [enrollment_success] User: admin | Details: Usuário 198 matriculado no curso 283
[2025-12-10 18:49:22] [SUCCESS] [credentials_saved] User: admin | Pré-matrícula ID: 235 | Details: Credenciais salvas: gracilapereira07
[2025-12-10 18:49:24] [SUCCESS] [approval_complete] User: admin | Pré-matrícula ID: 235 | Details: Pré-matrícula aprovada e usuário criado: gracilapereira07
[2025-12-12 16:28:57] [SUCCESS] [create_user_start] User: admin | Pré-matrícula ID: 236 | Details: Iniciando para alisongs998@gmail.com no polo ava
[2025-12-12 16:28:58] [SUCCESS] [creating_new_user] User: admin | Pré-matrícula ID: 236 | Details: Criando usuário: alisongs998
[2025-12-12 16:28:58] [SUCCESS] [moodle_create_user_attempt] User: admin | Details: Criando usuário: alisongs998 para email: alisongs998@gmail.com
[2025-12-12 16:28:58] [SUCCESS] [moodle_create_user_success] User: admin | Details: Usuário criado com sucesso: alisongs998 (ID: 200)
[2025-12-12 16:28:59] [SUCCESS] [enrollment_success] User: admin | Details: Usuário 200 matriculado no curso 283
[2025-12-12 16:28:59] [SUCCESS] [credentials_saved] User: admin | Pré-matrícula ID: 236 | Details: Credenciais salvas: alisongs998
[2025-12-12 16:29:02] [SUCCESS] [approval_complete] User: admin | Pré-matrícula ID: 236 | Details: Pré-matrícula aprovada e usuário criado: alisongs998
[2025-12-14 23:46:50] [SUCCESS] [create_user_start] User: admin | Pré-matrícula ID: 231 | Details: Iniciando para victorbjj49@gmail.com no polo ava
[2025-12-14 23:46:51] [SUCCESS] [creating_new_user] User: admin | Pré-matrícula ID: 231 | Details: Criando usuário: victorbjj49
[2025-12-14 23:46:51] [SUCCESS] [moodle_create_user_attempt] User: admin | Details: Criando usuário: victorbjj49 para email: victorbjj49@gmail.com
[2025-12-14 23:46:51] [SUCCESS] [moodle_create_user_success] User: admin | Details: Usuário criado com sucesso: victorbjj49 (ID: 201)
[2025-12-14 23:46:52] [SUCCESS] [enrollment_success] User: admin | Details: Usuário 201 matriculado no curso 2
[2025-12-14 23:46:53] [SUCCESS] [enrollment_success] User: admin | Details: Usuário 201 matriculado no curso 4
[2025-12-14 23:46:53] [SUCCESS] [enrollment_success] User: admin | Details: Usuário 201 matriculado no curso 5
[2025-12-14 23:46:53] [SUCCESS] [enrollment_success] User: admin | Details: Usuário 201 matriculado no curso 6
[2025-12-14 23:46:53] [SUCCESS] [enrollment_success] User: admin | Details: Usuário 201 matriculado no curso 7
[2025-12-14 23:46:54] [SUCCESS] [enrollment_success] User: admin | Details: Usuário 201 matriculado no curso 8
[2025-12-14 23:46:54] [SUCCESS] [enrollment_success] User: admin | Details: Usuário 201 matriculado no curso 9
[2025-12-14 23:46:54] [SUCCESS] [enrollment_success] User: admin | Details: Usuário 201 matriculado no curso 10
[2025-12-14 23:46:54] [SUCCESS] [enrollment_success] User: admin | Details: Usuário 201 matriculado no curso 280
[2025-12-14 23:46:54] [SUCCESS] [enrollment_success] User: admin | Details: Usuário 201 matriculado no curso 281
[2025-12-14 23:46:54] [SUCCESS] [enrollment_success] User: admin | Details: Usuário 201 matriculado no curso 11
[2025-12-14 23:46:54] [SUCCESS] [enrollment_success] User: admin | Details: Usuário 201 matriculado no curso 12
[2025-12-14 23:46:54] [SUCCESS] [enrollment_success] User: admin | Details: Usuário 201 matriculado no curso 13
[2025-12-14 23:46:54] [SUCCESS] [enrollment_success] User: admin | Details: Usuário 201 matriculado no curso 14
[2025-12-14 23:46:54] [SUCCESS] [enrollment_success] User: admin | Details: Usuário 201 matriculado no curso 15
[2025-12-14 23:46:55] [SUCCESS] [enrollment_success] User: admin | Details: Usuário 201 matriculado no curso 16
[2025-12-14 23:46:55] [SUCCESS] [enrollment_success] User: admin | Details: Usuário 201 matriculado no curso 17
[2025-12-14 23:46:55] [SUCCESS] [enrollment_success] User: admin | Details: Usuário 201 matriculado no curso 18
[2025-12-14 23:46:55] [SUCCESS] [enrollment_success] User: admin | Details: Usuário 201 matriculado no curso 19
[2025-12-14 23:46:55] [SUCCESS] [enrollment_success] User: admin | Details: Usuário 201 matriculado no curso 21
[2025-12-14 23:46:55] [SUCCESS] [enrollment_success] User: admin | Details: Usuário 201 matriculado no curso 22
[2025-12-14 23:46:55] [SUCCESS] [credentials_saved] User: admin | Pré-matrícula ID: 231 | Details: Credenciais salvas: victorbjj49
[2025-12-14 23:46:58] [SUCCESS] [approval_complete] User: admin | Pré-matrícula ID: 231 | Details: Pré-matrícula aprovada e usuário criado: victorbjj49
[2025-12-15 13:34:51] [SUCCESS] [create_user_start] User: admin | Pré-matrícula ID: 237 | Details: Iniciando para osvaldoandredornelas56@gmail.com no polo ava
[2025-12-15 13:34:51] [SUCCESS] [creating_new_user] User: admin | Pré-matrícula ID: 237 | Details: Criando usuário: osvaldoandredornelas56
[2025-12-15 13:34:51] [SUCCESS] [moodle_create_user_attempt] User: admin | Details: Criando usuário: osvaldoandredornelas56 para email: osvaldoandredornelas56@gmail.com
[2025-12-15 13:34:52] [SUCCESS] [moodle_create_user_success] User: admin | Details: Usuário criado com sucesso: osvaldoandredornelas56 (ID: 202)
[2025-12-15 13:34:52] [SUCCESS] [enrollment_success] User: admin | Details: Usuário 202 matriculado no curso 283
[2025-12-15 13:34:52] [SUCCESS] [credentials_saved] User: admin | Pré-matrícula ID: 237 | Details: Credenciais salvas: osvaldoandredornelas56
[2025-12-15 13:34:55] [SUCCESS] [approval_complete] User: admin | Pré-matrícula ID: 237 | Details: Pré-matrícula aprovada e usuário criado: osvaldoandredornelas56
[2025-12-15 23:23:55] [SUCCESS] [create_user_start] User: admin | Pré-matrícula ID: 238 | Details: Iniciando para emaillilianemp@gmail.com no polo ava
[2025-12-15 23:23:56] [SUCCESS] [creating_new_user] User: admin | Pré-matrícula ID: 238 | Details: Criando usuário: emaillilianemp
[2025-12-15 23:23:56] [SUCCESS] [moodle_create_user_attempt] User: admin | Details: Criando usuário: emaillilianemp para email: emaillilianemp@gmail.com
[2025-12-15 23:23:56] [SUCCESS] [moodle_create_user_success] User: admin | Details: Usuário criado com sucesso: emaillilianemp (ID: 203)
[2025-12-15 23:23:57] [SUCCESS] [enrollment_success] User: admin | Details: Usuário 203 matriculado no curso 282
[2025-12-15 23:23:57] [SUCCESS] [credentials_saved] User: admin | Pré-matrícula ID: 238 | Details: Credenciais salvas: emaillilianemp
[2025-12-15 23:24:00] [SUCCESS] [approval_complete] User: admin | Pré-matrícula ID: 238 | Details: Pré-matrícula aprovada e usuário criado: emaillilianemp
[2025-12-16 11:41:09] [SUCCESS] [create_user_start] User: admin | Pré-matrícula ID: 240 | Details: Iniciando para luizpaulinhopvl@hotmail.com no polo ava
[2025-12-16 11:41:10] [SUCCESS] [creating_new_user] User: admin | Pré-matrícula ID: 240 | Details: Criando usuário: luizpaulinhopvl
[2025-12-16 11:41:10] [SUCCESS] [moodle_create_user_attempt] User: admin | Details: Criando usuário: luizpaulinhopvl para email: luizpaulinhopvl@hotmail.com
[2025-12-16 11:41:10] [SUCCESS] [moodle_create_user_success] User: admin | Details: Usuário criado com sucesso: luizpaulinhopvl (ID: 204)
[2025-12-16 11:41:12] [SUCCESS] [enrollment_success] User: admin | Details: Usuário 204 matriculado no curso 92
[2025-12-16 11:41:12] [SUCCESS] [enrollment_success] User: admin | Details: Usuário 204 matriculado no curso 93
[2025-12-16 11:41:12] [SUCCESS] [enrollment_success] User: admin | Details: Usuário 204 matriculado no curso 94
[2025-12-16 11:41:12] [SUCCESS] [enrollment_success] User: admin | Details: Usuário 204 matriculado no curso 95
[2025-12-16 11:41:13] [SUCCESS] [enrollment_success] User: admin | Details: Usuário 204 matriculado no curso 96
[2025-12-16 11:41:13] [SUCCESS] [enrollment_success] User: admin | Details: Usuário 204 matriculado no curso 97
[2025-12-16 11:41:13] [SUCCESS] [enrollment_success] User: admin | Details: Usuário 204 matriculado no curso 98
[2025-12-16 11:41:13] [SUCCESS] [enrollment_success] User: admin | Details: Usuário 204 matriculado no curso 203
[2025-12-16 11:41:13] [SUCCESS] [enrollment_success] User: admin | Details: Usuário 204 matriculado no curso 204
[2025-12-16 11:41:14] [SUCCESS] [enrollment_success] User: admin | Details: Usuário 204 matriculado no curso 205
[2025-12-16 11:41:14] [SUCCESS] [enrollment_success] User: admin | Details: Usuário 204 matriculado no curso 206
[2025-12-16 11:41:14] [SUCCESS] [enrollment_success] User: admin | Details: Usuário 204 matriculado no curso 106
[2025-12-16 11:41:14] [SUCCESS] [enrollment_success] User: admin | Details: Usuário 204 matriculado no curso 107
[2025-12-16 11:41:14] [SUCCESS] [enrollment_success] User: admin | Details: Usuário 204 matriculado no curso 108
[2025-12-16 11:41:14] [SUCCESS] [enrollment_success] User: admin | Details: Usuário 204 matriculado no curso 109
[2025-12-16 11:41:14] [SUCCESS] [enrollment_success] User: admin | Details: Usuário 204 matriculado no curso 110
[2025-12-16 11:41:14] [SUCCESS] [enrollment_success] User: admin | Details: Usuário 204 matriculado no curso 111
[2025-12-16 11:41:15] [SUCCESS] [enrollment_success] User: admin | Details: Usuário 204 matriculado no curso 191
[2025-12-16 11:41:15] [SUCCESS] [enrollment_success] User: admin | Details: Usuário 204 matriculado no curso 192
[2025-12-16 11:41:15] [SUCCESS] [enrollment_success] User: admin | Details: Usuário 204 matriculado no curso 193
[2025-12-16 11:41:15] [SUCCESS] [enrollment_success] User: admin | Details: Usuário 204 matriculado no curso 194
[2025-12-16 11:41:15] [SUCCESS] [enrollment_success] User: admin | Details: Usuário 204 matriculado no curso 195
[2025-12-16 11:41:15] [SUCCESS] [enrollment_success] User: admin | Details: Usuário 204 matriculado no curso 196
[2025-12-16 11:41:15] [SUCCESS] [enrollment_success] User: admin | Details: Usuário 204 matriculado no curso 99
[2025-12-16 11:41:15] [SUCCESS] [enrollment_success] User: admin | Details: Usuário 204 matriculado no curso 100
[2025-12-16 11:41:15] [SUCCESS] [enrollment_success] User: admin | Details: Usuário 204 matriculado no curso 101
[2025-12-16 11:41:15] [SUCCESS] [enrollment_success] User: admin | Details: Usuário 204 matriculado no curso 102
[2025-12-16 11:41:15] [SUCCESS] [enrollment_success] User: admin | Details: Usuário 204 matriculado no curso 103
[2025-12-16 11:41:16] [SUCCESS] [enrollment_success] User: admin | Details: Usuário 204 matriculado no curso 104
[2025-12-16 11:41:16] [SUCCESS] [enrollment_success] User: admin | Details: Usuário 204 matriculado no curso 105
[2025-12-16 11:41:16] [SUCCESS] [enrollment_success] User: admin | Details: Usuário 204 matriculado no curso 198
[2025-12-16 11:41:16] [SUCCESS] [enrollment_success] User: admin | Details: Usuário 204 matriculado no curso 199
[2025-12-16 11:41:16] [SUCCESS] [enrollment_success] User: admin | Details: Usuário 204 matriculado no curso 200
[2025-12-16 11:41:16] [SUCCESS] [enrollment_success] User: admin | Details: Usuário 204 matriculado no curso 201
[2025-12-16 11:41:16] [SUCCESS] [enrollment_success] User: admin | Details: Usuário 204 matriculado no curso 202
[2025-12-16 11:41:16] [SUCCESS] [credentials_saved] User: admin | Pré-matrícula ID: 240 | Details: Credenciais salvas: luizpaulinhopvl
[2025-12-16 11:41:19] [SUCCESS] [approval_complete] User: admin | Pré-matrícula ID: 240 | Details: Pré-matrícula aprovada e usuário criado: luizpaulinhopvl
[2025-12-16 11:41:30] [SUCCESS] [create_user_start] User: admin | Pré-matrícula ID: 239 | Details: Iniciando para juniorperata82@gmail.com no polo ava
[2025-12-16 11:41:30] [SUCCESS] [creating_new_user] User: admin | Pré-matrícula ID: 239 | Details: Criando usuário: juniorperata82
[2025-12-16 11:41:30] [SUCCESS] [moodle_create_user_attempt] User: admin | Details: Criando usuário: juniorperata82 para email: juniorperata82@gmail.com
[2025-12-16 11:41:30] [SUCCESS] [moodle_create_user_success] User: admin | Details: Usuário criado com sucesso: juniorperata82 (ID: 205)
[2025-12-16 11:41:30] [SUCCESS] [enrollment_success] User: admin | Details: Usuário 205 matriculado no curso 65
[2025-12-16 11:41:30] [SUCCESS] [enrollment_success] User: admin | Details: Usuário 205 matriculado no curso 66
[2025-12-16 11:41:31] [SUCCESS] [enrollment_success] User: admin | Details: Usuário 205 matriculado no curso 67
[2025-12-16 11:41:31] [SUCCESS] [enrollment_success] User: admin | Details: Usuário 205 matriculado no curso 68
[2025-12-16 11:41:31] [SUCCESS] [enrollment_success] User: admin | Details: Usuário 205 matriculado no curso 70
[2025-12-16 11:41:31] [SUCCESS] [enrollment_success] User: admin | Details: Usuário 205 matriculado no curso 74
[2025-12-16 11:41:31] [SUCCESS] [enrollment_success] User: admin | Details: Usuário 205 matriculado no curso 72
[2025-12-16 11:41:31] [SUCCESS] [enrollment_success] User: admin | Details: Usuário 205 matriculado no curso 73
[2025-12-16 11:41:31] [SUCCESS] [enrollment_success] User: admin | Details: Usuário 205 matriculado no curso 75
[2025-12-16 11:41:31] [SUCCESS] [enrollment_success] User: admin | Details: Usuário 205 matriculado no curso 76
[2025-12-16 11:41:31] [SUCCESS] [enrollment_success] User: admin | Details: Usuário 205 matriculado no curso 77
[2025-12-16 11:41:31] [SUCCESS] [enrollment_success] User: admin | Details: Usuário 205 matriculado no curso 78
[2025-12-16 11:41:31] [SUCCESS] [enrollment_success] User: admin | Details: Usuário 205 matriculado no curso 87
[2025-12-16 11:41:31] [SUCCESS] [enrollment_success] User: admin | Details: Usuário 205 matriculado no curso 190
[2025-12-16 11:41:31] [SUCCESS] [enrollment_success] User: admin | Details: Usuário 205 matriculado no curso 79
[2025-12-16 11:41:31] [SUCCESS] [enrollment_success] User: admin | Details: Usuário 205 matriculado no curso 80
[2025-12-16 11:41:31] [SUCCESS] [enrollment_success] User: admin | Details: Usuário 205 matriculado no curso 81
[2025-12-16 11:41:31] [SUCCESS] [enrollment_success] User: admin | Details: Usuário 205 matriculado no curso 82
[2025-12-16 11:41:31] [SUCCESS] [enrollment_success] User: admin | Details: Usuário 205 matriculado no curso 83
[2025-12-16 11:41:31] [SUCCESS] [enrollment_success] User: admin | Details: Usuário 205 matriculado no curso 84
[2025-12-16 11:41:31] [SUCCESS] [enrollment_success] User: admin | Details: Usuário 205 matriculado no curso 85
[2025-12-16 11:41:31] [SUCCESS] [enrollment_success] User: admin | Details: Usuário 205 matriculado no curso 189
[2025-12-16 11:41:31] [SUCCESS] [credentials_saved] User: admin | Pré-matrícula ID: 239 | Details: Credenciais salvas: juniorperata82
[2025-12-16 11:41:34] [SUCCESS] [approval_complete] User: admin | Pré-matrícula ID: 239 | Details: Pré-matrícula aprovada e usuário criado: juniorperata82
[2025-12-16 13:11:49] [SUCCESS] [create_user_start] User: admin | Pré-matrícula ID: 241 | Details: Iniciando para vitorminera@gmail.com no polo ava
[2025-12-16 13:11:49] [SUCCESS] [creating_new_user] User: admin | Pré-matrícula ID: 241 | Details: Criando usuário: vitorminera
[2025-12-16 13:11:49] [SUCCESS] [moodle_create_user_attempt] User: admin | Details: Criando usuário: vitorminera para email: vitorminera@gmail.com
[2025-12-16 13:11:49] [SUCCESS] [moodle_create_user_success] User: admin | Details: Usuário criado com sucesso: vitorminera (ID: 206)
[2025-12-16 13:11:50] [SUCCESS] [enrollment_success] User: admin | Details: Usuário 206 matriculado no curso 65
[2025-12-16 13:11:51] [SUCCESS] [enrollment_success] User: admin | Details: Usuário 206 matriculado no curso 66
[2025-12-16 13:11:51] [SUCCESS] [enrollment_success] User: admin | Details: Usuário 206 matriculado no curso 67
[2025-12-16 13:11:51] [SUCCESS] [enrollment_success] User: admin | Details: Usuário 206 matriculado no curso 68
[2025-12-16 13:11:51] [SUCCESS] [enrollment_success] User: admin | Details: Usuário 206 matriculado no curso 70
[2025-12-16 13:11:51] [SUCCESS] [enrollment_success] User: admin | Details: Usuário 206 matriculado no curso 74
[2025-12-16 13:11:51] [SUCCESS] [enrollment_success] User: admin | Details: Usuário 206 matriculado no curso 72
[2025-12-16 13:11:52] [SUCCESS] [enrollment_success] User: admin | Details: Usuário 206 matriculado no curso 73
[2025-12-16 13:11:52] [SUCCESS] [enrollment_success] User: admin | Details: Usuário 206 matriculado no curso 75
[2025-12-16 13:11:52] [SUCCESS] [enrollment_success] User: admin | Details: Usuário 206 matriculado no curso 76
[2025-12-16 13:11:52] [SUCCESS] [enrollment_success] User: admin | Details: Usuário 206 matriculado no curso 77
[2025-12-16 13:11:52] [SUCCESS] [enrollment_success] User: admin | Details: Usuário 206 matriculado no curso 78
[2025-12-16 13:11:52] [SUCCESS] [enrollment_success] User: admin | Details: Usuário 206 matriculado no curso 87
[2025-12-16 13:11:53] [SUCCESS] [enrollment_success] User: admin | Details: Usuário 206 matriculado no curso 190
[2025-12-16 13:11:53] [SUCCESS] [enrollment_success] User: admin | Details: Usuário 206 matriculado no curso 79
[2025-12-16 13:11:53] [SUCCESS] [enrollment_success] User: admin | Details: Usuário 206 matriculado no curso 80
[2025-12-16 13:11:53] [SUCCESS] [enrollment_success] User: admin | Details: Usuário 206 matriculado no curso 81
[2025-12-16 13:11:53] [SUCCESS] [enrollment_success] User: admin | Details: Usuário 206 matriculado no curso 82
[2025-12-16 13:11:53] [SUCCESS] [enrollment_success] User: admin | Details: Usuário 206 matriculado no curso 83
[2025-12-16 13:11:53] [SUCCESS] [enrollment_success] User: admin | Details: Usuário 206 matriculado no curso 84
[2025-12-16 13:11:53] [SUCCESS] [enrollment_success] User: admin | Details: Usuário 206 matriculado no curso 85
[2025-12-16 13:11:53] [SUCCESS] [enrollment_success] User: admin | Details: Usuário 206 matriculado no curso 189
[2025-12-16 13:11:53] [SUCCESS] [credentials_saved] User: admin | Pré-matrícula ID: 241 | Details: Credenciais salvas: vitorminera
[2025-12-16 13:11:56] [SUCCESS] [approval_complete] User: admin | Pré-matrícula ID: 241 | Details: Pré-matrícula aprovada e usuário criado: vitorminera
[2025-12-17 14:17:41] [SUCCESS] [create_user_start] User: admin | Pré-matrícula ID: 242 | Details: Iniciando para agamenon.fh@hotmail.com no polo ava
[2025-12-17 14:17:42] [SUCCESS] [creating_new_user] User: admin | Pré-matrícula ID: 242 | Details: Criando usuário: agamenonfh
[2025-12-17 14:17:42] [SUCCESS] [moodle_create_user_attempt] User: admin | Details: Criando usuário: agamenonfh para email: agamenon.fh@hotmail.com
[2025-12-17 14:17:42] [SUCCESS] [moodle_create_user_success] User: admin | Details: Usuário criado com sucesso: agamenonfh (ID: 207)
[2025-12-17 14:17:42] [SUCCESS] [enrollment_success] User: admin | Details: Usuário 207 matriculado no curso 285
[2025-12-17 14:17:42] [SUCCESS] [credentials_saved] User: admin | Pré-matrícula ID: 242 | Details: Credenciais salvas: agamenonfh
[2025-12-17 14:17:45] [SUCCESS] [approval_complete] User: admin | Pré-matrícula ID: 242 | Details: Pré-matrícula aprovada e usuário criado: agamenonfh
[2025-12-18 20:28:48] [SUCCESS] [create_user_start] User: admin | Pré-matrícula ID: 243 | Details: Iniciando para Masatopires@hotmail.com no polo ava
[2025-12-18 20:28:48] [SUCCESS] [creating_new_user] User: admin | Pré-matrícula ID: 243 | Details: Criando usuário: masatopires
[2025-12-18 20:28:48] [SUCCESS] [moodle_create_user_attempt] User: admin | Details: Criando usuário: masatopires para email: masatopires@hotmail.com
[2025-12-18 20:28:48] [SUCCESS] [moodle_create_user_success] User: admin | Details: Usuário criado com sucesso: masatopires (ID: 208)
[2025-12-18 20:28:48] [SUCCESS] [enrollment_success] User: admin | Details: Usuário 208 matriculado no curso 286
[2025-12-18 20:28:48] [SUCCESS] [credentials_saved] User: admin | Pré-matrícula ID: 243 | Details: Credenciais salvas: masatopires
[2025-12-18 20:28:52] [SUCCESS] [approval_complete] User: admin | Pré-matrícula ID: 243 | Details: Pré-matrícula aprovada e usuário criado: masatopires
[2025-12-18 20:40:43] [SUCCESS] [create_user_start] User: admin | Pré-matrícula ID: 243 | Details: Iniciando para Masatopires@hotmail.com no polo ava
[2025-12-18 20:40:43] [SUCCESS] [update_password] User: admin | Details: Senha atualizada para usuário ID 208
[2025-12-18 20:40:43] [SUCCESS] [user_exists] User: admin | Pré-matrícula ID: 243 | Details: Reutilizando usuário: masatopires (ID: 208)
[2025-12-18 20:40:44] [SUCCESS] [enrollment_success] User: admin | Details: Usuário 208 matriculado no curso 286
[2025-12-18 20:40:44] [SUCCESS] [credentials_saved] User: admin | Pré-matrícula ID: 243 | Details: Credenciais salvas: masatopires
[2025-12-18 20:40:47] [SUCCESS] [approval_complete] User: admin | Pré-matrícula ID: 243 | Details: Pré-matrícula aprovada e usuário criado: masatopires
[2025-12-18 20:40:52] [SUCCESS] [create_user_start] User: admin | Pré-matrícula ID: 244 | Details: Iniciando para PSSANTANA031@GMAIL.COM no polo ava
[2025-12-18 20:40:52] [SUCCESS] [creating_new_user] User: admin | Pré-matrícula ID: 244 | Details: Criando usuário: pssantana031
[2025-12-18 20:40:52] [SUCCESS] [moodle_create_user_attempt] User: admin | Details: Criando usuário: pssantana031 para email: pssantana031@gmail.com
[2025-12-18 20:40:52] [SUCCESS] [moodle_create_user_success] User: admin | Details: Usuário criado com sucesso: pssantana031 (ID: 209)
[2025-12-18 20:40:53] [SUCCESS] [enrollment_success] User: admin | Details: Usuário 209 matriculado no curso 286
[2025-12-18 20:40:53] [SUCCESS] [credentials_saved] User: admin | Pré-matrícula ID: 244 | Details: Credenciais salvas: pssantana031
[2025-12-18 20:40:56] [SUCCESS] [approval_complete] User: admin | Pré-matrícula ID: 244 | Details: Pré-matrícula aprovada e usuário criado: pssantana031
[2025-12-18 20:56:08] [SUCCESS] [create_user_start] User: admin | Pré-matrícula ID: 244 | Details: Iniciando para PSSANTANA031@GMAIL.COM no polo ava
[2025-12-18 20:56:09] [SUCCESS] [update_password] User: admin | Details: Senha atualizada para usuário ID 209
[2025-12-18 20:56:09] [SUCCESS] [user_exists] User: admin | Pré-matrícula ID: 244 | Details: Reutilizando usuário: pssantana031 (ID: 209)
[2025-12-18 20:56:09] [SUCCESS] [enrollment_success] User: admin | Details: Usuário 209 matriculado no curso 286
[2025-12-18 20:56:09] [SUCCESS] [credentials_saved] User: admin | Pré-matrícula ID: 244 | Details: Credenciais salvas: pssantana031
[2025-12-18 20:56:12] [SUCCESS] [approval_complete] User: admin | Pré-matrícula ID: 244 | Details: Pré-matrícula aprovada e usuário criado: pssantana031
[2025-12-18 20:56:17] [SUCCESS] [create_user_start] User: admin | Pré-matrícula ID: 245 | Details: Iniciando para CharlesBarbosaal2237@gmail.com no polo ava
[2025-12-18 20:56:17] [SUCCESS] [creating_new_user] User: admin | Pré-matrícula ID: 245 | Details: Criando usuário: charlesbarbosaal2237
[2025-12-18 20:56:17] [SUCCESS] [moodle_create_user_attempt] User: admin | Details: Criando usuário: charlesbarbosaal2237 para email: charlesbarbosaal2237@gmail.com
[2025-12-18 20:56:17] [SUCCESS] [moodle_create_user_success] User: admin | Details: Usuário criado com sucesso: charlesbarbosaal2237 (ID: 210)
[2025-12-18 20:56:17] [SUCCESS] [enrollment_success] User: admin | Details: Usuário 210 matriculado no curso 285
[2025-12-18 20:56:17] [SUCCESS] [credentials_saved] User: admin | Pré-matrícula ID: 245 | Details: Credenciais salvas: charlesbarbosaal2237
[2025-12-18 20:56:20] [SUCCESS] [approval_complete] User: admin | Pré-matrícula ID: 245 | Details: Pré-matrícula aprovada e usuário criado: charlesbarbosaal2237
[2025-12-20 01:43:39] [SUCCESS] [create_user_start] User: admin | Pré-matrícula ID: 246 | Details: Iniciando para fernandohdjc017@gmail.com no polo ava
[2025-12-20 01:43:40] [SUCCESS] [creating_new_user] User: admin | Pré-matrícula ID: 246 | Details: Criando usuário: fernandohdjc017
[2025-12-20 01:43:40] [SUCCESS] [moodle_create_user_attempt] User: admin | Details: Criando usuário: fernandohdjc017 para email: fernandohdjc017@gmail.com
[2025-12-20 01:43:40] [SUCCESS] [moodle_create_user_success] User: admin | Details: Usuário criado com sucesso: fernandohdjc017 (ID: 211)
[2025-12-20 01:43:40] [SUCCESS] [enrollment_success] User: admin | Details: Usuário 211 matriculado no curso 285
[2025-12-20 01:43:40] [SUCCESS] [credentials_saved] User: admin | Pré-matrícula ID: 246 | Details: Credenciais salvas: fernandohdjc017
[2025-12-20 01:43:43] [SUCCESS] [approval_complete] User: admin | Pré-matrícula ID: 246 | Details: Pré-matrícula aprovada e usuário criado: fernandohdjc017
[2025-12-22 14:04:09] [SUCCESS] [create_user_start] User: admin | Pré-matrícula ID: 247 | Details: Iniciando para yori.skull99@gmail.com no polo ava
[2025-12-22 14:04:10] [SUCCESS] [creating_new_user] User: admin | Pré-matrícula ID: 247 | Details: Criando usuário: yoriskull99
[2025-12-22 14:04:10] [SUCCESS] [moodle_create_user_attempt] User: admin | Details: Criando usuário: yoriskull99 para email: yori.skull99@gmail.com
[2025-12-22 14:04:10] [SUCCESS] [moodle_create_user_success] User: admin | Details: Usuário criado com sucesso: yoriskull99 (ID: 212)
[2025-12-22 14:04:12] [SUCCESS] [enrollment_success] User: admin | Details: Usuário 212 matriculado no curso 112
[2025-12-22 14:04:12] [SUCCESS] [enrollment_success] User: admin | Details: Usuário 212 matriculado no curso 113
[2025-12-22 14:04:13] [SUCCESS] [enrollment_success] User: admin | Details: Usuário 212 matriculado no curso 114
[2025-12-22 14:04:13] [SUCCESS] [enrollment_success] User: admin | Details: Usuário 212 matriculado no curso 116
[2025-12-22 14:04:13] [SUCCESS] [enrollment_success] User: admin | Details: Usuário 212 matriculado no curso 117
[2025-12-22 14:04:13] [SUCCESS] [enrollment_success] User: admin | Details: Usuário 212 matriculado no curso 207
[2025-12-22 14:04:14] [SUCCESS] [enrollment_success] User: admin | Details: Usuário 212 matriculado no curso 218
[2025-12-22 14:04:14] [SUCCESS] [enrollment_success] User: admin | Details: Usuário 212 matriculado no curso 219
[2025-12-22 14:04:14] [SUCCESS] [enrollment_success] User: admin | Details: Usuário 212 matriculado no curso 221
[2025-12-22 14:04:14] [SUCCESS] [enrollment_success] User: admin | Details: Usuário 212 matriculado no curso 222
[2025-12-22 14:04:14] [SUCCESS] [enrollment_success] User: admin | Details: Usuário 212 matriculado no curso 278
[2025-12-22 14:04:15] [SUCCESS] [enrollment_success] User: admin | Details: Usuário 212 matriculado no curso 208
[2025-12-22 14:04:15] [SUCCESS] [enrollment_success] User: admin | Details: Usuário 212 matriculado no curso 210
[2025-12-22 14:04:15] [SUCCESS] [enrollment_success] User: admin | Details: Usuário 212 matriculado no curso 211
[2025-12-22 14:04:15] [SUCCESS] [enrollment_success] User: admin | Details: Usuário 212 matriculado no curso 212
[2025-12-22 14:04:15] [SUCCESS] [enrollment_success] User: admin | Details: Usuário 212 matriculado no curso 214
[2025-12-22 14:04:15] [SUCCESS] [enrollment_success] User: admin | Details: Usuário 212 matriculado no curso 216
[2025-12-22 14:04:15] [SUCCESS] [enrollment_success] User: admin | Details: Usuário 212 matriculado no curso 217
[2025-12-22 14:04:15] [SUCCESS] [enrollment_success] User: admin | Details: Usuário 212 matriculado no curso 279
[2025-12-22 14:04:15] [SUCCESS] [credentials_saved] User: admin | Pré-matrícula ID: 247 | Details: Credenciais salvas: yoriskull99
[2025-12-22 14:04:18] [SUCCESS] [approval_complete] User: admin | Pré-matrícula ID: 247 | Details: Pré-matrícula aprovada e usuário criado: yoriskull99
[2025-12-22 23:16:34] [SUCCESS] [create_user_start] User: admin | Pré-matrícula ID: 230 | Details: Iniciando para alannejs@gmail.com no polo ava
[2025-12-22 23:16:34] [SUCCESS] [creating_new_user] User: admin | Pré-matrícula ID: 230 | Details: Criando usuário: alannejs
[2025-12-22 23:16:34] [SUCCESS] [moodle_create_user_attempt] User: admin | Details: Criando usuário: alannejs para email: alannejs@gmail.com
[2025-12-22 23:16:34] [SUCCESS] [moodle_create_user_success] User: admin | Details: Usuário criado com sucesso: alannejs (ID: 213)
[2025-12-22 23:16:35] [SUCCESS] [enrollment_success] User: admin | Details: Usuário 213 matriculado no curso 2
[2025-12-22 23:16:35] [SUCCESS] [enrollment_success] User: admin | Details: Usuário 213 matriculado no curso 4
[2025-12-22 23:16:35] [SUCCESS] [enrollment_success] User: admin | Details: Usuário 213 matriculado no curso 5
[2025-12-22 23:16:35] [SUCCESS] [enrollment_success] User: admin | Details: Usuário 213 matriculado no curso 6
[2025-12-22 23:16:35] [SUCCESS] [enrollment_success] User: admin | Details: Usuário 213 matriculado no curso 7
[2025-12-22 23:16:35] [SUCCESS] [enrollment_success] User: admin | Details: Usuário 213 matriculado no curso 8
[2025-12-22 23:16:35] [SUCCESS] [enrollment_success] User: admin | Details: Usuário 213 matriculado no curso 9
[2025-12-22 23:16:35] [SUCCESS] [enrollment_success] User: admin | Details: Usuário 213 matriculado no curso 10
[2025-12-22 23:16:35] [SUCCESS] [enrollment_success] User: admin | Details: Usuário 213 matriculado no curso 280
[2025-12-22 23:16:35] [SUCCESS] [enrollment_success] User: admin | Details: Usuário 213 matriculado no curso 281
[2025-12-22 23:16:35] [SUCCESS] [enrollment_success] User: admin | Details: Usuário 213 matriculado no curso 11
[2025-12-22 23:16:35] [SUCCESS] [enrollment_success] User: admin | Details: Usuário 213 matriculado no curso 12
[2025-12-22 23:16:35] [SUCCESS] [enrollment_success] User: admin | Details: Usuário 213 matriculado no curso 13
[2025-12-22 23:16:35] [SUCCESS] [enrollment_success] User: admin | Details: Usuário 213 matriculado no curso 14
[2025-12-22 23:16:36] [SUCCESS] [enrollment_success] User: admin | Details: Usuário 213 matriculado no curso 15
[2025-12-22 23:16:36] [SUCCESS] [enrollment_success] User: admin | Details: Usuário 213 matriculado no curso 16
[2025-12-22 23:16:36] [SUCCESS] [enrollment_success] User: admin | Details: Usuário 213 matriculado no curso 17
[2025-12-22 23:16:36] [SUCCESS] [enrollment_success] User: admin | Details: Usuário 213 matriculado no curso 18
[2025-12-22 23:16:36] [SUCCESS] [enrollment_success] User: admin | Details: Usuário 213 matriculado no curso 19
[2025-12-22 23:16:36] [SUCCESS] [enrollment_success] User: admin | Details: Usuário 213 matriculado no curso 21
[2025-12-22 23:16:36] [SUCCESS] [enrollment_success] User: admin | Details: Usuário 213 matriculado no curso 22
[2025-12-22 23:16:36] [SUCCESS] [credentials_saved] User: admin | Pré-matrícula ID: 230 | Details: Credenciais salvas: alannejs
[2025-12-22 23:16:39] [SUCCESS] [approval_complete] User: admin | Pré-matrícula ID: 230 | Details: Pré-matrícula aprovada e usuário criado: alannejs
[2025-12-23 17:31:32] [SUCCESS] [credentials_resent] User: admin | Pré-matrícula ID: 246 | Details: Credenciais reenviadas para fernandohdjc017@gmail.com
[2025-12-23 17:31:34] [SUCCESS] [credentials_resent] User: admin | Pré-matrícula ID: 246 | Details: Credenciais reenviadas para fernandohdjc017@gmail.com
[2025-12-26 17:24:25] [SUCCESS] [create_user_start] User: admin | Pré-matrícula ID: 249 | Details: Iniciando para antoniojosealves30132@gmail.com no polo ava
[2025-12-26 17:24:26] [SUCCESS] [creating_new_user] User: admin | Pré-matrícula ID: 249 | Details: Criando usuário: antoniojosealves30132
[2025-12-26 17:24:26] [SUCCESS] [moodle_create_user_attempt] User: admin | Details: Criando usuário: antoniojosealves30132 para email: antoniojosealves30132@gmail.com
[2025-12-26 17:24:26] [SUCCESS] [moodle_create_user_success] User: admin | Details: Usuário criado com sucesso: antoniojosealves30132 (ID: 214)
[2025-12-26 17:24:26] [SUCCESS] [enrollment_success] User: admin | Details: Usuário 214 matriculado no curso 288
[2025-12-26 17:24:26] [SUCCESS] [credentials_saved] User: admin | Pré-matrícula ID: 249 | Details: Credenciais salvas: antoniojosealves30132
[2025-12-26 17:24:29] [SUCCESS] [approval_complete] User: admin | Pré-matrícula ID: 249 | Details: Pré-matrícula aprovada e usuário criado: antoniojosealves30132
[2026-01-02 17:52:43] [SUCCESS] [create_user_start] User: admin | Pré-matrícula ID: 252 | Details: Iniciando para soluto.educacional@gmail.com no polo ava
[2026-01-02 17:52:43] [SUCCESS] [creating_new_user] User: admin | Pré-matrícula ID: 252 | Details: Criando usuário: solutoeducacional
[2026-01-02 17:52:43] [SUCCESS] [moodle_create_user_attempt] User: admin | Details: Criando usuário: solutoeducacional para email: soluto.educacional@gmail.com
[2026-01-02 17:52:44] [SUCCESS] [moodle_create_user_success] User: admin | Details: Usuário criado com sucesso: solutoeducacional (ID: 217)
[2026-01-02 17:52:45] [SUCCESS] [enrollment_success] User: admin | Details: Usuário 217 matriculado no curso 289
[2026-01-02 17:52:45] [SUCCESS] [credentials_saved] User: admin | Pré-matrícula ID: 252 | Details: Credenciais salvas: solutoeducacional
[2026-01-02 17:52:47] [SUCCESS] [approval_complete] User: admin | Pré-matrícula ID: 252 | Details: Pré-matrícula aprovada e usuário criado: solutoeducacional
[2026-01-02 20:10:50] [SUCCESS] [create_user_start] User: admin | Pré-matrícula ID: 254 | Details: Iniciando para Enfermeirabcdosreis@gmail.com no polo ava
[2026-01-02 20:10:50] [SUCCESS] [creating_new_user] User: admin | Pré-matrícula ID: 254 | Details: Criando usuário: enfermeirabcdosreis
[2026-01-02 20:10:50] [SUCCESS] [moodle_create_user_attempt] User: admin | Details: Criando usuário: enfermeirabcdosreis para email: enfermeirabcdosreis@gmail.com
[2026-01-02 20:10:50] [SUCCESS] [moodle_create_user_success] User: admin | Details: Usuário criado com sucesso: enfermeirabcdosreis (ID: 218)
[2026-01-02 20:10:50] [SUCCESS] [enrollment_success] User: admin | Details: Usuário 218 matriculado no curso 291
[2026-01-02 20:10:50] [SUCCESS] [credentials_saved] User: admin | Pré-matrícula ID: 254 | Details: Credenciais salvas: enfermeirabcdosreis
[2026-01-02 20:10:53] [SUCCESS] [approval_complete] User: admin | Pré-matrícula ID: 254 | Details: Pré-matrícula aprovada e usuário criado: enfermeirabcdosreis
[2026-01-06 12:49:21] [SUCCESS] [create_user_start] User: admin | Pré-matrícula ID: 251 | Details: Iniciando para tsantoslima638@gmail.com no polo ava
[2026-01-06 12:49:22] [SUCCESS] [creating_new_user] User: admin | Pré-matrícula ID: 251 | Details: Criando usuário: tsantoslima638
[2026-01-06 12:49:22] [SUCCESS] [moodle_create_user_attempt] User: admin | Details: Criando usuário: tsantoslima638 para email: tsantoslima638@gmail.com
[2026-01-06 12:49:22] [SUCCESS] [moodle_create_user_success] User: admin | Details: Usuário criado com sucesso: tsantoslima638 (ID: 219)
[2026-01-06 12:49:24] [SUCCESS] [enrollment_success] User: admin | Details: Usuário 219 matriculado no curso 112
[2026-01-06 12:49:24] [SUCCESS] [enrollment_success] User: admin | Details: Usuário 219 matriculado no curso 113
[2026-01-06 12:49:24] [SUCCESS] [enrollment_success] User: admin | Details: Usuário 219 matriculado no curso 114
[2026-01-06 12:49:25] [SUCCESS] [enrollment_success] User: admin | Details: Usuário 219 matriculado no curso 116
[2026-01-06 12:49:25] [SUCCESS] [enrollment_success] User: admin | Details: Usuário 219 matriculado no curso 117
[2026-01-06 12:49:25] [SUCCESS] [enrollment_success] User: admin | Details: Usuário 219 matriculado no curso 207
[2026-01-06 12:49:25] [SUCCESS] [enrollment_success] User: admin | Details: Usuário 219 matriculado no curso 218
[2026-01-06 12:49:26] [SUCCESS] [enrollment_success] User: admin | Details: Usuário 219 matriculado no curso 219
[2026-01-06 12:49:26] [SUCCESS] [enrollment_success] User: admin | Details: Usuário 219 matriculado no curso 221
[2026-01-06 12:49:26] [SUCCESS] [enrollment_success] User: admin | Details: Usuário 219 matriculado no curso 222
[2026-01-06 12:49:26] [SUCCESS] [enrollment_success] User: admin | Details: Usuário 219 matriculado no curso 278
[2026-01-06 12:49:26] [SUCCESS] [enrollment_success] User: admin | Details: Usuário 219 matriculado no curso 208
[2026-01-06 12:49:27] [SUCCESS] [enrollment_success] User: admin | Details: Usuário 219 matriculado no curso 210
[2026-01-06 12:49:27] [SUCCESS] [enrollment_success] User: admin | Details: Usuário 219 matriculado no curso 211
[2026-01-06 12:49:27] [SUCCESS] [enrollment_success] User: admin | Details: Usuário 219 matriculado no curso 212
[2026-01-06 12:49:27] [SUCCESS] [enrollment_success] User: admin | Details: Usuário 219 matriculado no curso 214
[2026-01-06 12:49:27] [SUCCESS] [enrollment_success] User: admin | Details: Usuário 219 matriculado no curso 216
[2026-01-06 12:49:27] [SUCCESS] [enrollment_success] User: admin | Details: Usuário 219 matriculado no curso 217
[2026-01-06 12:49:27] [SUCCESS] [enrollment_success] User: admin | Details: Usuário 219 matriculado no curso 279
[2026-01-06 12:49:27] [SUCCESS] [credentials_saved] User: admin | Pré-matrícula ID: 251 | Details: Credenciais salvas: tsantoslima638
[2026-01-06 12:49:31] [SUCCESS] [approval_complete] User: admin | Pré-matrícula ID: 251 | Details: Pré-matrícula aprovada e usuário criado: tsantoslima638
[2026-01-08 16:05:53] [SUCCESS] [create_user_start] User: admin | Pré-matrícula ID: 257 | Details: Iniciando para josielerochapantoja078@gmail.com no polo ava
[2026-01-08 16:05:53] [SUCCESS] [creating_new_user] User: admin | Pré-matrícula ID: 257 | Details: Criando usuário: josielerochapantoja078
[2026-01-08 16:05:54] [SUCCESS] [moodle_create_user_attempt] User: admin | Details: Criando usuário: josielerochapantoja078 para email: josielerochapantoja078@gmail.com
[2026-01-08 16:05:54] [SUCCESS] [moodle_create_user_success] User: admin | Details: Usuário criado com sucesso: josielerochapantoja078 (ID: 220)
[2026-01-08 16:05:56] [SUCCESS] [enrollment_success] User: admin | Details: Usuário 220 matriculado no curso 2
[2026-01-08 16:05:56] [SUCCESS] [enrollment_success] User: admin | Details: Usuário 220 matriculado no curso 4
[2026-01-08 16:05:57] [SUCCESS] [enrollment_success] User: admin | Details: Usuário 220 matriculado no curso 5
[2026-01-08 16:05:57] [SUCCESS] [enrollment_success] User: admin | Details: Usuário 220 matriculado no curso 6
[2026-01-08 16:05:57] [SUCCESS] [enrollment_success] User: admin | Details: Usuário 220 matriculado no curso 7
[2026-01-08 16:05:57] [SUCCESS] [enrollment_success] User: admin | Details: Usuário 220 matriculado no curso 8
[2026-01-08 16:05:58] [SUCCESS] [enrollment_success] User: admin | Details: Usuário 220 matriculado no curso 9
[2026-01-08 16:05:58] [SUCCESS] [enrollment_success] User: admin | Details: Usuário 220 matriculado no curso 10
[2026-01-08 16:05:58] [SUCCESS] [enrollment_success] User: admin | Details: Usuário 220 matriculado no curso 280
[2026-01-08 16:05:58] [SUCCESS] [enrollment_success] User: admin | Details: Usuário 220 matriculado no curso 281
[2026-01-08 16:05:58] [SUCCESS] [enrollment_success] User: admin | Details: Usuário 220 matriculado no curso 11
[2026-01-08 16:05:58] [SUCCESS] [enrollment_success] User: admin | Details: Usuário 220 matriculado no curso 12
[2026-01-08 16:05:59] [SUCCESS] [enrollment_success] User: admin | Details: Usuário 220 matriculado no curso 13
[2026-01-08 16:05:59] [SUCCESS] [enrollment_success] User: admin | Details: Usuário 220 matriculado no curso 14
[2026-01-08 16:05:59] [SUCCESS] [enrollment_success] User: admin | Details: Usuário 220 matriculado no curso 15
[2026-01-08 16:05:59] [SUCCESS] [enrollment_success] User: admin | Details: Usuário 220 matriculado no curso 16
[2026-01-08 16:05:59] [SUCCESS] [enrollment_success] User: admin | Details: Usuário 220 matriculado no curso 17
[2026-01-08 16:05:59] [SUCCESS] [enrollment_success] User: admin | Details: Usuário 220 matriculado no curso 18
[2026-01-08 16:05:59] [SUCCESS] [enrollment_success] User: admin | Details: Usuário 220 matriculado no curso 19
[2026-01-08 16:05:59] [SUCCESS] [enrollment_success] User: admin | Details: Usuário 220 matriculado no curso 21
[2026-01-08 16:05:59] [SUCCESS] [enrollment_success] User: admin | Details: Usuário 220 matriculado no curso 22
[2026-01-08 16:05:59] [SUCCESS] [credentials_saved] User: admin | Pré-matrícula ID: 257 | Details: Credenciais salvas: josielerochapantoja078
[2026-01-08 16:06:02] [SUCCESS] [approval_complete] User: admin | Pré-matrícula ID: 257 | Details: Pré-matrícula aprovada e usuário criado: josielerochapantoja078
[2026-01-10 01:30:03] [SUCCESS] [create_user_start] User: admin | Pré-matrícula ID: 262 | Details: Iniciando para euzebiocunha@gmail.com no polo ava
[2026-01-10 01:30:05] [SUCCESS] [creating_new_user] User: admin | Pré-matrícula ID: 262 | Details: Criando usuário: euzebiocunha
[2026-01-10 01:30:05] [SUCCESS] [moodle_create_user_attempt] User: admin | Details: Criando usuário: euzebiocunha para email: euzebiocunha@gmail.com
[2026-01-10 01:30:06] [SUCCESS] [moodle_create_user_success] User: admin | Details: Usuário criado com sucesso: euzebiocunha (ID: 222)
[2026-01-10 01:30:06] [SUCCESS] [enrollment_success] User: admin | Details: Usuário 222 matriculado no curso 282
[2026-01-10 01:30:06] [SUCCESS] [credentials_saved] User: admin | Pré-matrícula ID: 262 | Details: Credenciais salvas: euzebiocunha
[2026-01-10 01:30:10] [SUCCESS] [approval_complete] User: admin | Pré-matrícula ID: 262 | Details: Pré-matrícula aprovada e usuário criado: euzebiocunha
[2026-01-10 21:01:16] [SUCCESS] [create_user_start] User: admin | Pré-matrícula ID: 263 | Details: Iniciando para danielsantos1583@gmail.com no polo ava
[2026-01-10 21:01:17] [SUCCESS] [creating_new_user] User: admin | Pré-matrícula ID: 263 | Details: Criando usuário: danielsantos1583
[2026-01-10 21:01:17] [SUCCESS] [moodle_create_user_attempt] User: admin | Details: Criando usuário: danielsantos1583 para email: danielsantos1583@gmail.com
[2026-01-10 21:01:17] [SUCCESS] [moodle_create_user_success] User: admin | Details: Usuário criado com sucesso: danielsantos1583 (ID: 223)
[2026-01-10 21:01:18] [SUCCESS] [enrollment_success] User: admin | Details: Usuário 223 matriculado no curso 342
[2026-01-10 21:01:18] [SUCCESS] [credentials_saved] User: admin | Pré-matrícula ID: 263 | Details: Credenciais salvas: danielsantos1583
[2026-01-10 21:01:19] [SUCCESS] [create_user_start] User: admin | Pré-matrícula ID: 263 | Details: Iniciando para danielsantos1583@gmail.com no polo ava
[2026-01-10 21:01:19] [SUCCESS] [update_password] User: admin | Details: Senha atualizada para usuário ID 223
[2026-01-10 21:01:19] [SUCCESS] [user_exists] User: admin | Pré-matrícula ID: 263 | Details: Reutilizando usuário: danielsantos1583 (ID: 223)
[2026-01-10 21:01:20] [SUCCESS] [enrollment_success] User: admin | Details: Usuário 223 matriculado no curso 342
[2026-01-10 21:01:20] [SUCCESS] [credentials_saved] User: admin | Pré-matrícula ID: 263 | Details: Credenciais salvas: danielsantos1583
[2026-01-10 21:01:20] [SUCCESS] [approval_complete] User: admin | Pré-matrícula ID: 263 | Details: Pré-matrícula aprovada e usuário criado: danielsantos1583
[2026-01-10 21:01:22] [SUCCESS] [approval_complete] User: admin | Pré-matrícula ID: 263 | Details: Pré-matrícula aprovada e usuário criado: danielsantos1583
[2026-01-12 18:14:59] [SUCCESS] [create_user_start] User: admin | Pré-matrícula ID: 264 | Details: Iniciando para Lorival.nlopes@gmail.com no polo ava
[2026-01-12 18:14:59] [SUCCESS] [creating_new_user] User: admin | Pré-matrícula ID: 264 | Details: Criando usuário: lorivalnlopes
[2026-01-12 18:14:59] [SUCCESS] [moodle_create_user_attempt] User: admin | Details: Criando usuário: lorivalnlopes para email: lorival.nlopes@gmail.com
[2026-01-12 18:14:59] [SUCCESS] [moodle_create_user_success] User: admin | Details: Usuário criado com sucesso: lorivalnlopes (ID: 224)
[2026-01-12 18:15:00] [SUCCESS] [enrollment_success] User: admin | Details: Usuário 224 matriculado no curso 285
[2026-01-12 18:15:00] [SUCCESS] [credentials_saved] User: admin | Pré-matrícula ID: 264 | Details: Credenciais salvas: lorivalnlopes
[2026-01-12 18:15:03] [SUCCESS] [create_user_start] User: admin | Pré-matrícula ID: 264 | Details: Iniciando para Lorival.nlopes@gmail.com no polo ava
[2026-01-12 18:15:03] [SUCCESS] [approval_complete] User: admin | Pré-matrícula ID: 264 | Details: Pré-matrícula aprovada e usuário criado: lorivalnlopes
[2026-01-12 18:15:04] [SUCCESS] [update_password] User: admin | Details: Senha atualizada para usuário ID 224
[2026-01-12 18:15:04] [SUCCESS] [user_exists] User: admin | Pré-matrícula ID: 264 | Details: Reutilizando usuário: lorivalnlopes (ID: 224)
[2026-01-12 18:15:04] [SUCCESS] [enrollment_success] User: admin | Details: Usuário 224 matriculado no curso 285
[2026-01-12 18:15:04] [SUCCESS] [credentials_saved] User: admin | Pré-matrícula ID: 264 | Details: Credenciais salvas: lorivalnlopes
[2026-01-12 18:15:07] [SUCCESS] [approval_complete] User: admin | Pré-matrícula ID: 264 | Details: Pré-matrícula aprovada e usuário criado: lorivalnlopes
[2026-01-12 18:43:03] [SUCCESS] [create_user_start] User: admin | Pré-matrícula ID: 264 | Details: Iniciando para Lorival.nlopes@gmail.com no polo ava
[2026-01-12 18:43:03] [SUCCESS] [creating_new_user] User: admin | Pré-matrícula ID: 264 | Details: Criando usuário: lorivalnlopes
[2026-01-12 18:43:03] [SUCCESS] [moodle_create_user_attempt] User: admin | Details: Criando usuário: lorivalnlopes para email: lorival.nlopes@gmail.com
[2026-01-12 18:43:03] [SUCCESS] [moodle_create_user_success] User: admin | Details: Usuário criado com sucesso: lorivalnlopes (ID: 225)
[2026-01-12 18:43:03] [SUCCESS] [enrollment_success] User: admin | Details: Usuário 225 matriculado no curso 285
[2026-01-12 18:43:03] [SUCCESS] [credentials_saved] User: admin | Pré-matrícula ID: 264 | Details: Credenciais salvas: lorivalnlopes
[2026-01-12 18:43:07] [SUCCESS] [approval_complete] User: admin | Pré-matrícula ID: 264 | Details: Pré-matrícula aprovada e usuário criado: lorivalnlopes
[2026-01-12 18:43:16] [SUCCESS] [create_user_start] User: admin | Pré-matrícula ID: 265 | Details: Iniciando para Lorival.nlopes@gmail.com no polo ava
[2026-01-12 18:43:16] [SUCCESS] [update_password] User: admin | Details: Senha atualizada para usuário ID 225
[2026-01-12 18:43:16] [SUCCESS] [user_exists] User: admin | Pré-matrícula ID: 265 | Details: Reutilizando usuário: lorivalnlopes (ID: 225)
[2026-01-12 18:43:16] [SUCCESS] [enrollment_success] User: admin | Details: Usuário 225 matriculado no curso 282
[2026-01-12 18:43:16] [SUCCESS] [credentials_saved] User: admin | Pré-matrícula ID: 265 | Details: Credenciais salvas: lorivalnlopes
[2026-01-12 18:43:20] [SUCCESS] [approval_complete] User: admin | Pré-matrícula ID: 265 | Details: Pré-matrícula aprovada e usuário criado: lorivalnlopes
[2026-01-12 18:45:38] [SUCCESS] [create_user_start] User: admin | Pré-matrícula ID: 265 | Details: Iniciando para Lorival.nlopes@gmail.com no polo ava
[2026-01-12 18:45:38] [SUCCESS] [creating_new_user] User: admin | Pré-matrícula ID: 265 | Details: Criando usuário: lorivalnlopes
[2026-01-12 18:45:38] [SUCCESS] [moodle_create_user_attempt] User: admin | Details: Criando usuário: lorivalnlopes para email: lorival.nlopes@gmail.com
[2026-01-12 18:45:38] [SUCCESS] [moodle_create_user_success] User: admin | Details: Usuário criado com sucesso: lorivalnlopes (ID: 226)
[2026-01-12 18:45:38] [SUCCESS] [enrollment_success] User: admin | Details: Usuário 226 matriculado no curso 282
[2026-01-12 18:45:38] [SUCCESS] [credentials_saved] User: admin | Pré-matrícula ID: 265 | Details: Credenciais salvas: lorivalnlopes
[2026-01-12 18:45:42] [SUCCESS] [approval_complete] User: admin | Pré-matrícula ID: 265 | Details: Pré-matrícula aprovada e usuário criado: lorivalnlopes
[2026-01-12 18:45:46] [SUCCESS] [create_user_start] User: admin | Pré-matrícula ID: 265 | Details: Iniciando para Lorival.nlopes@gmail.com no polo ava
[2026-01-12 18:45:46] [SUCCESS] [update_password] User: admin | Details: Senha atualizada para usuário ID 226
[2026-01-12 18:45:46] [SUCCESS] [user_exists] User: admin | Pré-matrícula ID: 265 | Details: Reutilizando usuário: lorivalnlopes (ID: 226)
[2026-01-12 18:45:46] [SUCCESS] [enrollment_success] User: admin | Details: Usuário 226 matriculado no curso 282
[2026-01-12 18:45:46] [SUCCESS] [credentials_saved] User: admin | Pré-matrícula ID: 265 | Details: Credenciais salvas: lorivalnlopes
[2026-01-12 18:45:51] [SUCCESS] [approval_complete] User: admin | Pré-matrícula ID: 265 | Details: Pré-matrícula aprovada e usuário criado: lorivalnlopes
[2026-01-12 18:49:35] [SUCCESS] [create_user_start] User: admin | Pré-matrícula ID: 265 | Details: Iniciando para Lorival.nlopes@gmail.com no polo ava
[2026-01-12 18:49:35] [SUCCESS] [creating_new_user] User: admin | Pré-matrícula ID: 265 | Details: Criando usuário: lorivalnlopes
[2026-01-12 18:49:35] [SUCCESS] [moodle_create_user_attempt] User: admin | Details: Criando usuário: lorivalnlopes para email: lorival.nlopes@gmail.com
[2026-01-12 18:49:35] [SUCCESS] [moodle_create_user_success] User: admin | Details: Usuário criado com sucesso: lorivalnlopes (ID: 227)
[2026-01-12 18:49:36] [SUCCESS] [enrollment_success] User: admin | Details: Usuário 227 matriculado no curso 282
[2026-01-12 18:49:36] [SUCCESS] [credentials_saved] User: admin | Pré-matrícula ID: 265 | Details: Credenciais salvas: lorivalnlopes
[2026-01-12 18:49:38] [SUCCESS] [approval_complete] User: admin | Pré-matrícula ID: 265 | Details: Pré-matrícula aprovada e usuário criado: lorivalnlopes
[2026-01-12 19:02:45] [SUCCESS] [create_user_start] User: admin | Pré-matrícula ID: 265 | Details: Iniciando para Lorival.nlopes@gmail.com no polo ava
[2026-01-12 19:02:45] [SUCCESS] [update_password] User: admin | Details: Senha atualizada para usuário ID 228
[2026-01-12 19:02:45] [SUCCESS] [user_exists] User: admin | Pré-matrícula ID: 265 | Details: Reutilizando usuário: lorivalnlopes (ID: 228)
[2026-01-12 19:02:45] [SUCCESS] [enrollment_success] User: admin | Details: Usuário 228 matriculado no curso 282
[2026-01-12 19:02:45] [SUCCESS] [credentials_saved] User: admin | Pré-matrícula ID: 265 | Details: Credenciais salvas: lorivalnlopes
[2026-01-12 19:02:49] [SUCCESS] [approval_complete] User: admin | Pré-matrícula ID: 265 | Details: Pré-matrícula aprovada e usuário criado: lorivalnlopes
[2026-01-12 19:03:34] [SUCCESS] [create_user_start] User: admin | Pré-matrícula ID: 266 | Details: Iniciando para gilliardsilvadesousa@gmail.com no polo ava
[2026-01-12 19:03:34] [SUCCESS] [creating_new_user] User: admin | Pré-matrícula ID: 266 | Details: Criando usuário: gilliardsilvadesousa
[2026-01-12 19:03:34] [SUCCESS] [moodle_create_user_attempt] User: admin | Details: Criando usuário: gilliardsilvadesousa para email: gilliardsilvadesousa@gmail.com
[2026-01-12 19:03:34] [SUCCESS] [moodle_create_user_success] User: admin | Details: Usuário criado com sucesso: gilliardsilvadesousa (ID: 229)
[2026-01-12 19:03:34] [SUCCESS] [enrollment_success] User: admin | Details: Usuário 229 matriculado no curso 283
[2026-01-12 19:03:34] [SUCCESS] [credentials_saved] User: admin | Pré-matrícula ID: 266 | Details: Credenciais salvas: gilliardsilvadesousa
[2026-01-12 19:03:38] [SUCCESS] [approval_complete] User: admin | Pré-matrícula ID: 266 | Details: Pré-matrícula aprovada e usuário criado: gilliardsilvadesousa
[2026-01-12 20:01:52] [SUCCESS] [create_user_start] User: admin | Pré-matrícula ID: 267 | Details: Iniciando para soaresjamilli286@gmail.com no polo ava
[2026-01-12 20:01:53] [SUCCESS] [creating_new_user] User: admin | Pré-matrícula ID: 267 | Details: Criando usuário: soaresjamilli286
[2026-01-12 20:01:53] [SUCCESS] [moodle_create_user_attempt] User: admin | Details: Criando usuário: soaresjamilli286 para email: soaresjamilli286@gmail.com
[2026-01-12 20:01:53] [SUCCESS] [moodle_create_user_success] User: admin | Details: Usuário criado com sucesso: soaresjamilli286 (ID: 230)
[2026-01-12 20:01:53] [SUCCESS] [enrollment_success] User: admin | Details: Usuário 230 matriculado no curso 283
[2026-01-12 20:01:53] [SUCCESS] [credentials_saved] User: admin | Pré-matrícula ID: 267 | Details: Credenciais salvas: soaresjamilli286
[2026-01-12 20:01:56] [SUCCESS] [approval_complete] User: admin | Pré-matrícula ID: 267 | Details: Pré-matrícula aprovada e usuário criado: soaresjamilli286
[2026-01-12 20:06:45] [SUCCESS] [create_user_start] User: admin | Pré-matrícula ID: 268 | Details: Iniciando para sandyellen.camara@gmail.com no polo ava
[2026-01-12 20:06:45] [SUCCESS] [creating_new_user] User: admin | Pré-matrícula ID: 268 | Details: Criando usuário: sandyellencamara
[2026-01-12 20:06:45] [SUCCESS] [moodle_create_user_attempt] User: admin | Details: Criando usuário: sandyellencamara para email: sandyellen.camara@gmail.com
[2026-01-12 20:06:45] [SUCCESS] [moodle_create_user_success] User: admin | Details: Usuário criado com sucesso: sandyellencamara (ID: 231)
[2026-01-12 20:06:45] [SUCCESS] [enrollment_success] User: admin | Details: Usuário 231 matriculado no curso 282
[2026-01-12 20:06:45] [SUCCESS] [credentials_saved] User: admin | Pré-matrícula ID: 268 | Details: Credenciais salvas: sandyellencamara
[2026-01-12 20:06:48] [SUCCESS] [approval_complete] User: admin | Pré-matrícula ID: 268 | Details: Pré-matrícula aprovada e usuário criado: sandyellencamara
[2026-01-12 20:33:53] [SUCCESS] [create_user_start] User: admin | Pré-matrícula ID: 269 | Details: Iniciando para Nanahaparecida802@gmail.com no polo ava
[2026-01-12 20:33:54] [SUCCESS] [creating_new_user] User: admin | Pré-matrícula ID: 269 | Details: Criando usuário: nanahaparecida802
[2026-01-12 20:33:54] [SUCCESS] [moodle_create_user_attempt] User: admin | Details: Criando usuário: nanahaparecida802 para email: nanahaparecida802@gmail.com
[2026-01-12 20:33:54] [SUCCESS] [moodle_create_user_success] User: admin | Details: Usuário criado com sucesso: nanahaparecida802 (ID: 232)
[2026-01-12 20:33:54] [SUCCESS] [enrollment_success] User: admin | Details: Usuário 232 matriculado no curso 283
[2026-01-12 20:33:54] [SUCCESS] [credentials_saved] User: admin | Pré-matrícula ID: 269 | Details: Credenciais salvas: nanahaparecida802
[2026-01-12 20:33:56] [SUCCESS] [approval_complete] User: admin | Pré-matrícula ID: 269 | Details: Pré-matrícula aprovada e usuário criado: nanahaparecida802
[2026-01-12 20:41:51] [SUCCESS] [create_user_start] User: admin | Pré-matrícula ID: 270 | Details: Iniciando para zazasaroni@gmail.com no polo ava
[2026-01-12 20:41:51] [SUCCESS] [creating_new_user] User: admin | Pré-matrícula ID: 270 | Details: Criando usuário: zazasaroni
[2026-01-12 20:41:51] [SUCCESS] [moodle_create_user_attempt] User: admin | Details: Criando usuário: zazasaroni para email: zazasaroni@gmail.com
[2026-01-12 20:41:51] [SUCCESS] [moodle_create_user_success] User: admin | Details: Usuário criado com sucesso: zazasaroni (ID: 233)
[2026-01-12 20:41:51] [SUCCESS] [enrollment_success] User: admin | Details: Usuário 233 matriculado no curso 283
[2026-01-12 20:41:51] [SUCCESS] [credentials_saved] User: admin | Pré-matrícula ID: 270 | Details: Credenciais salvas: zazasaroni
[2026-01-12 20:41:54] [SUCCESS] [approval_complete] User: admin | Pré-matrícula ID: 270 | Details: Pré-matrícula aprovada e usuário criado: zazasaroni
[2026-01-12 20:45:10] [SUCCESS] [create_user_start] User: admin | Pré-matrícula ID: 271 | Details: Iniciando para mariaantoniadasilva661@gmail.com no polo ava
[2026-01-12 20:45:10] [SUCCESS] [creating_new_user] User: admin | Pré-matrícula ID: 271 | Details: Criando usuário: mariaantoniadasilva661
[2026-01-12 20:45:10] [SUCCESS] [moodle_create_user_attempt] User: admin | Details: Criando usuário: mariaantoniadasilva661 para email: mariaantoniadasilva661@gmail.com
[2026-01-12 20:45:10] [SUCCESS] [moodle_create_user_success] User: admin | Details: Usuário criado com sucesso: mariaantoniadasilva661 (ID: 234)
[2026-01-12 20:45:10] [SUCCESS] [enrollment_success] User: admin | Details: Usuário 234 matriculado no curso 283
[2026-01-12 20:45:10] [SUCCESS] [credentials_saved] User: admin | Pré-matrícula ID: 271 | Details: Credenciais salvas: mariaantoniadasilva661
[2026-01-12 20:45:13] [SUCCESS] [approval_complete] User: admin | Pré-matrícula ID: 271 | Details: Pré-matrícula aprovada e usuário criado: mariaantoniadasilva661
[2026-01-13 11:49:10] [SUCCESS] [create_user_start] User: admin | Pré-matrícula ID: 272 | Details: Iniciando para Geovanecesariodealmeidacesario@gmail.com no polo ava
[2026-01-13 11:49:10] [SUCCESS] [creating_new_user] User: admin | Pré-matrícula ID: 272 | Details: Criando usuário: geovanecesariodealmeidace
[2026-01-13 11:49:10] [SUCCESS] [moodle_create_user_attempt] User: admin | Details: Criando usuário: geovanecesariodealmeidace para email: geovanecesariodealmeidacesario@gmail.com
[2026-01-13 11:49:11] [SUCCESS] [moodle_create_user_success] User: admin | Details: Usuário criado com sucesso: geovanecesariodealmeidace (ID: 235)
[2026-01-13 11:49:11] [SUCCESS] [enrollment_success] User: admin | Details: Usuário 235 matriculado no curso 283
[2026-01-13 11:49:11] [SUCCESS] [credentials_saved] User: admin | Pré-matrícula ID: 272 | Details: Credenciais salvas: geovanecesariodealmeidace
[2026-01-13 11:49:14] [SUCCESS] [approval_complete] User: admin | Pré-matrícula ID: 272 | Details: Pré-matrícula aprovada e usuário criado: geovanecesariodealmeidace
[2026-01-13 14:17:25] [SUCCESS] [create_user_start] User: admin | Pré-matrícula ID: 273 | Details: Iniciando para nathanycruz@hotmail.com no polo ava
[2026-01-13 14:17:25] [SUCCESS] [creating_new_user] User: admin | Pré-matrícula ID: 273 | Details: Criando usuário: nathanycruz
[2026-01-13 14:17:25] [SUCCESS] [moodle_create_user_attempt] User: admin | Details: Criando usuário: nathanycruz para email: nathanycruz@hotmail.com
[2026-01-13 14:17:25] [SUCCESS] [moodle_create_user_success] User: admin | Details: Usuário criado com sucesso: nathanycruz (ID: 236)
[2026-01-13 14:17:25] [SUCCESS] [enrollment_success] User: admin | Details: Usuário 236 matriculado no curso 283
[2026-01-13 14:17:25] [SUCCESS] [credentials_saved] User: admin | Pré-matrícula ID: 273 | Details: Credenciais salvas: nathanycruz
[2026-01-13 14:17:29] [SUCCESS] [approval_complete] User: admin | Pré-matrícula ID: 273 | Details: Pré-matrícula aprovada e usuário criado: nathanycruz
[2026-01-13 14:19:39] [SUCCESS] [create_user_start] User: admin | Pré-matrícula ID: 274 | Details: Iniciando para leandrocampos012@gmail.com no polo ava
[2026-01-13 14:19:39] [SUCCESS] [creating_new_user] User: admin | Pré-matrícula ID: 274 | Details: Criando usuário: leandrocampos012
[2026-01-13 14:19:39] [SUCCESS] [moodle_create_user_attempt] User: admin | Details: Criando usuário: leandrocampos012 para email: leandrocampos012@gmail.com
[2026-01-13 14:19:39] [SUCCESS] [moodle_create_user_success] User: admin | Details: Usuário criado com sucesso: leandrocampos012 (ID: 237)
[2026-01-13 14:19:39] [SUCCESS] [enrollment_success] User: admin | Details: Usuário 237 matriculado no curso 283
[2026-01-13 14:19:39] [SUCCESS] [credentials_saved] User: admin | Pré-matrícula ID: 274 | Details: Credenciais salvas: leandrocampos012
[2026-01-13 14:19:44] [SUCCESS] [approval_complete] User: admin | Pré-matrícula ID: 274 | Details: Pré-matrícula aprovada e usuário criado: leandrocampos012
[2026-01-13 14:27:24] [SUCCESS] [create_user_start] User: admin | Pré-matrícula ID: 275 | Details: Iniciando para Ferrazdany8@gmail.com no polo ava
[2026-01-13 14:27:24] [SUCCESS] [creating_new_user] User: admin | Pré-matrícula ID: 275 | Details: Criando usuário: ferrazdany8
[2026-01-13 14:27:24] [SUCCESS] [moodle_create_user_attempt] User: admin | Details: Criando usuário: ferrazdany8 para email: ferrazdany8@gmail.com
[2026-01-13 14:27:24] [SUCCESS] [moodle_create_user_success] User: admin | Details: Usuário criado com sucesso: ferrazdany8 (ID: 238)
[2026-01-13 14:27:25] [SUCCESS] [enrollment_success] User: admin | Details: Usuário 238 matriculado no curso 283
[2026-01-13 14:27:25] [SUCCESS] [credentials_saved] User: admin | Pré-matrícula ID: 275 | Details: Credenciais salvas: ferrazdany8
[2026-01-13 14:27:27] [SUCCESS] [approval_complete] User: admin | Pré-matrícula ID: 275 | Details: Pré-matrícula aprovada e usuário criado: ferrazdany8
[2026-01-13 14:50:53] [SUCCESS] [create_user_start] User: admin | Pré-matrícula ID: 276 | Details: Iniciando para dionybravo.poseidon@gmail.com no polo ava
[2026-01-13 14:50:53] [SUCCESS] [creating_new_user] User: admin | Pré-matrícula ID: 276 | Details: Criando usuário: dionybravoposeidon
[2026-01-13 14:50:53] [SUCCESS] [moodle_create_user_attempt] User: admin | Details: Criando usuário: dionybravoposeidon para email: dionybravo.poseidon@gmail.com
[2026-01-13 14:50:53] [SUCCESS] [moodle_create_user_success] User: admin | Details: Usuário criado com sucesso: dionybravoposeidon (ID: 239)
[2026-01-13 14:50:54] [SUCCESS] [enrollment_success] User: admin | Details: Usuário 239 matriculado no curso 282
[2026-01-13 14:50:54] [SUCCESS] [credentials_saved] User: admin | Pré-matrícula ID: 276 | Details: Credenciais salvas: dionybravoposeidon
[2026-01-13 14:50:56] [SUCCESS] [create_user_start] User: admin | Pré-matrícula ID: 276 | Details: Iniciando para dionybravo.poseidon@gmail.com no polo ava
[2026-01-13 14:50:56] [SUCCESS] [approval_complete] User: admin | Pré-matrícula ID: 276 | Details: Pré-matrícula aprovada e usuário criado: dionybravoposeidon
[2026-01-13 14:50:56] [SUCCESS] [update_password] User: admin | Details: Senha atualizada para usuário ID 239
[2026-01-13 14:50:56] [SUCCESS] [user_exists] User: admin | Pré-matrícula ID: 276 | Details: Reutilizando usuário: dionybravoposeidon (ID: 239)
[2026-01-13 14:50:56] [SUCCESS] [enrollment_success] User: admin | Details: Usuário 239 matriculado no curso 282
[2026-01-13 14:50:56] [SUCCESS] [credentials_saved] User: admin | Pré-matrícula ID: 276 | Details: Credenciais salvas: dionybravoposeidon
[2026-01-13 14:51:00] [SUCCESS] [approval_complete] User: admin | Pré-matrícula ID: 276 | Details: Pré-matrícula aprovada e usuário criado: dionybravoposeidon
[2026-01-13 14:56:43] [SUCCESS] [rejection] User: admin | Pré-matrícula ID: 277 | Details: Pré-matrícula rejeitada: sd
[2026-01-13 14:58:25] [SUCCESS] [create_user_start] User: admin | Pré-matrícula ID: 277 | Details: Iniciando para marcielycoelho@gmail.com no polo ava
[2026-01-13 14:58:25] [SUCCESS] [creating_new_user] User: admin | Pré-matrícula ID: 277 | Details: Criando usuário: marcielycoelho
[2026-01-13 14:58:25] [SUCCESS] [moodle_create_user_attempt] User: admin | Details: Criando usuário: marcielycoelho para email: marcielycoelho@gmail.com
[2026-01-13 14:58:25] [SUCCESS] [moodle_create_user_success] User: admin | Details: Usuário criado com sucesso: marcielycoelho (ID: 240)
[2026-01-13 14:58:25] [SUCCESS] [enrollment_success] User: admin | Details: Usuário 240 matriculado no curso 282
[2026-01-13 14:58:25] [SUCCESS] [credentials_saved] User: admin | Pré-matrícula ID: 277 | Details: Credenciais salvas: marcielycoelho
[2026-01-13 14:58:27] [SUCCESS] [approval_complete] User: admin | Pré-matrícula ID: 277 | Details: Pré-matrícula aprovada e usuário criado: marcielycoelho
[2026-01-13 15:07:41] [SUCCESS] [create_user_start] User: admin | Pré-matrícula ID: 278 | Details: Iniciando para felipejunior.sd37@gmail.com no polo ava
[2026-01-13 15:07:41] [SUCCESS] [creating_new_user] User: admin | Pré-matrícula ID: 278 | Details: Criando usuário: felipejuniorsd37
[2026-01-13 15:07:41] [SUCCESS] [moodle_create_user_attempt] User: admin | Details: Criando usuário: felipejuniorsd37 para email: felipejunior.sd37@gmail.com
[2026-01-13 15:07:41] [SUCCESS] [moodle_create_user_success] User: admin | Details: Usuário criado com sucesso: felipejuniorsd37 (ID: 241)
[2026-01-13 15:07:42] [SUCCESS] [enrollment_success] User: admin | Details: Usuário 241 matriculado no curso 282
[2026-01-13 15:07:42] [SUCCESS] [credentials_saved] User: admin | Pré-matrícula ID: 278 | Details: Credenciais salvas: felipejuniorsd37
[2026-01-13 15:07:43] [SUCCESS] [create_user_start] User: admin | Pré-matrícula ID: 278 | Details: Iniciando para felipejunior.sd37@gmail.com no polo ava
[2026-01-13 15:07:43] [SUCCESS] [update_password] User: admin | Details: Senha atualizada para usuário ID 241
[2026-01-13 15:07:43] [SUCCESS] [user_exists] User: admin | Pré-matrícula ID: 278 | Details: Reutilizando usuário: felipejuniorsd37 (ID: 241)
[2026-01-13 15:07:43] [SUCCESS] [enrollment_success] User: admin | Details: Usuário 241 matriculado no curso 282
[2026-01-13 15:07:43] [SUCCESS] [credentials_saved] User: admin | Pré-matrícula ID: 278 | Details: Credenciais salvas: felipejuniorsd37
[2026-01-13 15:07:45] [SUCCESS] [approval_complete] User: admin | Pré-matrícula ID: 278 | Details: Pré-matrícula aprovada e usuário criado: felipejuniorsd37
[2026-01-13 15:07:48] [SUCCESS] [approval_complete] User: admin | Pré-matrícula ID: 278 | Details: Pré-matrícula aprovada e usuário criado: felipejuniorsd37
[2026-01-13 15:18:10] [SUCCESS] [create_user_start] User: admin | Pré-matrícula ID: 279 | Details: Iniciando para christinasodre19@gmail.com no polo ava
[2026-01-13 15:18:10] [SUCCESS] [creating_new_user] User: admin | Pré-matrícula ID: 279 | Details: Criando usuário: christinasodre19
[2026-01-13 15:18:10] [SUCCESS] [moodle_create_user_attempt] User: admin | Details: Criando usuário: christinasodre19 para email: christinasodre19@gmail.com
[2026-01-13 15:18:10] [SUCCESS] [moodle_create_user_success] User: admin | Details: Usuário criado com sucesso: christinasodre19 (ID: 242)
[2026-01-13 15:18:10] [SUCCESS] [enrollment_success] User: admin | Details: Usuário 242 matriculado no curso 283
[2026-01-13 15:18:10] [SUCCESS] [credentials_saved] User: admin | Pré-matrícula ID: 279 | Details: Credenciais salvas: christinasodre19
[2026-01-13 15:18:14] [SUCCESS] [approval_complete] User: admin | Pré-matrícula ID: 279 | Details: Pré-matrícula aprovada e usuário criado: christinasodre19
[2026-01-13 15:56:34] [SUCCESS] [create_user_start] User: admin | Pré-matrícula ID: 280 | Details: Iniciando para reginaldoandrade170@icloud.com no polo ava
[2026-01-13 15:56:35] [SUCCESS] [creating_new_user] User: admin | Pré-matrícula ID: 280 | Details: Criando usuário: reginaldoandrade170
[2026-01-13 15:56:35] [SUCCESS] [moodle_create_user_attempt] User: admin | Details: Criando usuário: reginaldoandrade170 para email: reginaldoandrade170@icloud.com
[2026-01-13 15:56:35] [SUCCESS] [moodle_create_user_success] User: admin | Details: Usuário criado com sucesso: reginaldoandrade170 (ID: 243)
[2026-01-13 15:56:35] [SUCCESS] [enrollment_success] User: admin | Details: Usuário 243 matriculado no curso 285
[2026-01-13 15:56:35] [SUCCESS] [credentials_saved] User: admin | Pré-matrícula ID: 280 | Details: Credenciais salvas: reginaldoandrade170
[2026-01-13 15:56:37] [SUCCESS] [approval_complete] User: admin | Pré-matrícula ID: 280 | Details: Pré-matrícula aprovada e usuário criado: reginaldoandrade170
[2026-01-13 17:13:38] [SUCCESS] [create_user_start] User: admin | Pré-matrícula ID: 281 | Details: Iniciando para sapaofabricio@hotmail.com no polo ava
[2026-01-13 17:13:38] [SUCCESS] [creating_new_user] User: admin | Pré-matrícula ID: 281 | Details: Criando usuário: sapaofabricio
[2026-01-13 17:13:38] [SUCCESS] [moodle_create_user_attempt] User: admin | Details: Criando usuário: sapaofabricio para email: sapaofabricio@hotmail.com
[2026-01-13 17:13:38] [SUCCESS] [moodle_create_user_success] User: admin | Details: Usuário criado com sucesso: sapaofabricio (ID: 244)
[2026-01-13 17:13:38] [SUCCESS] [enrollment_success] User: admin | Details: Usuário 244 matriculado no curso 285
[2026-01-13 17:13:38] [SUCCESS] [credentials_saved] User: admin | Pré-matrícula ID: 281 | Details: Credenciais salvas: sapaofabricio
[2026-01-13 17:13:40] [SUCCESS] [create_user_start] User: admin | Pré-matrícula ID: 281 | Details: Iniciando para sapaofabricio@hotmail.com no polo ava
[2026-01-13 17:13:40] [SUCCESS] [update_password] User: admin | Details: Senha atualizada para usuário ID 244
[2026-01-13 17:13:40] [SUCCESS] [user_exists] User: admin | Pré-matrícula ID: 281 | Details: Reutilizando usuário: sapaofabricio (ID: 244)
[2026-01-13 17:13:40] [SUCCESS] [enrollment_success] User: admin | Details: Usuário 244 matriculado no curso 285
[2026-01-13 17:13:40] [SUCCESS] [credentials_saved] User: admin | Pré-matrícula ID: 281 | Details: Credenciais salvas: sapaofabricio
[2026-01-13 17:13:42] [SUCCESS] [approval_complete] User: admin | Pré-matrícula ID: 281 | Details: Pré-matrícula aprovada e usuário criado: sapaofabricio
[2026-01-13 17:13:43] [SUCCESS] [approval_complete] User: admin | Pré-matrícula ID: 281 | Details: Pré-matrícula aprovada e usuário criado: sapaofabricio
[2026-01-13 20:01:05] [SUCCESS] [create_user_start] User: admin | Pré-matrícula ID: 282 | Details: Iniciando para neia_bq@hotmail.com no polo ava
[2026-01-13 20:01:06] [SUCCESS] [creating_new_user] User: admin | Pré-matrícula ID: 282 | Details: Criando usuário: neiabq
[2026-01-13 20:01:06] [SUCCESS] [moodle_create_user_attempt] User: admin | Details: Criando usuário: neiabq para email: neia_bq@hotmail.com
[2026-01-13 20:01:06] [SUCCESS] [moodle_create_user_success] User: admin | Details: Usuário criado com sucesso: neiabq (ID: 245)
[2026-01-13 20:01:06] [SUCCESS] [enrollment_success] User: admin | Details: Usuário 245 matriculado no curso 283
[2026-01-13 20:01:06] [SUCCESS] [credentials_saved] User: admin | Pré-matrícula ID: 282 | Details: Credenciais salvas: neiabq
[2026-01-13 20:01:09] [SUCCESS] [approval_complete] User: admin | Pré-matrícula ID: 282 | Details: Pré-matrícula aprovada e usuário criado: neiabq
[2026-01-13 20:07:10] [SUCCESS] [create_user_start] User: admin | Pré-matrícula ID: 283 | Details: Iniciando para eversonpaiva87@gmail.com no polo ava
[2026-01-13 20:07:10] [SUCCESS] [creating_new_user] User: admin | Pré-matrícula ID: 283 | Details: Criando usuário: eversonpaiva87
[2026-01-13 20:07:10] [SUCCESS] [moodle_create_user_attempt] User: admin | Details: Criando usuário: eversonpaiva87 para email: eversonpaiva87@gmail.com
[2026-01-13 20:07:10] [SUCCESS] [moodle_create_user_success] User: admin | Details: Usuário criado com sucesso: eversonpaiva87 (ID: 246)
[2026-01-13 20:07:10] [SUCCESS] [enrollment_success] User: admin | Details: Usuário 246 matriculado no curso 283
[2026-01-13 20:07:10] [SUCCESS] [credentials_saved] User: admin | Pré-matrícula ID: 283 | Details: Credenciais salvas: eversonpaiva87
[2026-01-13 20:07:15] [SUCCESS] [approval_complete] User: admin | Pré-matrícula ID: 283 | Details: Pré-matrícula aprovada e usuário criado: eversonpaiva87
[2026-01-14 12:51:00] [SUCCESS] [create_user_start] User: admin | Pré-matrícula ID: 284 | Details: Iniciando para celestesouza21@icloud.com no polo ava
[2026-01-14 12:51:00] [SUCCESS] [creating_new_user] User: admin | Pré-matrícula ID: 284 | Details: Criando usuário: celestesouza21
[2026-01-14 12:51:00] [SUCCESS] [moodle_create_user_attempt] User: admin | Details: Criando usuário: celestesouza21 para email: celestesouza21@icloud.com
[2026-01-14 12:51:01] [SUCCESS] [moodle_create_user_success] User: admin | Details: Usuário criado com sucesso: celestesouza21 (ID: 247)
[2026-01-14 12:51:03] [SUCCESS] [enrollment_success] User: admin | Details: Usuário 247 matriculado no curso 2
[2026-01-14 12:51:03] [SUCCESS] [enrollment_success] User: admin | Details: Usuário 247 matriculado no curso 4
[2026-01-14 12:51:03] [SUCCESS] [enrollment_success] User: admin | Details: Usuário 247 matriculado no curso 5
[2026-01-14 12:51:03] [SUCCESS] [enrollment_success] User: admin | Details: Usuário 247 matriculado no curso 6
[2026-01-14 12:51:04] [SUCCESS] [enrollment_success] User: admin | Details: Usuário 247 matriculado no curso 7
[2026-01-14 12:51:04] [SUCCESS] [enrollment_success] User: admin | Details: Usuário 247 matriculado no curso 8
[2026-01-14 12:51:04] [SUCCESS] [enrollment_success] User: admin | Details: Usuário 247 matriculado no curso 9
[2026-01-14 12:51:04] [SUCCESS] [enrollment_success] User: admin | Details: Usuário 247 matriculado no curso 10
[2026-01-14 12:51:04] [SUCCESS] [enrollment_success] User: admin | Details: Usuário 247 matriculado no curso 280
[2026-01-14 12:51:04] [SUCCESS] [enrollment_success] User: admin | Details: Usuário 247 matriculado no curso 281
[2026-01-14 12:51:05] [SUCCESS] [enrollment_success] User: admin | Details: Usuário 247 matriculado no curso 11
[2026-01-14 12:51:05] [SUCCESS] [enrollment_success] User: admin | Details: Usuário 247 matriculado no curso 12
[2026-01-14 12:51:05] [SUCCESS] [enrollment_success] User: admin | Details: Usuário 247 matriculado no curso 13
[2026-01-14 12:51:05] [SUCCESS] [enrollment_success] User: admin | Details: Usuário 247 matriculado no curso 14
[2026-01-14 12:51:05] [SUCCESS] [enrollment_success] User: admin | Details: Usuário 247 matriculado no curso 15
[2026-01-14 12:51:05] [SUCCESS] [enrollment_success] User: admin | Details: Usuário 247 matriculado no curso 16
[2026-01-14 12:51:05] [SUCCESS] [enrollment_success] User: admin | Details: Usuário 247 matriculado no curso 17
[2026-01-14 12:51:05] [SUCCESS] [enrollment_success] User: admin | Details: Usuário 247 matriculado no curso 18
[2026-01-14 12:51:05] [SUCCESS] [enrollment_success] User: admin | Details: Usuário 247 matriculado no curso 19
[2026-01-14 12:51:05] [SUCCESS] [enrollment_success] User: admin | Details: Usuário 247 matriculado no curso 21
[2026-01-14 12:51:05] [SUCCESS] [enrollment_success] User: admin | Details: Usuário 247 matriculado no curso 22
[2026-01-14 12:51:05] [SUCCESS] [credentials_saved] User: admin | Pré-matrícula ID: 284 | Details: Credenciais salvas: celestesouza21
[2026-01-14 12:51:08] [SUCCESS] [approval_complete] User: admin | Pré-matrícula ID: 284 | Details: Pré-matrícula aprovada e usuário criado: celestesouza21
[2026-01-14 17:46:21] [SUCCESS] [create_user_start] User: admin | Pré-matrícula ID: 285 | Details: Iniciando para lucianamoreiradossantos86@gmail.com no polo ava
[2026-01-14 17:46:21] [SUCCESS] [creating_new_user] User: admin | Pré-matrícula ID: 285 | Details: Criando usuário: lucianamoreiradossantos86
[2026-01-14 17:46:21] [SUCCESS] [moodle_create_user_attempt] User: admin | Details: Criando usuário: lucianamoreiradossantos86 para email: lucianamoreiradossantos86@gmail.com
[2026-01-14 17:46:21] [SUCCESS] [moodle_create_user_success] User: admin | Details: Usuário criado com sucesso: lucianamoreiradossantos86 (ID: 248)
[2026-01-14 17:46:21] [SUCCESS] [enrollment_success] User: admin | Details: Usuário 248 matriculado no curso 283
[2026-01-14 17:46:21] [SUCCESS] [credentials_saved] User: admin | Pré-matrícula ID: 285 | Details: Credenciais salvas: lucianamoreiradossantos86
[2026-01-14 17:46:25] [SUCCESS] [approval_complete] User: admin | Pré-matrícula ID: 285 | Details: Pré-matrícula aprovada e usuário criado: lucianamoreiradossantos86
[2026-01-14 17:56:41] [SUCCESS] [create_user_start] User: admin | Pré-matrícula ID: 286 | Details: Iniciando para fabriciarodrigues482@gmail.com no polo ava
[2026-01-14 17:56:41] [SUCCESS] [creating_new_user] User: admin | Pré-matrícula ID: 286 | Details: Criando usuário: fabriciarodrigues482
[2026-01-14 17:56:41] [SUCCESS] [moodle_create_user_attempt] User: admin | Details: Criando usuário: fabriciarodrigues482 para email: fabriciarodrigues482@gmail.com
[2026-01-14 17:56:41] [SUCCESS] [moodle_create_user_success] User: admin | Details: Usuário criado com sucesso: fabriciarodrigues482 (ID: 249)
[2026-01-14 17:56:41] [SUCCESS] [enrollment_success] User: admin | Details: Usuário 249 matriculado no curso 283
[2026-01-14 17:56:41] [SUCCESS] [credentials_saved] User: admin | Pré-matrícula ID: 286 | Details: Credenciais salvas: fabriciarodrigues482
[2026-01-14 17:56:43] [SUCCESS] [approval_complete] User: admin | Pré-matrícula ID: 286 | Details: Pré-matrícula aprovada e usuário criado: fabriciarodrigues482
[2026-01-14 18:34:38] [SUCCESS] [create_user_start] User: admin | Pré-matrícula ID: 287 | Details: Iniciando para silvarafaelrsfs@gmail.com no polo ava
[2026-01-14 18:34:38] [SUCCESS] [creating_new_user] User: admin | Pré-matrícula ID: 287 | Details: Criando usuário: silvarafaelrsfs
[2026-01-14 18:34:38] [SUCCESS] [moodle_create_user_attempt] User: admin | Details: Criando usuário: silvarafaelrsfs para email: silvarafaelrsfs@gmail.com
[2026-01-14 18:34:38] [SUCCESS] [moodle_create_user_success] User: admin | Details: Usuário criado com sucesso: silvarafaelrsfs (ID: 250)
[2026-01-14 18:34:39] [SUCCESS] [enrollment_success] User: admin | Details: Usuário 250 matriculado no curso 285
[2026-01-14 18:34:39] [SUCCESS] [credentials_saved] User: admin | Pré-matrícula ID: 287 | Details: Credenciais salvas: silvarafaelrsfs
[2026-01-14 18:34:41] [SUCCESS] [approval_complete] User: admin | Pré-matrícula ID: 287 | Details: Pré-matrícula aprovada e usuário criado: silvarafaelrsfs
[2026-01-14 19:11:40] [SUCCESS] [create_user_start] User: admin | Pré-matrícula ID: 288 | Details: Iniciando para antonyvini56@gmail.com no polo ava
[2026-01-14 19:11:40] [SUCCESS] [creating_new_user] User: admin | Pré-matrícula ID: 288 | Details: Criando usuário: antonyvini56
[2026-01-14 19:11:40] [SUCCESS] [moodle_create_user_attempt] User: admin | Details: Criando usuário: antonyvini56 para email: antonyvini56@gmail.com
[2026-01-14 19:11:40] [SUCCESS] [moodle_create_user_success] User: admin | Details: Usuário criado com sucesso: antonyvini56 (ID: 251)
[2026-01-14 19:11:40] [SUCCESS] [enrollment_success] User: admin | Details: Usuário 251 matriculado no curso 283
[2026-01-14 19:11:40] [SUCCESS] [credentials_saved] User: admin | Pré-matrícula ID: 288 | Details: Credenciais salvas: antonyvini56
[2026-01-14 19:11:43] [SUCCESS] [approval_complete] User: admin | Pré-matrícula ID: 288 | Details: Pré-matrícula aprovada e usuário criado: antonyvini56
[2026-01-14 19:42:32] [SUCCESS] [create_user_start] User: admin | Pré-matrícula ID: 289 | Details: Iniciando para Elton686silva@gmail.com no polo ava
[2026-01-14 19:42:32] [SUCCESS] [creating_new_user] User: admin | Pré-matrícula ID: 289 | Details: Criando usuário: elton686silva
[2026-01-14 19:42:32] [SUCCESS] [moodle_create_user_attempt] User: admin | Details: Criando usuário: elton686silva para email: elton686silva@gmail.com
[2026-01-14 19:42:32] [SUCCESS] [moodle_create_user_success] User: admin | Details: Usuário criado com sucesso: elton686silva (ID: 252)
[2026-01-14 19:42:32] [SUCCESS] [enrollment_success] User: admin | Details: Usuário 252 matriculado no curso 282
[2026-01-14 19:42:32] [SUCCESS] [credentials_saved] User: admin | Pré-matrícula ID: 289 | Details: Credenciais salvas: elton686silva
[2026-01-14 19:42:35] [SUCCESS] [approval_complete] User: admin | Pré-matrícula ID: 289 | Details: Pré-matrícula aprovada e usuário criado: elton686silva
[2026-01-15 00:08:08] [SUCCESS] [rejection] User: admin | Pré-matrícula ID: 292 | Details: Pré-matrícula rejeitada: EAD
[2026-01-15 00:08:22] [SUCCESS] [rejection] User: admin | Pré-matrícula ID: 291 | Details: Pré-matrícula rejeitada: EAD
[2026-01-15 00:08:39] [SUCCESS] [rejection] User: admin | Pré-matrícula ID: 290 | Details: Pré-matrícula rejeitada: EAD
[2026-01-15 00:09:52] [SUCCESS] [create_user_start] User: admin | Pré-matrícula ID: 261 | Details: Iniciando para ramirofrancilda09@gmail.com no polo ava
[2026-01-15 00:09:52] [SUCCESS] [creating_new_user] User: admin | Pré-matrícula ID: 261 | Details: Criando usuário: ramirofrancilda09
[2026-01-15 00:09:52] [SUCCESS] [moodle_create_user_attempt] User: admin | Details: Criando usuário: ramirofrancilda09 para email: ramirofrancilda09@gmail.com
[2026-01-15 00:09:53] [SUCCESS] [moodle_create_user_success] User: admin | Details: Usuário criado com sucesso: ramirofrancilda09 (ID: 255)
[2026-01-15 00:09:54] [SUCCESS] [enrollment_success] User: admin | Details: Usuário 255 matriculado no curso 112
[2026-01-15 00:09:54] [SUCCESS] [enrollment_success] User: admin | Details: Usuário 255 matriculado no curso 113
[2026-01-15 00:09:54] [SUCCESS] [enrollment_success] User: admin | Details: Usuário 255 matriculado no curso 114
[2026-01-15 00:09:54] [SUCCESS] [enrollment_success] User: admin | Details: Usuário 255 matriculado no curso 116
[2026-01-15 00:09:55] [SUCCESS] [enrollment_success] User: admin | Details: Usuário 255 matriculado no curso 117
[2026-01-15 00:09:55] [SUCCESS] [enrollment_success] User: admin | Details: Usuário 255 matriculado no curso 207
[2026-01-15 00:09:55] [SUCCESS] [enrollment_success] User: admin | Details: Usuário 255 matriculado no curso 218
[2026-01-15 00:09:55] [SUCCESS] [enrollment_success] User: admin | Details: Usuário 255 matriculado no curso 219
[2026-01-15 00:09:55] [SUCCESS] [enrollment_success] User: admin | Details: Usuário 255 matriculado no curso 221
[2026-01-15 00:09:55] [SUCCESS] [enrollment_success] User: admin | Details: Usuário 255 matriculado no curso 222
[2026-01-15 00:09:56] [SUCCESS] [enrollment_success] User: admin | Details: Usuário 255 matriculado no curso 278
[2026-01-15 00:09:56] [SUCCESS] [enrollment_success] User: admin | Details: Usuário 255 matriculado no curso 208
[2026-01-15 00:09:56] [SUCCESS] [enrollment_success] User: admin | Details: Usuário 255 matriculado no curso 210
[2026-01-15 00:09:56] [SUCCESS] [enrollment_success] User: admin | Details: Usuário 255 matriculado no curso 211
[2026-01-15 00:09:56] [SUCCESS] [enrollment_success] User: admin | Details: Usuário 255 matriculado no curso 212
[2026-01-15 00:09:56] [SUCCESS] [enrollment_success] User: admin | Details: Usuário 255 matriculado no curso 214
[2026-01-15 00:09:56] [SUCCESS] [enrollment_success] User: admin | Details: Usuário 255 matriculado no curso 216
[2026-01-15 00:09:57] [SUCCESS] [enrollment_success] User: admin | Details: Usuário 255 matriculado no curso 217
[2026-01-15 00:09:57] [SUCCESS] [enrollment_success] User: admin | Details: Usuário 255 matriculado no curso 279
[2026-01-15 00:09:57] [SUCCESS] [credentials_saved] User: admin | Pré-matrícula ID: 261 | Details: Credenciais salvas: ramirofrancilda09
[2026-01-15 00:10:00] [SUCCESS] [approval_complete] User: admin | Pré-matrícula ID: 261 | Details: Pré-matrícula aprovada e usuário criado: ramirofrancilda09
[2026-01-15 16:50:02] [SUCCESS] [create_user_start] User: admin | Pré-matrícula ID: 293 | Details: Iniciando para Lorenastephanny9@gmail.com no polo ava
[2026-01-15 16:50:02] [SUCCESS] [creating_new_user] User: admin | Pré-matrícula ID: 293 | Details: Criando usuário: lorenastephanny9
[2026-01-15 16:50:02] [SUCCESS] [moodle_create_user_attempt] User: admin | Details: Criando usuário: lorenastephanny9 para email: lorenastephanny9@gmail.com
[2026-01-15 16:50:02] [SUCCESS] [moodle_create_user_success] User: admin | Details: Usuário criado com sucesso: lorenastephanny9 (ID: 256)
[2026-01-15 16:50:02] [SUCCESS] [enrollment_success] User: admin | Details: Usuário 256 matriculado no curso 283
[2026-01-15 16:50:02] [SUCCESS] [credentials_saved] User: admin | Pré-matrícula ID: 293 | Details: Credenciais salvas: lorenastephanny9
[2026-01-15 16:50:06] [SUCCESS] [approval_complete] User: admin | Pré-matrícula ID: 293 | Details: Pré-matrícula aprovada e usuário criado: lorenastephanny9
[2026-01-15 17:53:10] [SUCCESS] [create_user_start] User: admin | Pré-matrícula ID: 294 | Details: Iniciando para Juliocesarb278@gmail.com no polo ava
[2026-01-15 17:53:11] [SUCCESS] [creating_new_user] User: admin | Pré-matrícula ID: 294 | Details: Criando usuário: juliocesarb278
[2026-01-15 17:53:11] [SUCCESS] [moodle_create_user_attempt] User: admin | Details: Criando usuário: juliocesarb278 para email: juliocesarb278@gmail.com
[2026-01-15 17:53:11] [SUCCESS] [moodle_create_user_success] User: admin | Details: Usuário criado com sucesso: juliocesarb278 (ID: 257)
[2026-01-15 17:53:11] [SUCCESS] [enrollment_success] User: admin | Details: Usuário 257 matriculado no curso 285
[2026-01-15 17:53:11] [SUCCESS] [credentials_saved] User: admin | Pré-matrícula ID: 294 | Details: Credenciais salvas: juliocesarb278
[2026-01-15 17:53:13] [SUCCESS] [approval_complete] User: admin | Pré-matrícula ID: 294 | Details: Pré-matrícula aprovada e usuário criado: juliocesarb278
[2026-01-15 19:21:54] [SUCCESS] [create_user_start] User: admin | Pré-matrícula ID: 295 | Details: Iniciando para Danieldiasmoraes1@gmail.com no polo ava
[2026-01-15 19:21:54] [SUCCESS] [creating_new_user] User: admin | Pré-matrícula ID: 295 | Details: Criando usuário: danieldiasmoraes1
[2026-01-15 19:21:54] [SUCCESS] [moodle_create_user_attempt] User: admin | Details: Criando usuário: danieldiasmoraes1 para email: danieldiasmoraes1@gmail.com
[2026-01-15 19:21:54] [SUCCESS] [moodle_create_user_success] User: admin | Details: Usuário criado com sucesso: danieldiasmoraes1 (ID: 259)
[2026-01-15 19:21:54] [SUCCESS] [enrollment_success] User: admin | Details: Usuário 259 matriculado no curso 283
[2026-01-15 19:21:54] [SUCCESS] [credentials_saved] User: admin | Pré-matrícula ID: 295 | Details: Credenciais salvas: danieldiasmoraes1
[2026-01-15 19:21:56] [SUCCESS] [approval_complete] User: admin | Pré-matrícula ID: 295 | Details: Pré-matrícula aprovada e usuário criado: danieldiasmoraes1
[2026-01-15 21:00:50] [SUCCESS] [create_user_start] User: admin | Pré-matrícula ID: 296 | Details: Iniciando para diretor@magalhaes-edu.com.br no polo ava
[2026-01-15 21:00:50] [SUCCESS] [update_password] User: admin | Details: Senha atualizada para usuário ID 55
[2026-01-15 21:00:50] [SUCCESS] [user_exists] User: admin | Pré-matrícula ID: 296 | Details: Reutilizando usuário: diretor (ID: 55)
[2026-01-15 21:00:50] [SUCCESS] [enrollment_success] User: admin | Details: Usuário 55 matriculado no curso 283
[2026-01-15 21:00:50] [SUCCESS] [credentials_saved] User: admin | Pré-matrícula ID: 296 | Details: Credenciais salvas: diretor
[2026-01-15 21:00:53] [SUCCESS] [approval_complete] User: admin | Pré-matrícula ID: 296 | Details: Pré-matrícula aprovada e usuário criado: diretor
